Inventory_ID,Product_ID,Batch_ID,Product_Name,Category,Manufacturing_Date,Expiry_Date,Opening_Stock,Production_Qty,Quantity_Sold,Closing_Stock,Warehouse,Stock_Status
INV00001,P014,B202600001,Diclofenac 50mg,Analgesic,2025-11-17,2028-11-16,7833,1319,3467,5685,Hyderabad,Available
INV00002,P012,B202500002,Losartan 50mg,Cardiovascular,2025-06-09,2028-06-08,3344,10918,1475,12787,Kolkata,Available
INV00003,P019,B202600003,Vitamin D3 60000IU,Supplement,2026-04-22,2027-10-14,1057,14509,5149,10417,Kolkata,Available
INV00004,P014,B202500004,Diclofenac 50mg,Analgesic,2025-11-20,2028-11-19,8105,9709,226,17588,Bangalore,Available
INV00005,P009,B202600005,Cetirizine 10mg,Antiallergic,2025-12-04,2026-12-04,1702,14382,9018,7066,Bangalore,Available
INV00006,P011,B202500006,Insulin Glargine,Antidiabetic,2025-02-18,2027-02-18,8424,17518,7178,18764,Delhi,Available
INV00007,P019,B202600007,Vitamin D3 60000IU,Supplement,2026-01-03,2027-06-27,7669,12226,10110,9785,Delhi,Available
INV00008,P018,B202500008,Doxycycline 100mg,Antibiotic,2025-01-27,2026-01-27,1440,11568,8508,4500,Hyderabad,Available
INV00009,P004,B202600009,Metformin 500mg,Antidiabetic,2026-06-01,2029-05-31,6660,10279,5043,11896,Bangalore,Available
INV00010,P004,B202500010,Metformin 500mg,Antidiabetic,2026-06-23,2027-12-15,7193,14372,3713,17852,Hyderabad,Available
INV00011,P014,B202600011,Diclofenac 50mg,Analgesic,2025-02-26,2026-08-20,8937,14515,9171,14281,Bangalore,Available
INV00012,P004,B202500012,Metformin 500mg,Antidiabetic,2025-06-15,2026-12-07,2343,19470,1979,19834,Chennai,Available
INV00013,P012,B202600013,Losartan 50mg,Cardiovascular,2026-01-02,2027-01-02,3422,12524,3589,12357,Chennai,Available
INV00014,P001,B202500014,Paracetamol 500mg,Analgesic,2025-02-13,2027-02-13,6359,1820,7354,825,Bangalore,Low Stock
INV00015,P020,B202600015,Enoxaparin 40mg,Anticoagulant,2026-03-14,2029-03-13,9515,6949,9078,7386,Hyderabad,Available
INV00016,P010,B202500016,Omeprazole 20mg,Gastrointestinal,2025-05-25,2026-11-16,8788,9287,1108,16967,Hyderabad,Available
INV00017,P016,B202600017,Salbutamol Inhaler,Respiratory,2025-11-10,2027-11-10,4596,6563,6675,4484,Delhi,Available
INV00018,P018,B202500018,Doxycycline 100mg,Antibiotic,2026-01-06,2029-01-05,8353,2496,4255,6594,Mumbai,Available
INV00019,P001,B202600019,Paracetamol 500mg,Analgesic,2025-04-19,2028-04-18,3845,3809,2200,5454,Hyderabad,Available
INV00020,P004,B202500020,Metformin 500mg,Antidiabetic,2025-03-02,2028-03-01,8333,10429,7386,11376,Kolkata,Available
INV00021,P017,B202600021,Levothyroxine 50mcg,Endocrine,2025-01-20,2028-01-20,1136,1504,1065,1575,Chennai,Available
INV00022,P002,B202500022,Amoxicillin 500mg,Antibiotic,2025-06-25,2026-12-17,4275,19735,3977,20033,Hyderabad,Available
INV00023,P003,B202600023,Azithromycin 500mg,Antibiotic,2025-04-29,2026-04-29,5950,8990,5976,8964,Chennai,Available
INV00024,P012,B202500024,Losartan 50mg,Cardiovascular,2025-04-04,2026-09-26,3469,16709,3684,16494,Bangalore,Available
INV00025,P015,B202600025,Montelukast 10mg,Respiratory,2025-09-15,2026-09-15,7053,4999,10419,1633,Chennai,Available
INV00026,P008,B202500026,Amlodipine 5mg,Cardiovascular,2025-11-30,2027-11-30,6708,2313,2930,6091,Hyderabad,Available
INV00027,P014,B202600027,Diclofenac 50mg,Analgesic,2025-02-11,2027-02-11,7415,19020,3457,22978,Bangalore,Available
INV00028,P015,B202500028,Montelukast 10mg,Respiratory,2025-01-01,2026-01-01,9910,17389,8491,18808,Kolkata,Available
INV00029,P002,B202600029,Amoxicillin 500mg,Antibiotic,2025-02-23,2026-08-17,725,17878,675,17928,Delhi,Available
INV00030,P018,B202500030,Doxycycline 100mg,Antibiotic,2026-03-17,2027-03-17,4968,11417,9215,7170,Mumbai,Available
INV00031,P006,B202600031,Pantoprazole 40mg,Gastrointestinal,2026-04-23,2029-04-22,5145,1532,3343,3334,Kolkata,Available
INV00032,P020,B202500032,Enoxaparin 40mg,Anticoagulant,2025-08-29,2026-08-29,5936,16784,11341,11379,Bangalore,Available
INV00033,P006,B202600033,Pantoprazole 40mg,Gastrointestinal,2025-10-14,2026-10-14,8921,3131,7983,4069,Kolkata,Available
INV00034,P014,B202500034,Diclofenac 50mg,Analgesic,2026-04-03,2027-09-25,8361,8953,735,16579,Mumbai,Available
INV00035,P007,B202600035,Ibuprofen 400mg,Analgesic,2025-11-09,2027-05-03,4891,9131,3923,10099,Chennai,Available
INV00036,P007,B202500036,Ibuprofen 400mg,Analgesic,2026-04-05,2027-09-27,8717,7936,488,16165,Bangalore,Available
INV00037,P017,B202600037,Levothyroxine 50mcg,Endocrine,2026-06-08,2027-06-08,6220,11913,1605,16528,Mumbai,Available
INV00038,P014,B202500038,Diclofenac 50mg,Analgesic,2026-08-04,2029-08-03,1429,5513,3032,3910,Bangalore,Available
INV00039,P012,B202600039,Losartan 50mg,Cardiovascular,2025-01-06,2026-01-06,948,6614,5764,1798,Hyderabad,Available
INV00040,P020,B202500040,Enoxaparin 40mg,Anticoagulant,2025-06-11,2026-06-11,3687,15214,1279,17622,Bangalore,Available
INV00041,P017,B202600041,Levothyroxine 50mcg,Endocrine,2025-12-22,2027-06-15,7683,17043,4310,20416,Delhi,Available
INV00042,P001,B202500042,Paracetamol 500mg,Analgesic,2025-07-03,2027-07-03,2372,19834,11654,10552,Hyderabad,Available
INV00043,P008,B202600043,Amlodipine 5mg,Cardiovascular,2025-04-24,2027-04-24,1677,8428,5611,4494,Delhi,Available
INV00044,P012,B202500044,Losartan 50mg,Cardiovascular,2025-05-13,2028-05-12,7072,15309,5614,16767,Kolkata,Available
INV00045,P008,B202600045,Amlodipine 5mg,Cardiovascular,2026-04-29,2027-04-29,2849,11008,6671,7186,Chennai,Available
INV00046,P006,B202500046,Pantoprazole 40mg,Gastrointestinal,2026-06-08,2027-11-30,5575,18707,6473,17809,Chennai,Available
INV00047,P019,B202600047,Vitamin D3 60000IU,Supplement,2026-08-08,2028-01-30,4461,4741,4946,4256,Kolkata,Available
INV00048,P010,B202500048,Omeprazole 20mg,Gastrointestinal,2025-07-29,2026-07-29,4202,5497,9474,225,Delhi,Low Stock
INV00049,P003,B202600049,Azithromycin 500mg,Antibiotic,2025-02-10,2028-02-10,9349,15497,1486,23360,Bangalore,Available
INV00050,P004,B202500050,Metformin 500mg,Antidiabetic,2026-03-27,2029-03-26,8460,2841,1731,9570,Kolkata,Available
INV00051,P019,B202600051,Vitamin D3 60000IU,Supplement,2026-03-12,2027-03-12,1151,2056,2219,988,Kolkata,Low Stock
INV00052,P013,B202500052,Ciprofloxacin 500mg,Antibiotic,2025-06-07,2028-06-06,1061,16736,10703,7094,Chennai,Available
INV00053,P018,B202600053,Doxycycline 100mg,Antibiotic,2025-12-18,2027-06-11,3563,18513,8367,13709,Hyderabad,Available
INV00054,P020,B202500054,Enoxaparin 40mg,Anticoagulant,2025-02-05,2027-02-05,2310,13623,4952,10981,Mumbai,Available
INV00055,P014,B202600055,Diclofenac 50mg,Analgesic,2026-03-30,2027-09-21,9978,10471,1924,18525,Bangalore,Available
INV00056,P005,B202500056,Atorvastatin 20mg,Cardiovascular,2026-02-19,2028-02-19,3709,10146,10058,3797,Delhi,Available
INV00057,P002,B202600057,Amoxicillin 500mg,Antibiotic,2025-01-30,2026-07-24,4341,17160,6996,14505,Chennai,Available
INV00058,P012,B202500058,Losartan 50mg,Cardiovascular,2025-07-27,2027-07-27,6404,14684,2271,18817,Delhi,Available
INV00059,P006,B202600059,Pantoprazole 40mg,Gastrointestinal,2026-04-20,2029-04-19,6435,18988,6450,18973,Bangalore,Available
INV00060,P013,B202500060,Ciprofloxacin 500mg,Antibiotic,2026-04-12,2027-04-12,1493,6190,6487,1196,Delhi,Available
INV00061,P020,B202600061,Enoxaparin 40mg,Anticoagulant,2026-06-08,2028-06-07,6951,7289,1084,13156,Mumbai,Available
INV00062,P012,B202500062,Losartan 50mg,Cardiovascular,2025-04-20,2026-04-20,642,14947,10794,4795,Chennai,Available
INV00063,P008,B202600063,Amlodipine 5mg,Cardiovascular,2025-12-23,2028-12-22,6118,6622,4063,8677,Chennai,Available
INV00064,P009,B202500064,Cetirizine 10mg,Antiallergic,2026-05-18,2029-05-17,840,14743,4439,11144,Delhi,Available
INV00065,P006,B202600065,Pantoprazole 40mg,Gastrointestinal,2025-08-09,2027-01-31,978,15873,1716,15135,Mumbai,Available
INV00066,P004,B202500066,Metformin 500mg,Antidiabetic,2025-04-07,2026-09-29,9229,18939,4580,23588,Delhi,Available
INV00067,P020,B202600067,Enoxaparin 40mg,Anticoagulant,2025-05-21,2028-05-20,1504,5291,2299,4496,Bangalore,Available
INV00068,P017,B202500068,Levothyroxine 50mcg,Endocrine,2026-05-29,2027-11-20,8446,15678,9617,14507,Chennai,Available
INV00069,P012,B202600069,Losartan 50mg,Cardiovascular,2025-03-08,2028-03-07,6282,18124,11510,12896,Hyderabad,Available
INV00070,P009,B202500070,Cetirizine 10mg,Antiallergic,2025-04-26,2026-04-26,9681,18543,11181,17043,Kolkata,Available
INV00071,P013,B202600071,Ciprofloxacin 500mg,Antibiotic,2025-11-10,2028-11-09,5746,13206,2541,16411,Chennai,Available
INV00072,P017,B202500072,Levothyroxine 50mcg,Endocrine,2026-02-12,2027-08-06,2379,1643,2523,1499,Chennai,Available
INV00073,P016,B202600073,Salbutamol Inhaler,Respiratory,2026-07-25,2028-01-16,8377,14610,3326,19661,Kolkata,Available
INV00074,P002,B202500074,Amoxicillin 500mg,Antibiotic,2025-12-26,2028-12-25,6760,18805,673,24892,Delhi,Available
INV00075,P016,B202600075,Salbutamol Inhaler,Respiratory,2026-01-21,2029-01-20,4895,13970,5037,13828,Kolkata,Available
INV00076,P003,B202500076,Azithromycin 500mg,Antibiotic,2025-06-02,2026-06-02,7170,5422,3805,8787,Kolkata,Available
INV00077,P008,B202600077,Amlodipine 5mg,Cardiovascular,2025-03-29,2026-03-29,2653,18379,6583,14449,Kolkata,Available
INV00078,P005,B202500078,Atorvastatin 20mg,Cardiovascular,2025-07-30,2026-07-30,4285,11703,9698,6290,Mumbai,Available
INV00079,P016,B202600079,Salbutamol Inhaler,Respiratory,2026-01-11,2027-07-05,9166,9251,1812,16605,Kolkata,Available
INV00080,P019,B202500080,Vitamin D3 60000IU,Supplement,2025-01-30,2028-01-30,9501,16753,3060,23194,Delhi,Available
INV00081,P011,B202600081,Insulin Glargine,Antidiabetic,2026-01-08,2028-01-08,6573,10766,8286,9053,Delhi,Available
INV00082,P001,B202500082,Paracetamol 500mg,Analgesic,2025-01-22,2028-01-22,9138,12127,2095,19170,Chennai,Available
INV00083,P003,B202600083,Azithromycin 500mg,Antibiotic,2025-08-15,2027-02-06,617,16334,6117,10834,Hyderabad,Available
INV00084,P011,B202500084,Insulin Glargine,Antidiabetic,2025-01-01,2026-06-25,5436,7454,9965,2925,Hyderabad,Available
INV00085,P003,B202600085,Azithromycin 500mg,Antibiotic,2025-11-13,2028-11-12,4065,1885,5772,178,Mumbai,Low Stock
INV00086,P004,B202500086,Metformin 500mg,Antidiabetic,2026-01-05,2027-06-29,9409,6585,6602,9392,Delhi,Available
INV00087,P005,B202600087,Atorvastatin 20mg,Cardiovascular,2025-10-27,2026-10-27,6616,15408,11400,10624,Hyderabad,Available
INV00088,P006,B202500088,Pantoprazole 40mg,Gastrointestinal,2025-11-26,2027-11-26,9929,1475,2717,8687,Hyderabad,Available
INV00089,P006,B202600089,Pantoprazole 40mg,Gastrointestinal,2025-10-06,2028-10-05,794,16501,7412,9883,Delhi,Available
INV00090,P014,B202500090,Diclofenac 50mg,Analgesic,2025-03-11,2027-03-11,2857,10815,8123,5549,Delhi,Available
INV00091,P007,B202600091,Ibuprofen 400mg,Analgesic,2025-08-26,2027-02-17,891,14795,1199,14487,Mumbai,Available
INV00092,P014,B202500092,Diclofenac 50mg,Analgesic,2025-02-18,2028-02-18,4084,1300,3546,1838,Delhi,Available
INV00093,P013,B202600093,Ciprofloxacin 500mg,Antibiotic,2026-03-27,2027-09-18,8355,8033,6543,9845,Bangalore,Available
INV00094,P013,B202500094,Ciprofloxacin 500mg,Antibiotic,2025-06-06,2027-06-06,8110,17321,11149,14282,Bangalore,Available
INV00095,P003,B202600095,Azithromycin 500mg,Antibiotic,2026-07-10,2028-01-01,747,6453,6021,1179,Mumbai,Available
INV00096,P002,B202500096,Amoxicillin 500mg,Antibiotic,2026-03-10,2027-03-10,3851,1073,2964,1960,Mumbai,Available
INV00097,P018,B202600097,Doxycycline 100mg,Antibiotic,2025-07-20,2026-07-20,2077,4803,3103,3777,Bangalore,Available
INV00098,P009,B202500098,Cetirizine 10mg,Antiallergic,2026-05-28,2029-05-27,6554,17970,9363,15161,Delhi,Available
INV00099,P018,B202600099,Doxycycline 100mg,Antibiotic,2025-03-16,2028-03-15,3306,14928,10960,7274,Mumbai,Available
INV00100,P002,B202500100,Amoxicillin 500mg,Antibiotic,2025-08-11,2027-02-02,9399,18908,6822,21485,Kolkata,Available
INV00101,P009,B202600101,Cetirizine 10mg,Antiallergic,2025-09-04,2028-09-03,6840,10925,5481,12284,Chennai,Available
INV00102,P016,B202500102,Salbutamol Inhaler,Respiratory,2025-10-22,2026-10-22,1467,3739,2406,2800,Delhi,Available
INV00103,P017,B202600103,Levothyroxine 50mcg,Endocrine,2025-05-20,2028-05-19,6828,1981,3094,5715,Hyderabad,Available
INV00104,P018,B202500104,Doxycycline 100mg,Antibiotic,2026-07-07,2029-07-06,5516,10364,3738,12142,Chennai,Available
INV00105,P002,B202600105,Amoxicillin 500mg,Antibiotic,2025-06-12,2026-06-12,5195,6695,2348,9542,Mumbai,Available
INV00106,P018,B202500106,Doxycycline 100mg,Antibiotic,2025-12-01,2028-11-30,9183,18141,4212,23112,Kolkata,Available
INV00107,P019,B202600107,Vitamin D3 60000IU,Supplement,2026-07-30,2028-01-21,2669,12101,11182,3588,Kolkata,Available
INV00108,P012,B202500108,Losartan 50mg,Cardiovascular,2025-03-31,2026-09-22,7284,11647,4146,14785,Mumbai,Available
INV00109,P002,B202600109,Amoxicillin 500mg,Antibiotic,2025-06-23,2027-06-23,2792,19875,989,21678,Delhi,Available
INV00110,P010,B202500110,Omeprazole 20mg,Gastrointestinal,2026-05-15,2029-05-14,5663,12973,8388,10248,Delhi,Available
INV00111,P004,B202600111,Metformin 500mg,Antidiabetic,2025-09-15,2026-09-15,4912,12688,2511,15089,Hyderabad,Available
INV00112,P017,B202500112,Levothyroxine 50mcg,Endocrine,2025-08-15,2026-08-15,7275,14616,9914,11977,Chennai,Available
INV00113,P020,B202600113,Enoxaparin 40mg,Anticoagulant,2025-12-11,2027-06-04,8698,6031,3492,11237,Chennai,Available
INV00114,P018,B202500114,Doxycycline 100mg,Antibiotic,2025-07-23,2027-07-23,9263,16177,59,25381,Delhi,Available
INV00115,P004,B202600115,Metformin 500mg,Antidiabetic,2026-05-23,2027-05-23,9935,4369,5042,9262,Hyderabad,Available
INV00116,P017,B202500116,Levothyroxine 50mcg,Endocrine,2025-08-25,2027-08-25,1138,9604,9787,955,Kolkata,Low Stock
INV00117,P005,B202600117,Atorvastatin 20mg,Cardiovascular,2025-08-25,2027-02-16,5872,11209,1271,15810,Chennai,Available
INV00118,P005,B202500118,Atorvastatin 20mg,Cardiovascular,2025-07-08,2028-07-07,7052,8534,10950,4636,Mumbai,Available
INV00119,P012,B202600119,Losartan 50mg,Cardiovascular,2025-05-28,2026-05-28,5170,11697,9670,7197,Mumbai,Available
INV00120,P018,B202500120,Doxycycline 100mg,Antibiotic,2025-12-31,2026-12-31,7522,11922,4672,14772,Mumbai,Available
INV00121,P007,B202600121,Ibuprofen 400mg,Analgesic,2026-01-04,2028-01-04,4749,6419,4452,6716,Mumbai,Available
INV00122,P010,B202500122,Omeprazole 20mg,Gastrointestinal,2025-07-05,2027-07-05,2652,10519,1458,11713,Mumbai,Available
INV00123,P016,B202600123,Salbutamol Inhaler,Respiratory,2026-05-06,2028-05-05,7584,2253,3358,6479,Delhi,Available
INV00124,P017,B202500124,Levothyroxine 50mcg,Endocrine,2025-12-16,2028-12-15,3094,3916,605,6405,Delhi,Available
INV00125,P014,B202600125,Diclofenac 50mg,Analgesic,2025-06-21,2028-06-20,7522,7842,2865,12499,Chennai,Available
INV00126,P014,B202500126,Diclofenac 50mg,Analgesic,2025-04-13,2026-10-05,5117,10712,1991,13838,Kolkata,Available
INV00127,P008,B202600127,Amlodipine 5mg,Cardiovascular,2025-08-17,2026-08-17,8820,5467,11844,2443,Mumbai,Available
INV00128,P018,B202500128,Doxycycline 100mg,Antibiotic,2025-04-18,2026-04-18,8111,16574,6517,18168,Bangalore,Available
INV00129,P019,B202600129,Vitamin D3 60000IU,Supplement,2025-08-24,2028-08-23,8772,17179,8265,17686,Chennai,Available
INV00130,P011,B202500130,Insulin Glargine,Antidiabetic,2025-01-15,2026-07-09,7440,16434,6715,17159,Chennai,Available
INV00131,P001,B202600131,Paracetamol 500mg,Analgesic,2025-10-09,2027-10-09,8979,6910,2759,13130,Mumbai,Available
INV00132,P004,B202500132,Metformin 500mg,Antidiabetic,2025-12-02,2027-12-02,8111,19468,883,26696,Hyderabad,Available
INV00133,P007,B202600133,Ibuprofen 400mg,Analgesic,2025-05-30,2028-05-29,1825,1565,2918,472,Kolkata,Low Stock
INV00134,P005,B202500134,Atorvastatin 20mg,Cardiovascular,2025-07-19,2027-07-19,5497,19827,4850,20474,Bangalore,Available
INV00135,P009,B202600135,Cetirizine 10mg,Antiallergic,2025-11-30,2027-11-30,5367,18530,9690,14207,Hyderabad,Available
INV00136,P008,B202500136,Amlodipine 5mg,Cardiovascular,2026-02-05,2027-07-30,4570,4190,2228,6532,Chennai,Available
INV00137,P017,B202600137,Levothyroxine 50mcg,Endocrine,2026-04-16,2027-10-08,1798,4034,2295,3537,Delhi,Available
INV00138,P018,B202500138,Doxycycline 100mg,Antibiotic,2026-06-24,2027-06-24,7222,6676,2373,11525,Delhi,Available
INV00139,P001,B202600139,Paracetamol 500mg,Analgesic,2025-07-20,2027-07-20,3084,12275,5520,9839,Chennai,Available
INV00140,P004,B202500140,Metformin 500mg,Antidiabetic,2025-02-04,2027-02-04,2940,14427,1119,16248,Delhi,Available
INV00141,P020,B202600141,Enoxaparin 40mg,Anticoagulant,2025-02-25,2026-08-19,8522,11138,2099,17561,Hyderabad,Available
INV00142,P016,B202500142,Salbutamol Inhaler,Respiratory,2026-06-01,2027-11-23,5001,15873,2123,18751,Hyderabad,Available
INV00143,P016,B202600143,Salbutamol Inhaler,Respiratory,2025-04-22,2028-04-21,5222,19811,395,24638,Kolkata,Available
INV00144,P005,B202500144,Atorvastatin 20mg,Cardiovascular,2025-01-22,2027-01-22,5559,16911,1300,21170,Bangalore,Available
INV00145,P012,B202600145,Losartan 50mg,Cardiovascular,2026-06-14,2027-12-06,8077,18218,10437,15858,Delhi,Available
INV00146,P014,B202500146,Diclofenac 50mg,Analgesic,2025-11-12,2027-11-12,5887,10977,5242,11622,Delhi,Available
INV00147,P016,B202600147,Salbutamol Inhaler,Respiratory,2026-07-06,2028-07-05,1455,12162,3789,9828,Bangalore,Available
INV00148,P002,B202500148,Amoxicillin 500mg,Antibiotic,2025-12-21,2028-12-20,5303,9460,1064,13699,Chennai,Available
INV00149,P002,B202600149,Amoxicillin 500mg,Antibiotic,2026-05-20,2029-05-19,9915,6401,1941,14375,Hyderabad,Available
INV00150,P016,B202500150,Salbutamol Inhaler,Respiratory,2025-05-12,2028-05-11,1964,1928,853,3039,Chennai,Available
INV00151,P013,B202600151,Ciprofloxacin 500mg,Antibiotic,2025-08-01,2027-08-01,6662,11540,6169,12033,Bangalore,Available
INV00152,P006,B202500152,Pantoprazole 40mg,Gastrointestinal,2025-11-13,2026-11-13,5020,3222,6489,1753,Bangalore,Available
INV00153,P002,B202600153,Amoxicillin 500mg,Antibiotic,2026-01-18,2027-01-18,3838,6971,2341,8468,Chennai,Available
INV00154,P014,B202500154,Diclofenac 50mg,Analgesic,2025-05-24,2027-05-24,7278,11244,6941,11581,Kolkata,Available
INV00155,P010,B202600155,Omeprazole 20mg,Gastrointestinal,2025-08-20,2027-08-20,8441,14482,901,22022,Mumbai,Available
INV00156,P015,B202500156,Montelukast 10mg,Respiratory,2025-05-15,2028-05-14,8177,17086,980,24283,Delhi,Available
INV00157,P011,B202600157,Insulin Glargine,Antidiabetic,2026-01-12,2029-01-11,3856,11146,8154,6848,Chennai,Available
INV00158,P016,B202500158,Salbutamol Inhaler,Respiratory,2025-07-22,2028-07-21,591,10357,6665,4283,Bangalore,Available
INV00159,P010,B202600159,Omeprazole 20mg,Gastrointestinal,2025-12-24,2027-12-24,1630,6272,1934,5968,Delhi,Available
INV00160,P007,B202500160,Ibuprofen 400mg,Analgesic,2025-12-09,2027-12-09,8074,4492,10843,1723,Bangalore,Available
INV00161,P001,B202600161,Paracetamol 500mg,Analgesic,2025-01-27,2026-01-27,8796,4949,8322,5423,Mumbai,Available
INV00162,P001,B202500162,Paracetamol 500mg,Analgesic,2025-09-24,2026-09-24,5024,11615,6256,10383,Hyderabad,Available
INV00163,P016,B202600163,Salbutamol Inhaler,Respiratory,2025-12-25,2027-06-18,4629,3061,7101,589,Chennai,Low Stock
INV00164,P006,B202500164,Pantoprazole 40mg,Gastrointestinal,2026-02-09,2028-02-09,6292,2027,7309,1010,Kolkata,Available
INV00165,P020,B202600165,Enoxaparin 40mg,Anticoagulant,2026-08-12,2029-08-11,7521,2080,4466,5135,Hyderabad,Available
INV00166,P005,B202500166,Atorvastatin 20mg,Cardiovascular,2026-05-14,2029-05-13,5460,14991,1552,18899,Hyderabad,Available
INV00167,P018,B202600167,Doxycycline 100mg,Antibiotic,2025-09-28,2027-09-28,4897,4841,8048,1690,Chennai,Available
INV00168,P014,B202500168,Diclofenac 50mg,Analgesic,2025-07-31,2027-07-31,9556,13347,5931,16972,Hyderabad,Available
INV00169,P011,B202600169,Insulin Glargine,Antidiabetic,2025-08-12,2027-08-12,933,4613,4365,1181,Mumbai,Available
INV00170,P009,B202500170,Cetirizine 10mg,Antiallergic,2025-11-23,2027-05-17,7707,5662,9101,4268,Hyderabad,Available
INV00171,P008,B202600171,Amlodipine 5mg,Cardiovascular,2025-12-19,2028-12-18,2709,12160,770,14099,Bangalore,Available
INV00172,P016,B202500172,Salbutamol Inhaler,Respiratory,2026-03-08,2027-08-30,6418,8224,3327,11315,Mumbai,Available
INV00173,P007,B202600173,Ibuprofen 400mg,Analgesic,2026-05-05,2027-10-27,3548,11187,9097,5638,Hyderabad,Available
INV00174,P019,B202500174,Vitamin D3 60000IU,Supplement,2025-10-06,2027-10-06,9594,9202,2398,16398,Chennai,Available
INV00175,P001,B202600175,Paracetamol 500mg,Analgesic,2025-10-02,2028-10-01,4437,13998,6303,12132,Hyderabad,Available
INV00176,P007,B202500176,Ibuprofen 400mg,Analgesic,2025-11-11,2026-11-11,4441,8882,10019,3304,Bangalore,Available
INV00177,P017,B202600177,Levothyroxine 50mcg,Endocrine,2025-09-04,2027-09-04,5791,6696,11169,1318,Hyderabad,Available
INV00178,P001,B202500178,Paracetamol 500mg,Analgesic,2026-03-27,2028-03-26,8961,9697,202,18456,Bangalore,Available
INV00179,P009,B202600179,Cetirizine 10mg,Antiallergic,2025-05-30,2028-05-29,1625,17736,2601,16760,Bangalore,Available
INV00180,P006,B202500180,Pantoprazole 40mg,Gastrointestinal,2025-03-28,2026-09-19,3639,11052,6445,8246,Bangalore,Available
INV00181,P003,B202600181,Azithromycin 500mg,Antibiotic,2025-04-08,2026-04-08,1388,6978,4599,3767,Hyderabad,Available
INV00182,P007,B202500182,Ibuprofen 400mg,Analgesic,2025-10-09,2027-10-09,3644,5214,3626,5232,Bangalore,Available
INV00183,P010,B202600183,Omeprazole 20mg,Gastrointestinal,2026-07-19,2028-01-10,1529,14435,1522,14442,Hyderabad,Available
INV00184,P003,B202500184,Azithromycin 500mg,Antibiotic,2026-06-15,2029-06-14,5912,12736,7746,10902,Delhi,Available
INV00185,P011,B202600185,Insulin Glargine,Antidiabetic,2026-08-16,2028-08-15,1340,8447,9538,249,Mumbai,Low Stock
INV00186,P005,B202500186,Atorvastatin 20mg,Cardiovascular,2026-06-06,2028-06-05,5844,8982,1492,13334,Mumbai,Available
INV00187,P009,B202600187,Cetirizine 10mg,Antiallergic,2026-07-13,2028-01-04,1917,9123,11008,32,Mumbai,Low Stock
INV00188,P008,B202500188,Amlodipine 5mg,Cardiovascular,2026-02-05,2028-02-05,3343,19391,7115,15619,Bangalore,Available
INV00189,P009,B202600189,Cetirizine 10mg,Antiallergic,2026-07-08,2027-12-30,5894,12640,8453,10081,Kolkata,Available
INV00190,P003,B202500190,Azithromycin 500mg,Antibiotic,2025-11-07,2027-11-07,1947,13797,1417,14327,Mumbai,Available
INV00191,P007,B202600191,Ibuprofen 400mg,Analgesic,2025-04-03,2028-04-02,2819,5849,7406,1262,Kolkata,Available
INV00192,P001,B202500192,Paracetamol 500mg,Analgesic,2025-06-16,2027-06-16,7893,19989,6656,21226,Bangalore,Available
INV00193,P018,B202600193,Doxycycline 100mg,Antibiotic,2025-04-07,2026-04-07,6905,12473,719,18659,Hyderabad,Available
INV00194,P012,B202500194,Losartan 50mg,Cardiovascular,2025-06-03,2027-06-03,4412,12175,5699,10888,Mumbai,Available
INV00195,P007,B202600195,Ibuprofen 400mg,Analgesic,2026-02-23,2028-02-23,6146,11969,2491,15624,Kolkata,Available
INV00196,P012,B202500196,Losartan 50mg,Cardiovascular,2026-03-07,2029-03-06,9285,13670,9446,13509,Mumbai,Available
INV00197,P015,B202600197,Montelukast 10mg,Respiratory,2025-07-12,2027-07-12,1316,18372,2935,16753,Delhi,Available
INV00198,P001,B202500198,Paracetamol 500mg,Analgesic,2025-04-04,2028-04-03,8417,5227,1570,12074,Chennai,Available
INV00199,P020,B202600199,Enoxaparin 40mg,Anticoagulant,2025-04-12,2027-04-12,3194,15144,5019,13319,Bangalore,Available
INV00200,P007,B202500200,Ibuprofen 400mg,Analgesic,2025-11-20,2028-11-19,699,19197,7795,12101,Kolkata,Available
INV00201,P019,B202600201,Vitamin D3 60000IU,Supplement,2025-04-03,2026-04-03,7879,4569,1775,10673,Mumbai,Available
INV00202,P019,B202500202,Vitamin D3 60000IU,Supplement,2026-04-23,2028-04-22,2366,7391,6718,3039,Bangalore,Available
INV00203,P011,B202600203,Insulin Glargine,Antidiabetic,2025-01-08,2026-07-02,2855,13941,10969,5827,Bangalore,Available
INV00204,P016,B202500204,Salbutamol Inhaler,Respiratory,2026-01-29,2029-01-28,9160,2914,8919,3155,Delhi,Available
INV00205,P003,B202600205,Azithromycin 500mg,Antibiotic,2025-06-04,2028-06-03,5658,7431,3845,9244,Kolkata,Available
INV00206,P006,B202500206,Pantoprazole 40mg,Gastrointestinal,2025-04-06,2027-04-06,9929,4483,3064,11348,Mumbai,Available
INV00207,P004,B202600207,Metformin 500mg,Antidiabetic,2026-01-26,2027-07-20,1717,5964,7148,533,Kolkata,Low Stock
INV00208,P011,B202500208,Insulin Glargine,Antidiabetic,2025-08-29,2028-08-28,2345,13424,8161,7608,Chennai,Available
INV00209,P005,B202600209,Atorvastatin 20mg,Cardiovascular,2026-03-06,2028-03-05,8814,4313,7363,5764,Chennai,Available
INV00210,P006,B202500210,Pantoprazole 40mg,Gastrointestinal,2026-03-23,2027-03-23,7322,12519,2310,17531,Bangalore,Available
INV00211,P015,B202600211,Montelukast 10mg,Respiratory,2025-05-25,2026-11-16,1076,19307,6587,13796,Kolkata,Available
INV00212,P004,B202500212,Metformin 500mg,Antidiabetic,2025-05-04,2027-05-04,6243,16027,11137,11133,Chennai,Available
INV00213,P003,B202600213,Azithromycin 500mg,Antibiotic,2025-07-05,2028-07-04,5715,17474,6756,16433,Bangalore,Available
INV00214,P010,B202500214,Omeprazole 20mg,Gastrointestinal,2026-05-10,2028-05-09,1761,4991,5769,983,Kolkata,Low Stock
INV00215,P016,B202600215,Salbutamol Inhaler,Respiratory,2025-02-28,2027-02-28,8378,13164,7129,14413,Mumbai,Available
INV00216,P005,B202500216,Atorvastatin 20mg,Cardiovascular,2025-06-18,2027-06-18,1163,2605,1495,2273,Chennai,Available
INV00217,P014,B202600217,Diclofenac 50mg,Analgesic,2025-12-20,2027-12-20,1552,7304,704,8152,Chennai,Available
INV00218,P016,B202500218,Salbutamol Inhaler,Respiratory,2025-06-04,2026-11-26,3516,17897,5862,15551,Chennai,Available
INV00219,P009,B202600219,Cetirizine 10mg,Antiallergic,2026-02-23,2028-02-23,3147,17650,8508,12289,Chennai,Available
INV00220,P019,B202500220,Vitamin D3 60000IU,Supplement,2025-05-30,2026-05-30,6032,7197,5229,8000,Hyderabad,Available
INV00221,P008,B202600221,Amlodipine 5mg,Cardiovascular,2025-08-24,2027-02-15,7552,12260,5691,14121,Bangalore,Available
INV00222,P012,B202500222,Losartan 50mg,Cardiovascular,2025-04-16,2026-10-08,4442,3684,3165,4961,Hyderabad,Available
INV00223,P017,B202600223,Levothyroxine 50mcg,Endocrine,2026-05-31,2027-05-31,6223,13171,4536,14858,Mumbai,Available
INV00224,P016,B202500224,Salbutamol Inhaler,Respiratory,2025-08-15,2026-08-15,4039,5824,3775,6088,Hyderabad,Available
INV00225,P003,B202600225,Azithromycin 500mg,Antibiotic,2026-08-15,2027-08-15,7208,14634,7414,14428,Kolkata,Available
INV00226,P001,B202500226,Paracetamol 500mg,Analgesic,2025-06-30,2026-06-30,5981,13075,10775,8281,Mumbai,Available
INV00227,P005,B202600227,Atorvastatin 20mg,Cardiovascular,2026-07-09,2028-07-08,7765,9455,5369,11851,Mumbai,Available
INV00228,P015,B202500228,Montelukast 10mg,Respiratory,2025-05-07,2028-05-06,2171,9759,3753,8177,Delhi,Available
INV00229,P014,B202600229,Diclofenac 50mg,Analgesic,2026-07-06,2029-07-05,2862,4926,6905,883,Mumbai,Low Stock
INV00230,P002,B202500230,Amoxicillin 500mg,Antibiotic,2026-05-10,2028-05-09,742,15874,7289,9327,Delhi,Available
INV00231,P018,B202600231,Doxycycline 100mg,Antibiotic,2025-10-25,2027-04-18,6365,4758,1687,9436,Kolkata,Available
INV00232,P005,B202500232,Atorvastatin 20mg,Cardiovascular,2025-10-30,2027-04-23,2689,12358,9629,5418,Mumbai,Available
INV00233,P003,B202600233,Azithromycin 500mg,Antibiotic,2025-05-27,2026-05-27,8887,7071,4487,11471,Bangalore,Available
INV00234,P009,B202500234,Cetirizine 10mg,Antiallergic,2026-07-03,2027-12-25,6687,4457,1593,9551,Chennai,Available
INV00235,P002,B202600235,Amoxicillin 500mg,Antibiotic,2025-09-27,2027-03-21,654,11093,11325,422,Bangalore,Low Stock
INV00236,P017,B202500236,Levothyroxine 50mcg,Endocrine,2025-11-20,2027-11-20,1417,17513,137,18793,Kolkata,Available
INV00237,P014,B202600237,Diclofenac 50mg,Analgesic,2025-07-22,2026-07-22,6304,2661,5458,3507,Chennai,Available
INV00238,P006,B202500238,Pantoprazole 40mg,Gastrointestinal,2025-05-24,2026-05-24,2636,3164,1448,4352,Delhi,Available
INV00239,P007,B202600239,Ibuprofen 400mg,Analgesic,2026-04-14,2029-04-13,7729,11251,3795,15185,Kolkata,Available
INV00240,P005,B202500240,Atorvastatin 20mg,Cardiovascular,2025-10-06,2027-03-30,7583,11390,9594,9379,Kolkata,Available
INV00241,P008,B202600241,Amlodipine 5mg,Cardiovascular,2026-06-09,2027-06-09,9203,4381,10203,3381,Mumbai,Available
INV00242,P020,B202500242,Enoxaparin 40mg,Anticoagulant,2025-03-19,2026-09-10,9068,1902,2907,8063,Bangalore,Available
INV00243,P007,B202600243,Ibuprofen 400mg,Analgesic,2025-08-23,2027-08-23,2948,4015,1183,5780,Kolkata,Available
INV00244,P020,B202500244,Enoxaparin 40mg,Anticoagulant,2025-05-13,2026-05-13,1014,19229,8474,11769,Chennai,Available
INV00245,P006,B202600245,Pantoprazole 40mg,Gastrointestinal,2026-01-20,2027-01-20,6922,12014,3978,14958,Chennai,Available
INV00246,P013,B202500246,Ciprofloxacin 500mg,Antibiotic,2025-09-21,2026-09-21,723,18817,3376,16164,Hyderabad,Available
INV00247,P014,B202600247,Diclofenac 50mg,Analgesic,2025-06-03,2026-11-25,7256,12312,7878,11690,Bangalore,Available
INV00248,P010,B202500248,Omeprazole 20mg,Gastrointestinal,2025-10-13,2027-10-13,1939,4030,4551,1418,Chennai,Available
INV00249,P017,B202600249,Levothyroxine 50mcg,Endocrine,2025-06-12,2028-06-11,3092,13368,1946,14514,Kolkata,Available
INV00250,P007,B202500250,Ibuprofen 400mg,Analgesic,2026-04-27,2027-10-19,8013,9629,749,16893,Hyderabad,Available
INV00251,P014,B202600251,Diclofenac 50mg,Analgesic,2025-04-26,2026-10-18,5647,5808,1476,9979,Delhi,Available
INV00252,P014,B202500252,Diclofenac 50mg,Analgesic,2026-03-16,2029-03-15,1682,9109,2525,8266,Kolkata,Available
INV00253,P011,B202600253,Insulin Glargine,Antidiabetic,2025-02-28,2027-02-28,908,6209,5134,1983,Delhi,Available
INV00254,P016,B202500254,Salbutamol Inhaler,Respiratory,2025-12-09,2028-12-08,5844,2079,564,7359,Chennai,Available
INV00255,P001,B202600255,Paracetamol 500mg,Analgesic,2025-08-14,2026-08-14,3382,12308,2076,13614,Mumbai,Available
INV00256,P020,B202500256,Enoxaparin 40mg,Anticoagulant,2025-02-12,2026-02-12,3077,16713,4869,14921,Delhi,Available
INV00257,P001,B202600257,Paracetamol 500mg,Analgesic,2026-03-18,2027-03-18,7262,3810,9505,1567,Hyderabad,Available
INV00258,P004,B202500258,Metformin 500mg,Antidiabetic,2025-07-22,2026-07-22,2068,12372,3609,10831,Mumbai,Available
INV00259,P017,B202600259,Levothyroxine 50mcg,Endocrine,2025-03-16,2026-09-07,2268,10174,3981,8461,Bangalore,Available
INV00260,P002,B202500260,Amoxicillin 500mg,Antibiotic,2026-05-27,2027-05-27,7936,18405,5590,20751,Hyderabad,Available
INV00261,P016,B202600261,Salbutamol Inhaler,Respiratory,2026-08-13,2027-08-13,9662,18931,1710,26883,Bangalore,Available
INV00262,P015,B202500262,Montelukast 10mg,Respiratory,2025-02-16,2027-02-16,1115,14122,2780,12457,Bangalore,Available
INV00263,P002,B202600263,Amoxicillin 500mg,Antibiotic,2025-04-24,2027-04-24,1228,16243,7250,10221,Hyderabad,Available
INV00264,P020,B202500264,Enoxaparin 40mg,Anticoagulant,2026-01-31,2028-01-31,2152,14505,6710,9947,Kolkata,Available
INV00265,P010,B202600265,Omeprazole 20mg,Gastrointestinal,2026-02-11,2027-08-05,881,3430,3738,573,Chennai,Low Stock
INV00266,P008,B202500266,Amlodipine 5mg,Cardiovascular,2026-02-23,2027-02-23,853,10637,7181,4309,Kolkata,Available
INV00267,P016,B202600267,Salbutamol Inhaler,Respiratory,2025-06-04,2028-06-03,5169,16695,2085,19779,Bangalore,Available
INV00268,P002,B202500268,Amoxicillin 500mg,Antibiotic,2026-08-18,2027-08-18,9424,14813,1752,22485,Kolkata,Available
INV00269,P003,B202600269,Azithromycin 500mg,Antibiotic,2025-03-27,2027-03-27,3239,6525,1904,7860,Delhi,Available
INV00270,P001,B202500270,Paracetamol 500mg,Analgesic,2025-05-28,2027-05-28,5122,14299,2595,16826,Delhi,Available
INV00271,P016,B202600271,Salbutamol Inhaler,Respiratory,2025-08-21,2027-02-12,5773,11998,1129,16642,Delhi,Available
INV00272,P004,B202500272,Metformin 500mg,Antidiabetic,2025-12-08,2028-12-07,5602,15469,3716,17355,Kolkata,Available
INV00273,P017,B202600273,Levothyroxine 50mcg,Endocrine,2026-07-05,2028-07-04,6669,10975,11139,6505,Kolkata,Available
INV00274,P009,B202500274,Cetirizine 10mg,Antiallergic,2025-02-21,2026-02-21,2718,2188,1037,3869,Bangalore,Available
INV00275,P020,B202600275,Enoxaparin 40mg,Anticoagulant,2025-02-27,2027-02-27,3841,4310,5716,2435,Kolkata,Available
INV00276,P016,B202500276,Salbutamol Inhaler,Respiratory,2026-08-09,2028-08-08,6899,3782,9105,1576,Chennai,Available
INV00277,P006,B202600277,Pantoprazole 40mg,Gastrointestinal,2025-08-01,2027-08-01,623,16541,3367,13797,Bangalore,Available
INV00278,P007,B202500278,Ibuprofen 400mg,Analgesic,2026-05-17,2027-11-08,5622,16426,404,21644,Chennai,Available
INV00279,P006,B202600279,Pantoprazole 40mg,Gastrointestinal,2026-02-22,2027-02-22,1820,15978,9694,8104,Kolkata,Available
INV00280,P014,B202500280,Diclofenac 50mg,Analgesic,2025-10-07,2026-10-07,3304,13314,4153,12465,Mumbai,Available
INV00281,P004,B202600281,Metformin 500mg,Antidiabetic,2025-09-21,2026-09-21,1565,3507,2629,2443,Mumbai,Available
INV00282,P002,B202500282,Amoxicillin 500mg,Antibiotic,2025-11-05,2026-11-05,646,3518,1868,2296,Kolkata,Available
INV00283,P005,B202600283,Atorvastatin 20mg,Cardiovascular,2025-06-20,2026-06-20,3874,14629,3865,14638,Delhi,Available
INV00284,P018,B202500284,Doxycycline 100mg,Antibiotic,2026-07-22,2028-07-21,7276,18464,9441,16299,Hyderabad,Available
INV00285,P003,B202600285,Azithromycin 500mg,Antibiotic,2025-03-10,2028-03-09,5784,6630,4146,8268,Hyderabad,Available
INV00286,P017,B202500286,Levothyroxine 50mcg,Endocrine,2026-01-03,2029-01-02,3367,9979,1460,11886,Kolkata,Available
INV00287,P011,B202600287,Insulin Glargine,Antidiabetic,2025-11-28,2027-05-22,3074,19020,5868,16226,Chennai,Available
INV00288,P001,B202500288,Paracetamol 500mg,Analgesic,2025-06-15,2028-06-14,1334,2927,3451,810,Hyderabad,Low Stock
INV00289,P006,B202600289,Pantoprazole 40mg,Gastrointestinal,2025-12-06,2026-12-06,908,1084,158,1834,Bangalore,Available
INV00290,P014,B202500290,Diclofenac 50mg,Analgesic,2025-06-28,2026-06-28,637,10065,8991,1711,Mumbai,Available
INV00291,P002,B202600291,Amoxicillin 500mg,Antibiotic,2025-05-17,2026-11-08,2293,19592,9161,12724,Mumbai,Available
INV00292,P020,B202500292,Enoxaparin 40mg,Anticoagulant,2025-07-15,2026-07-15,9414,19234,3752,24896,Delhi,Available
INV00293,P004,B202600293,Metformin 500mg,Antidiabetic,2026-01-20,2028-01-20,7245,11806,8450,10601,Delhi,Available
INV00294,P017,B202500294,Levothyroxine 50mcg,Endocrine,2025-04-18,2026-10-10,4456,11134,1705,13885,Hyderabad,Available
INV00295,P020,B202600295,Enoxaparin 40mg,Anticoagulant,2025-03-05,2027-03-05,6814,10016,403,16427,Bangalore,Available
INV00296,P006,B202500296,Pantoprazole 40mg,Gastrointestinal,2025-03-03,2026-03-03,2021,4624,5572,1073,Delhi,Available
INV00297,P001,B202600297,Paracetamol 500mg,Analgesic,2026-01-13,2027-01-13,4500,1722,561,5661,Bangalore,Available
INV00298,P009,B202500298,Cetirizine 10mg,Antiallergic,2025-10-05,2027-03-29,6392,14689,8745,12336,Delhi,Available
INV00299,P011,B202600299,Insulin Glargine,Antidiabetic,2025-10-22,2026-10-22,5126,1191,6105,212,Mumbai,Low Stock
INV00300,P016,B202500300,Salbutamol Inhaler,Respiratory,2026-07-29,2028-01-20,8688,10105,1587,17206,Bangalore,Available
INV00301,P003,B202600301,Azithromycin 500mg,Antibiotic,2026-07-20,2028-01-11,3532,9475,3071,9936,Kolkata,Available
INV00302,P020,B202500302,Enoxaparin 40mg,Anticoagulant,2025-02-20,2027-02-20,3688,1899,5153,434,Bangalore,Low Stock
INV00303,P005,B202600303,Atorvastatin 20mg,Cardiovascular,2025-01-16,2026-07-10,6196,7093,858,12431,Bangalore,Available
INV00304,P019,B202500304,Vitamin D3 60000IU,Supplement,2026-04-29,2029-04-28,5543,11375,9432,7486,Delhi,Available
INV00305,P009,B202600305,Cetirizine 10mg,Antiallergic,2025-06-25,2026-12-17,1107,4656,4250,1513,Kolkata,Available
INV00306,P003,B202500306,Azithromycin 500mg,Antibiotic,2025-02-28,2026-02-28,8020,6913,3921,11012,Bangalore,Available
INV00307,P020,B202600307,Enoxaparin 40mg,Anticoagulant,2025-09-18,2028-09-17,7223,3693,8748,2168,Delhi,Available
INV00308,P013,B202500308,Ciprofloxacin 500mg,Antibiotic,2025-05-01,2028-04-30,9351,8723,1109,16965,Kolkata,Available
INV00309,P018,B202600309,Doxycycline 100mg,Antibiotic,2025-10-31,2027-10-31,2619,2282,4628,273,Mumbai,Low Stock
INV00310,P006,B202500310,Pantoprazole 40mg,Gastrointestinal,2026-02-20,2027-02-20,1259,5611,3096,3774,Mumbai,Available
INV00311,P004,B202600311,Metformin 500mg,Antidiabetic,2025-07-30,2027-01-21,5484,11692,10598,6578,Chennai,Available
INV00312,P006,B202500312,Pantoprazole 40mg,Gastrointestinal,2026-06-26,2028-06-25,2283,7462,7229,2516,Chennai,Available
INV00313,P008,B202600313,Amlodipine 5mg,Cardiovascular,2025-04-05,2026-04-05,1483,14276,6036,9723,Mumbai,Available
INV00314,P014,B202500314,Diclofenac 50mg,Analgesic,2026-05-13,2029-05-12,1803,12203,10591,3415,Chennai,Available
INV00315,P007,B202600315,Ibuprofen 400mg,Analgesic,2025-08-24,2028-08-23,812,10983,1369,10426,Kolkata,Available
INV00316,P001,B202500316,Paracetamol 500mg,Analgesic,2025-01-15,2026-07-09,2401,10414,3595,9220,Mumbai,Available
INV00317,P012,B202600317,Losartan 50mg,Cardiovascular,2025-12-03,2028-12-02,5066,11720,8135,8651,Hyderabad,Available
INV00318,P014,B202500318,Diclofenac 50mg,Analgesic,2026-06-02,2027-11-24,2194,7578,2687,7085,Delhi,Available
INV00319,P018,B202600319,Doxycycline 100mg,Antibiotic,2025-12-24,2026-12-24,3489,14097,3964,13622,Delhi,Available
INV00320,P014,B202500320,Diclofenac 50mg,Analgesic,2025-07-17,2027-07-17,4282,3566,2921,4927,Mumbai,Available
INV00321,P001,B202600321,Paracetamol 500mg,Analgesic,2026-06-20,2028-06-19,844,17492,10262,8074,Bangalore,Available
INV00322,P004,B202500322,Metformin 500mg,Antidiabetic,2025-08-07,2027-08-07,7395,9062,7341,9116,Bangalore,Available
INV00323,P014,B202600323,Diclofenac 50mg,Analgesic,2026-07-04,2028-07-03,4822,6645,10943,524,Bangalore,Low Stock
INV00324,P006,B202500324,Pantoprazole 40mg,Gastrointestinal,2025-03-25,2028-03-24,5085,18526,7982,15629,Delhi,Available
INV00325,P011,B202600325,Insulin Glargine,Antidiabetic,2025-05-02,2027-05-02,7010,19342,6588,19764,Kolkata,Available
INV00326,P019,B202500326,Vitamin D3 60000IU,Supplement,2025-11-10,2027-05-04,1855,6102,6995,962,Bangalore,Low Stock
INV00327,P008,B202600327,Amlodipine 5mg,Cardiovascular,2026-02-24,2027-02-24,9755,13340,340,22755,Hyderabad,Available
INV00328,P015,B202500328,Montelukast 10mg,Respiratory,2026-06-02,2029-06-01,8586,2420,8031,2975,Bangalore,Available
INV00329,P002,B202600329,Amoxicillin 500mg,Antibiotic,2026-02-20,2027-08-14,6656,17179,825,23010,Delhi,Available
INV00330,P017,B202500330,Levothyroxine 50mcg,Endocrine,2025-09-22,2027-09-22,5230,18237,598,22869,Kolkata,Available
INV00331,P017,B202600331,Levothyroxine 50mcg,Endocrine,2026-05-03,2027-10-25,5401,8011,3020,10392,Kolkata,Available
INV00332,P011,B202500332,Insulin Glargine,Antidiabetic,2026-03-11,2027-03-11,7995,13518,11972,9541,Bangalore,Available
INV00333,P011,B202600333,Insulin Glargine,Antidiabetic,2025-11-03,2027-11-03,1016,9989,3296,7709,Delhi,Available
INV00334,P005,B202500334,Atorvastatin 20mg,Cardiovascular,2025-09-19,2027-09-19,1108,15949,8589,8468,Bangalore,Available
INV00335,P002,B202600335,Amoxicillin 500mg,Antibiotic,2026-05-26,2027-11-17,8678,10486,4107,15057,Hyderabad,Available
INV00336,P014,B202500336,Diclofenac 50mg,Analgesic,2025-03-07,2026-08-29,3785,3929,2722,4992,Delhi,Available
INV00337,P014,B202600337,Diclofenac 50mg,Analgesic,2025-02-21,2028-02-21,8846,14148,11092,11902,Mumbai,Available
INV00338,P017,B202500338,Levothyroxine 50mcg,Endocrine,2026-03-13,2028-03-12,2205,11594,10817,2982,Kolkata,Available
INV00339,P009,B202600339,Cetirizine 10mg,Antiallergic,2025-05-29,2027-05-29,1221,3870,2861,2230,Kolkata,Available
INV00340,P007,B202500340,Ibuprofen 400mg,Analgesic,2025-09-23,2027-03-17,4685,1134,3461,2358,Delhi,Available
INV00341,P007,B202600341,Ibuprofen 400mg,Analgesic,2025-06-08,2028-06-07,2284,1894,168,4010,Kolkata,Available
INV00342,P008,B202500342,Amlodipine 5mg,Cardiovascular,2025-03-03,2028-03-02,1912,7397,192,9117,Chennai,Available
INV00343,P014,B202600343,Diclofenac 50mg,Analgesic,2026-03-30,2027-09-21,3617,18825,9860,12582,Bangalore,Available
INV00344,P014,B202500344,Diclofenac 50mg,Analgesic,2026-05-03,2028-05-02,6579,1018,228,7369,Bangalore,Available
INV00345,P004,B202600345,Metformin 500mg,Antidiabetic,2026-08-18,2028-08-17,7932,6616,11251,3297,Hyderabad,Available
INV00346,P019,B202500346,Vitamin D3 60000IU,Supplement,2025-01-19,2026-01-19,1249,16045,3090,14204,Mumbai,Available
INV00347,P010,B202600347,Omeprazole 20mg,Gastrointestinal,2026-04-19,2027-10-11,563,8343,2566,6340,Chennai,Available
INV00348,P016,B202500348,Salbutamol Inhaler,Respiratory,2025-02-25,2028-02-25,1169,12775,4671,9273,Hyderabad,Available
INV00349,P010,B202600349,Omeprazole 20mg,Gastrointestinal,2025-07-06,2028-07-05,9685,16501,5270,20916,Delhi,Available
INV00350,P009,B202500350,Cetirizine 10mg,Antiallergic,2026-04-22,2028-04-21,4947,8780,4500,9227,Delhi,Available
INV00351,P014,B202600351,Diclofenac 50mg,Analgesic,2025-09-17,2028-09-16,8354,9152,10909,6597,Hyderabad,Available
INV00352,P019,B202500352,Vitamin D3 60000IU,Supplement,2025-06-26,2027-06-26,3194,9401,4081,8514,Chennai,Available
INV00353,P002,B202600353,Amoxicillin 500mg,Antibiotic,2026-05-18,2029-05-17,5848,11398,8400,8846,Hyderabad,Available
INV00354,P015,B202500354,Montelukast 10mg,Respiratory,2025-05-12,2027-05-12,3403,15177,9493,9087,Hyderabad,Available
INV00355,P013,B202600355,Ciprofloxacin 500mg,Antibiotic,2025-10-27,2027-04-20,6089,19861,29,25921,Kolkata,Available
INV00356,P018,B202500356,Doxycycline 100mg,Antibiotic,2025-11-14,2027-11-14,4007,3453,4263,3197,Chennai,Available
INV00357,P005,B202600357,Atorvastatin 20mg,Cardiovascular,2026-03-07,2028-03-06,7704,7460,4704,10460,Mumbai,Available
INV00358,P018,B202500358,Doxycycline 100mg,Antibiotic,2026-06-25,2027-12-17,9715,11840,4621,16934,Bangalore,Available
INV00359,P013,B202600359,Ciprofloxacin 500mg,Antibiotic,2026-01-22,2029-01-21,7323,1563,5039,3847,Chennai,Available
INV00360,P010,B202500360,Omeprazole 20mg,Gastrointestinal,2025-09-15,2028-09-14,6308,13946,5569,14685,Hyderabad,Available
INV00361,P011,B202600361,Insulin Glargine,Antidiabetic,2026-07-30,2028-07-29,7219,3358,10450,127,Hyderabad,Low Stock
INV00362,P020,B202500362,Enoxaparin 40mg,Anticoagulant,2025-09-25,2028-09-24,8973,15352,10997,13328,Delhi,Available
INV00363,P017,B202600363,Levothyroxine 50mcg,Endocrine,2025-04-14,2026-04-14,5662,16387,9185,12864,Delhi,Available
INV00364,P011,B202500364,Insulin Glargine,Antidiabetic,2026-01-01,2028-12-31,8498,3083,6899,4682,Mumbai,Available
INV00365,P016,B202600365,Salbutamol Inhaler,Respiratory,2025-10-31,2028-10-30,4607,13903,1303,17207,Kolkata,Available
INV00366,P004,B202500366,Metformin 500mg,Antidiabetic,2025-08-16,2028-08-15,9691,10203,5817,14077,Bangalore,Available
INV00367,P020,B202600367,Enoxaparin 40mg,Anticoagulant,2025-01-10,2026-01-10,4998,1069,997,5070,Delhi,Available
INV00368,P015,B202500368,Montelukast 10mg,Respiratory,2025-06-28,2028-06-27,6273,5337,8272,3338,Delhi,Available
INV00369,P017,B202600369,Levothyroxine 50mcg,Endocrine,2025-04-03,2026-04-03,3384,7487,9662,1209,Chennai,Available
INV00370,P011,B202500370,Insulin Glargine,Antidiabetic,2025-11-21,2028-11-20,4744,5279,1372,8651,Hyderabad,Available
INV00371,P014,B202600371,Diclofenac 50mg,Analgesic,2025-10-10,2027-04-03,5061,19523,11972,12612,Bangalore,Available
INV00372,P003,B202500372,Azithromycin 500mg,Antibiotic,2025-05-27,2028-05-26,4865,17410,7761,14514,Delhi,Available
INV00373,P006,B202600373,Pantoprazole 40mg,Gastrointestinal,2025-07-26,2026-07-26,5433,6327,3439,8321,Bangalore,Available
INV00374,P016,B202500374,Salbutamol Inhaler,Respiratory,2026-07-18,2028-01-09,5592,18591,6138,18045,Delhi,Available
INV00375,P009,B202600375,Cetirizine 10mg,Antiallergic,2025-11-05,2027-11-05,7255,12480,6047,13688,Bangalore,Available
INV00376,P019,B202500376,Vitamin D3 60000IU,Supplement,2026-06-17,2027-06-17,3286,19494,3853,18927,Chennai,Available
INV00377,P016,B202600377,Salbutamol Inhaler,Respiratory,2026-06-01,2027-06-01,5088,11745,10047,6786,Hyderabad,Available
INV00378,P007,B202500378,Ibuprofen 400mg,Analgesic,2025-04-18,2028-04-17,9990,3668,2797,10861,Hyderabad,Available
INV00379,P018,B202600379,Doxycycline 100mg,Antibiotic,2025-09-25,2027-03-19,3562,12364,4644,11282,Bangalore,Available
INV00380,P017,B202500380,Levothyroxine 50mcg,Endocrine,2025-09-11,2027-03-05,7420,15161,1860,20721,Bangalore,Available
INV00381,P001,B202600381,Paracetamol 500mg,Analgesic,2026-04-05,2028-04-04,8025,12902,4820,16107,Delhi,Available
INV00382,P015,B202500382,Montelukast 10mg,Respiratory,2025-08-28,2028-08-27,9047,16214,11908,13353,Mumbai,Available
INV00383,P003,B202600383,Azithromycin 500mg,Antibiotic,2025-10-18,2027-10-18,7904,8382,3511,12775,Mumbai,Available
INV00384,P017,B202500384,Levothyroxine 50mcg,Endocrine,2025-02-06,2026-07-31,2684,16314,5636,13362,Bangalore,Available
INV00385,P006,B202600385,Pantoprazole 40mg,Gastrointestinal,2025-01-27,2026-07-21,9978,11777,10434,11321,Chennai,Available
INV00386,P018,B202500386,Doxycycline 100mg,Antibiotic,2025-07-06,2028-07-05,2767,9328,8175,3920,Hyderabad,Available
INV00387,P006,B202600387,Pantoprazole 40mg,Gastrointestinal,2025-03-20,2026-03-20,5261,19749,2640,22370,Mumbai,Available
INV00388,P019,B202500388,Vitamin D3 60000IU,Supplement,2026-04-09,2027-04-09,5256,3720,2217,6759,Hyderabad,Available
INV00389,P013,B202600389,Ciprofloxacin 500mg,Antibiotic,2025-04-30,2026-10-22,2645,7781,6840,3586,Mumbai,Available
INV00390,P007,B202500390,Ibuprofen 400mg,Analgesic,2025-11-07,2027-11-07,645,17915,10998,7562,Delhi,Available
INV00391,P012,B202600391,Losartan 50mg,Cardiovascular,2026-02-21,2027-08-15,3972,7701,1864,9809,Kolkata,Available
INV00392,P007,B202500392,Ibuprofen 400mg,Analgesic,2025-06-20,2028-06-19,5314,12815,2945,15184,Hyderabad,Available
INV00393,P015,B202600393,Montelukast 10mg,Respiratory,2025-09-28,2026-09-28,8438,8652,8021,9069,Mumbai,Available
INV00394,P012,B202500394,Losartan 50mg,Cardiovascular,2026-04-11,2029-04-10,2469,13777,10976,5270,Delhi,Available
INV00395,P003,B202600395,Azithromycin 500mg,Antibiotic,2025-04-24,2026-04-24,1510,15321,11582,5249,Delhi,Available
INV00396,P012,B202500396,Losartan 50mg,Cardiovascular,2026-04-10,2027-10-02,4988,12191,3656,13523,Bangalore,Available
INV00397,P012,B202600397,Losartan 50mg,Cardiovascular,2026-05-09,2027-05-09,2558,5997,6883,1672,Delhi,Available
INV00398,P011,B202500398,Insulin Glargine,Antidiabetic,2026-01-23,2027-07-17,7279,1574,1006,7847,Chennai,Available
INV00399,P014,B202600399,Diclofenac 50mg,Analgesic,2025-04-16,2026-10-08,992,13765,9071,5686,Hyderabad,Available
INV00400,P008,B202500400,Amlodipine 5mg,Cardiovascular,2025-05-23,2026-11-14,3087,5694,3778,5003,Kolkata,Available
INV00401,P016,B202600401,Salbutamol Inhaler,Respiratory,2025-06-28,2028-06-27,2497,18304,3711,17090,Delhi,Available
INV00402,P005,B202500402,Atorvastatin 20mg,Cardiovascular,2026-04-03,2027-09-25,8790,2575,5705,5660,Bangalore,Available
INV00403,P018,B202600403,Doxycycline 100mg,Antibiotic,2025-09-08,2027-09-08,8855,11177,687,19345,Hyderabad,Available
INV00404,P005,B202500404,Atorvastatin 20mg,Cardiovascular,2026-07-03,2029-07-02,5031,17911,2952,19990,Chennai,Available
INV00405,P008,B202600405,Amlodipine 5mg,Cardiovascular,2025-05-25,2026-11-16,4488,7453,2522,9419,Mumbai,Available
INV00406,P003,B202500406,Azithromycin 500mg,Antibiotic,2026-08-05,2028-01-27,1520,11941,10598,2863,Mumbai,Available
INV00407,P017,B202600407,Levothyroxine 50mcg,Endocrine,2026-01-02,2028-01-02,3314,1701,1734,3281,Kolkata,Available
INV00408,P016,B202500408,Salbutamol Inhaler,Respiratory,2026-04-16,2029-04-15,4046,7118,10329,835,Delhi,Low Stock
INV00409,P006,B202600409,Pantoprazole 40mg,Gastrointestinal,2025-06-16,2028-06-15,1006,2172,2345,833,Bangalore,Low Stock
INV00410,P004,B202500410,Metformin 500mg,Antidiabetic,2026-08-18,2028-02-09,7413,10254,1086,16581,Hyderabad,Available
INV00411,P016,B202600411,Salbutamol Inhaler,Respiratory,2025-02-26,2027-02-26,3806,8036,11277,565,Delhi,Low Stock
INV00412,P013,B202500412,Ciprofloxacin 500mg,Antibiotic,2025-07-30,2027-01-21,7015,1739,2077,6677,Delhi,Available
INV00413,P013,B202600413,Ciprofloxacin 500mg,Antibiotic,2025-02-25,2028-02-25,5654,5516,8400,2770,Kolkata,Available
INV00414,P009,B202500414,Cetirizine 10mg,Antiallergic,2025-06-20,2026-12-12,6130,1900,3882,4148,Bangalore,Available
INV00415,P001,B202600415,Paracetamol 500mg,Analgesic,2025-09-16,2027-09-16,8892,2665,2820,8737,Mumbai,Available
INV00416,P012,B202500416,Losartan 50mg,Cardiovascular,2026-08-16,2028-08-15,5614,2155,627,7142,Bangalore,Available
INV00417,P014,B202600417,Diclofenac 50mg,Analgesic,2025-07-18,2026-07-18,6866,16492,5268,18090,Kolkata,Available
INV00418,P015,B202500418,Montelukast 10mg,Respiratory,2026-03-06,2029-03-05,2246,15409,11493,6162,Kolkata,Available
INV00419,P012,B202600419,Losartan 50mg,Cardiovascular,2026-03-29,2029-03-28,8596,18058,9989,16665,Mumbai,Available
INV00420,P015,B202500420,Montelukast 10mg,Respiratory,2025-09-04,2028-09-03,8198,18759,7060,19897,Mumbai,Available
INV00421,P004,B202600421,Metformin 500mg,Antidiabetic,2026-01-18,2028-01-18,5392,13850,10213,9029,Bangalore,Available
INV00422,P009,B202500422,Cetirizine 10mg,Antiallergic,2026-03-10,2029-03-09,7895,16188,10261,13822,Kolkata,Available
INV00423,P013,B202600423,Ciprofloxacin 500mg,Antibiotic,2025-05-30,2027-05-30,7242,2913,7687,2468,Delhi,Available
INV00424,P019,B202500424,Vitamin D3 60000IU,Supplement,2025-05-08,2028-05-07,4756,11897,7920,8733,Delhi,Available
INV00425,P019,B202600425,Vitamin D3 60000IU,Supplement,2025-04-11,2027-04-11,9763,5182,3060,11885,Mumbai,Available
INV00426,P015,B202500426,Montelukast 10mg,Respiratory,2026-07-30,2029-07-29,8043,9383,7745,9681,Hyderabad,Available
INV00427,P010,B202600427,Omeprazole 20mg,Gastrointestinal,2025-04-24,2026-04-24,8637,16290,6129,18798,Bangalore,Available
INV00428,P002,B202500428,Amoxicillin 500mg,Antibiotic,2025-03-09,2027-03-09,2433,5753,7049,1137,Kolkata,Available
INV00429,P016,B202600429,Salbutamol Inhaler,Respiratory,2025-07-05,2027-07-05,2402,17301,1018,18685,Chennai,Available
INV00430,P011,B202500430,Insulin Glargine,Antidiabetic,2026-03-31,2027-09-22,2002,15275,7573,9704,Mumbai,Available
INV00431,P008,B202600431,Amlodipine 5mg,Cardiovascular,2025-07-26,2027-01-17,2985,6365,2600,6750,Bangalore,Available
INV00432,P019,B202500432,Vitamin D3 60000IU,Supplement,2025-05-22,2026-05-22,1936,19776,5721,15991,Hyderabad,Available
INV00433,P009,B202600433,Cetirizine 10mg,Antiallergic,2025-02-23,2026-08-17,2862,16261,701,18422,Mumbai,Available
INV00434,P016,B202500434,Salbutamol Inhaler,Respiratory,2026-05-16,2028-05-15,2614,7403,2226,7791,Delhi,Available
INV00435,P006,B202600435,Pantoprazole 40mg,Gastrointestinal,2026-01-14,2028-01-14,9429,8037,11536,5930,Mumbai,Available
INV00436,P014,B202500436,Diclofenac 50mg,Analgesic,2026-02-01,2029-01-31,4957,16056,4264,16749,Mumbai,Available
INV00437,P010,B202600437,Omeprazole 20mg,Gastrointestinal,2026-02-27,2028-02-27,1243,16373,9097,8519,Bangalore,Available
INV00438,P020,B202500438,Enoxaparin 40mg,Anticoagulant,2026-02-01,2027-02-01,5168,16887,3358,18697,Kolkata,Available
INV00439,P009,B202600439,Cetirizine 10mg,Antiallergic,2025-05-16,2026-11-07,5486,14075,11135,8426,Hyderabad,Available
INV00440,P020,B202500440,Enoxaparin 40mg,Anticoagulant,2025-11-13,2026-11-13,9302,7631,7447,9486,Chennai,Available
INV00441,P001,B202600441,Paracetamol 500mg,Analgesic,2025-05-13,2027-05-13,3585,1177,110,4652,Chennai,Available
INV00442,P004,B202500442,Metformin 500mg,Antidiabetic,2025-03-02,2027-03-02,1630,13409,6529,8510,Delhi,Available
INV00443,P010,B202600443,Omeprazole 20mg,Gastrointestinal,2026-04-13,2028-04-12,4445,1292,1569,4168,Bangalore,Available
INV00444,P001,B202500444,Paracetamol 500mg,Analgesic,2025-06-13,2026-06-13,1229,6935,4136,4028,Hyderabad,Available
INV00445,P006,B202600445,Pantoprazole 40mg,Gastrointestinal,2025-01-13,2026-01-13,1995,9606,7728,3873,Chennai,Available
INV00446,P013,B202500446,Ciprofloxacin 500mg,Antibiotic,2026-01-06,2029-01-05,2928,16165,11243,7850,Delhi,Available
INV00447,P017,B202600447,Levothyroxine 50mcg,Endocrine,2025-03-24,2028-03-23,5859,5209,681,10387,Chennai,Available
INV00448,P009,B202500448,Cetirizine 10mg,Antiallergic,2025-07-06,2026-12-28,9915,9128,945,18098,Hyderabad,Available
INV00449,P003,B202600449,Azithromycin 500mg,Antibiotic,2026-02-16,2029-02-15,8489,13025,9222,12292,Mumbai,Available
INV00450,P013,B202500450,Ciprofloxacin 500mg,Antibiotic,2025-03-06,2027-03-06,5796,1590,4050,3336,Chennai,Available
INV00451,P008,B202600451,Amlodipine 5mg,Cardiovascular,2025-11-23,2027-05-17,3072,3460,2141,4391,Chennai,Available
INV00452,P019,B202500452,Vitamin D3 60000IU,Supplement,2026-01-17,2028-01-17,6331,10042,5076,11297,Delhi,Available
INV00453,P016,B202600453,Salbutamol Inhaler,Respiratory,2025-09-06,2027-09-06,4967,6425,3307,8085,Bangalore,Available
INV00454,P009,B202500454,Cetirizine 10mg,Antiallergic,2026-03-04,2028-03-03,9864,1758,8841,2781,Chennai,Available
INV00455,P009,B202600455,Cetirizine 10mg,Antiallergic,2025-06-19,2026-12-11,6985,17382,7713,16654,Delhi,Available
INV00456,P014,B202500456,Diclofenac 50mg,Analgesic,2025-02-12,2027-02-12,900,19223,10671,9452,Delhi,Available
INV00457,P008,B202600457,Amlodipine 5mg,Cardiovascular,2026-03-16,2028-03-15,7202,10796,2835,15163,Bangalore,Available
INV00458,P006,B202500458,Pantoprazole 40mg,Gastrointestinal,2025-11-14,2027-05-08,5310,6276,10867,719,Mumbai,Low Stock
INV00459,P017,B202600459,Levothyroxine 50mcg,Endocrine,2025-08-23,2027-02-14,6237,5999,2638,9598,Mumbai,Available
INV00460,P017,B202500460,Levothyroxine 50mcg,Endocrine,2025-03-28,2026-09-19,6885,14419,5213,16091,Bangalore,Available
INV00461,P001,B202600461,Paracetamol 500mg,Analgesic,2025-10-09,2028-10-08,768,17862,8111,10519,Bangalore,Available
INV00462,P007,B202500462,Ibuprofen 400mg,Analgesic,2025-05-13,2028-05-12,5770,7158,3336,9592,Delhi,Available
INV00463,P001,B202600463,Paracetamol 500mg,Analgesic,2025-06-04,2026-06-04,6391,13715,5604,14502,Bangalore,Available
INV00464,P008,B202500464,Amlodipine 5mg,Cardiovascular,2026-05-21,2027-05-21,2052,3119,4224,947,Bangalore,Low Stock
INV00465,P012,B202600465,Losartan 50mg,Cardiovascular,2026-08-23,2028-08-22,4417,4929,18,9328,Bangalore,Available
INV00466,P020,B202500466,Enoxaparin 40mg,Anticoagulant,2025-03-28,2026-03-28,8253,8953,4284,12922,Chennai,Available
INV00467,P011,B202600467,Insulin Glargine,Antidiabetic,2026-07-03,2027-12-25,7273,17699,5563,19409,Hyderabad,Available
INV00468,P020,B202500468,Enoxaparin 40mg,Anticoagulant,2025-05-17,2026-05-17,5993,19751,1037,24707,Kolkata,Available
INV00469,P017,B202600469,Levothyroxine 50mcg,Endocrine,2026-07-12,2028-01-03,2920,10731,1709,11942,Kolkata,Available
INV00470,P014,B202500470,Diclofenac 50mg,Analgesic,2025-10-17,2027-10-17,7265,10940,10078,8127,Kolkata,Available
INV00471,P019,B202600471,Vitamin D3 60000IU,Supplement,2026-01-08,2028-01-08,3455,1724,2072,3107,Kolkata,Available
INV00472,P003,B202500472,Azithromycin 500mg,Antibiotic,2025-11-24,2026-11-24,4578,3723,6099,2202,Chennai,Available
INV00473,P016,B202600473,Salbutamol Inhaler,Respiratory,2026-02-27,2027-02-27,5538,2991,3193,5336,Delhi,Available
INV00474,P014,B202500474,Diclofenac 50mg,Analgesic,2025-02-28,2028-02-28,4860,17744,6330,16274,Delhi,Available
INV00475,P014,B202600475,Diclofenac 50mg,Analgesic,2026-05-07,2027-05-07,5357,1569,3287,3639,Chennai,Available
INV00476,P018,B202500476,Doxycycline 100mg,Antibiotic,2025-06-20,2026-12-12,5740,8522,2137,12125,Hyderabad,Available
INV00477,P009,B202600477,Cetirizine 10mg,Antiallergic,2025-11-08,2028-11-07,5676,8355,7926,6105,Chennai,Available
INV00478,P009,B202500478,Cetirizine 10mg,Antiallergic,2025-10-21,2026-10-21,8716,17470,2099,24087,Mumbai,Available
INV00479,P006,B202600479,Pantoprazole 40mg,Gastrointestinal,2026-07-08,2027-07-08,2470,6983,5294,4159,Hyderabad,Available
INV00480,P011,B202500480,Insulin Glargine,Antidiabetic,2026-03-25,2029-03-24,1441,3638,483,4596,Kolkata,Available
INV00481,P014,B202600481,Diclofenac 50mg,Analgesic,2025-11-15,2028-11-14,6068,5473,5888,5653,Chennai,Available
INV00482,P001,B202500482,Paracetamol 500mg,Analgesic,2025-12-30,2027-06-23,1160,6007,3215,3952,Mumbai,Available
INV00483,P006,B202600483,Pantoprazole 40mg,Gastrointestinal,2026-01-25,2027-07-19,5228,16168,1118,20278,Mumbai,Available
INV00484,P002,B202500484,Amoxicillin 500mg,Antibiotic,2026-07-11,2027-07-11,8289,4627,3889,9027,Delhi,Available
INV00485,P017,B202600485,Levothyroxine 50mcg,Endocrine,2025-04-17,2026-04-17,8877,7117,2517,13477,Chennai,Available
INV00486,P002,B202500486,Amoxicillin 500mg,Antibiotic,2026-06-05,2029-06-04,8637,6611,1370,13878,Mumbai,Available
INV00487,P007,B202600487,Ibuprofen 400mg,Analgesic,2026-07-30,2028-07-29,9472,15267,8579,16160,Bangalore,Available
INV00488,P002,B202500488,Amoxicillin 500mg,Antibiotic,2025-01-28,2027-01-28,2416,19793,1592,20617,Kolkata,Available
INV00489,P014,B202600489,Diclofenac 50mg,Analgesic,2025-03-05,2026-03-05,4262,7440,3692,8010,Delhi,Available
INV00490,P003,B202500490,Azithromycin 500mg,Antibiotic,2025-03-19,2027-03-19,9908,6203,11184,4927,Mumbai,Available
INV00491,P007,B202600491,Ibuprofen 400mg,Analgesic,2025-02-24,2026-08-18,5231,13612,1898,16945,Hyderabad,Available
INV00492,P009,B202500492,Cetirizine 10mg,Antiallergic,2025-02-11,2026-02-11,6476,19124,6876,18724,Bangalore,Available
INV00493,P020,B202600493,Enoxaparin 40mg,Anticoagulant,2025-11-10,2027-11-10,2371,11990,916,13445,Delhi,Available
INV00494,P005,B202500494,Atorvastatin 20mg,Cardiovascular,2026-06-30,2027-06-30,6700,3648,7111,3237,Mumbai,Available
INV00495,P020,B202600495,Enoxaparin 40mg,Anticoagulant,2026-01-27,2027-07-21,1329,12319,5292,8356,Bangalore,Available
INV00496,P012,B202500496,Losartan 50mg,Cardiovascular,2025-05-06,2026-05-06,585,8069,1889,6765,Bangalore,Available
INV00497,P009,B202600497,Cetirizine 10mg,Antiallergic,2025-05-13,2026-05-13,4934,2201,7067,68,Mumbai,Low Stock
INV00498,P020,B202500498,Enoxaparin 40mg,Anticoagulant,2026-06-13,2029-06-12,5656,9039,8639,6056,Bangalore,Available
INV00499,P017,B202600499,Levothyroxine 50mcg,Endocrine,2025-07-14,2026-07-14,2758,5604,118,8244,Chennai,Available
INV00500,P002,B202500500,Amoxicillin 500mg,Antibiotic,2026-05-24,2027-11-15,7323,7453,1584,13192,Hyderabad,Available
INV00501,P013,B202600501,Ciprofloxacin 500mg,Antibiotic,2026-03-06,2027-08-28,3892,18956,10223,12625,Mumbai,Available
INV00502,P005,B202500502,Atorvastatin 20mg,Cardiovascular,2025-06-30,2027-06-30,5884,4498,683,9699,Mumbai,Available
INV00503,P016,B202600503,Salbutamol Inhaler,Respiratory,2025-04-02,2026-09-24,2035,5600,4674,2961,Hyderabad,Available
INV00504,P006,B202500504,Pantoprazole 40mg,Gastrointestinal,2026-08-21,2027-08-21,2298,18666,6603,14361,Bangalore,Available
INV00505,P009,B202600505,Cetirizine 10mg,Antiallergic,2025-12-06,2027-05-30,5709,13322,3007,16024,Chennai,Available
INV00506,P010,B202500506,Omeprazole 20mg,Gastrointestinal,2026-08-02,2027-08-02,3580,14704,10739,7545,Hyderabad,Available
INV00507,P020,B202600507,Enoxaparin 40mg,Anticoagulant,2025-04-27,2026-10-19,3491,9062,10829,1724,Chennai,Available
INV00508,P016,B202500508,Salbutamol Inhaler,Respiratory,2025-06-02,2028-06-01,4638,13387,8373,9652,Delhi,Available
INV00509,P013,B202600509,Ciprofloxacin 500mg,Antibiotic,2025-10-16,2027-10-16,9100,8406,6131,11375,Hyderabad,Available
INV00510,P008,B202500510,Amlodipine 5mg,Cardiovascular,2026-04-09,2028-04-08,2506,11377,9744,4139,Bangalore,Available
INV00511,P002,B202600511,Amoxicillin 500mg,Antibiotic,2025-08-24,2027-08-24,3476,16600,10162,9914,Delhi,Available
INV00512,P008,B202500512,Amlodipine 5mg,Cardiovascular,2025-01-26,2028-01-26,9006,9405,6198,12213,Chennai,Available
INV00513,P014,B202600513,Diclofenac 50mg,Analgesic,2025-03-23,2027-03-23,9285,15263,5767,18781,Delhi,Available
INV00514,P006,B202500514,Pantoprazole 40mg,Gastrointestinal,2026-02-01,2027-02-01,3748,6036,3281,6503,Mumbai,Available
INV00515,P002,B202600515,Amoxicillin 500mg,Antibiotic,2026-03-07,2027-08-29,9522,4437,8029,5930,Hyderabad,Available
INV00516,P011,B202500516,Insulin Glargine,Antidiabetic,2025-10-22,2027-04-15,6720,16736,3800,19656,Kolkata,Available
INV00517,P004,B202600517,Metformin 500mg,Antidiabetic,2025-06-25,2026-12-17,9558,3253,4741,8070,Mumbai,Available
INV00518,P017,B202500518,Levothyroxine 50mcg,Endocrine,2025-10-19,2028-10-18,7533,14370,9035,12868,Bangalore,Available
INV00519,P009,B202600519,Cetirizine 10mg,Antiallergic,2025-12-18,2026-12-18,1628,3579,4109,1098,Delhi,Available
INV00520,P006,B202500520,Pantoprazole 40mg,Gastrointestinal,2026-03-19,2028-03-18,8257,18292,10587,15962,Hyderabad,Available
INV00521,P016,B202600521,Salbutamol Inhaler,Respiratory,2025-08-24,2027-02-15,6648,12442,5036,14054,Kolkata,Available
INV00522,P004,B202500522,Metformin 500mg,Antidiabetic,2025-02-28,2026-02-28,8236,8725,5248,11713,Delhi,Available
INV00523,P009,B202600523,Cetirizine 10mg,Antiallergic,2025-12-11,2026-12-11,1984,18709,5408,15285,Hyderabad,Available
INV00524,P008,B202500524,Amlodipine 5mg,Cardiovascular,2025-07-20,2027-01-11,3289,14856,1281,16864,Hyderabad,Available
INV00525,P010,B202600525,Omeprazole 20mg,Gastrointestinal,2025-11-21,2028-11-20,9271,6651,6471,9451,Bangalore,Available
INV00526,P013,B202500526,Ciprofloxacin 500mg,Antibiotic,2025-04-02,2026-04-02,6882,4384,5378,5888,Bangalore,Available
INV00527,P015,B202600527,Montelukast 10mg,Respiratory,2026-04-04,2028-04-03,8442,9299,2237,15504,Bangalore,Available
INV00528,P005,B202500528,Atorvastatin 20mg,Cardiovascular,2025-05-01,2026-10-23,2536,12231,1780,12987,Delhi,Available
INV00529,P007,B202600529,Ibuprofen 400mg,Analgesic,2026-02-17,2028-02-17,9100,9358,3540,14918,Delhi,Available
INV00530,P014,B202500530,Diclofenac 50mg,Analgesic,2025-09-21,2027-09-21,4973,6811,3695,8089,Kolkata,Available
INV00531,P014,B202600531,Diclofenac 50mg,Analgesic,2025-02-27,2028-02-27,7264,1953,6709,2508,Delhi,Available
INV00532,P019,B202500532,Vitamin D3 60000IU,Supplement,2025-10-21,2027-10-21,3490,7111,6551,4050,Chennai,Available
INV00533,P018,B202600533,Doxycycline 100mg,Antibiotic,2026-04-08,2028-04-07,5253,7452,9215,3490,Hyderabad,Available
INV00534,P006,B202500534,Pantoprazole 40mg,Gastrointestinal,2026-06-05,2028-06-04,3865,17439,11553,9751,Hyderabad,Available
INV00535,P011,B202600535,Insulin Glargine,Antidiabetic,2025-10-18,2027-10-18,9535,11422,9579,11378,Delhi,Available
INV00536,P018,B202500536,Doxycycline 100mg,Antibiotic,2025-08-31,2027-02-22,4513,19934,7337,17110,Bangalore,Available
INV00537,P001,B202600537,Paracetamol 500mg,Analgesic,2025-11-08,2028-11-07,5053,11644,9581,7116,Delhi,Available
INV00538,P019,B202500538,Vitamin D3 60000IU,Supplement,2026-01-18,2028-01-18,7924,12910,600,20234,Mumbai,Available
INV00539,P003,B202600539,Azithromycin 500mg,Antibiotic,2025-11-03,2026-11-03,5338,7533,244,12627,Bangalore,Available
INV00540,P011,B202500540,Insulin Glargine,Antidiabetic,2025-02-17,2028-02-17,7708,14476,2065,20119,Chennai,Available
INV00541,P013,B202600541,Ciprofloxacin 500mg,Antibiotic,2025-08-23,2026-08-23,5525,16123,401,21247,Bangalore,Available
INV00542,P008,B202500542,Amlodipine 5mg,Cardiovascular,2025-11-03,2027-04-27,4549,5849,622,9776,Bangalore,Available
INV00543,P002,B202600543,Amoxicillin 500mg,Antibiotic,2026-02-19,2029-02-18,4633,2471,2953,4151,Kolkata,Available
INV00544,P005,B202500544,Atorvastatin 20mg,Cardiovascular,2025-10-22,2027-10-22,3634,9322,5661,7295,Mumbai,Available
INV00545,P015,B202600545,Montelukast 10mg,Respiratory,2025-12-15,2026-12-15,560,8803,8499,864,Bangalore,Low Stock
INV00546,P002,B202500546,Amoxicillin 500mg,Antibiotic,2026-02-12,2027-08-06,2691,4940,5075,2556,Delhi,Available
INV00547,P013,B202600547,Ciprofloxacin 500mg,Antibiotic,2025-06-18,2027-06-18,8670,7015,4756,10929,Bangalore,Available
INV00548,P013,B202500548,Ciprofloxacin 500mg,Antibiotic,2025-01-20,2026-01-20,7274,1368,8548,94,Mumbai,Low Stock
INV00549,P008,B202600549,Amlodipine 5mg,Cardiovascular,2025-11-18,2027-11-18,4866,17801,11545,11122,Hyderabad,Available
INV00550,P015,B202500550,Montelukast 10mg,Respiratory,2025-06-30,2028-06-29,2906,6606,6794,2718,Chennai,Available
INV00551,P003,B202600551,Azithromycin 500mg,Antibiotic,2025-11-30,2027-05-24,6312,11578,11831,6059,Kolkata,Available
INV00552,P014,B202500552,Diclofenac 50mg,Analgesic,2026-02-12,2029-02-11,2243,14789,9265,7767,Bangalore,Available
INV00553,P018,B202600553,Doxycycline 100mg,Antibiotic,2026-02-24,2027-08-18,5101,10302,11026,4377,Kolkata,Available
INV00554,P017,B202500554,Levothyroxine 50mcg,Endocrine,2026-01-27,2027-01-27,9191,3544,2001,10734,Bangalore,Available
INV00555,P019,B202600555,Vitamin D3 60000IU,Supplement,2025-10-23,2026-10-23,1267,8828,7306,2789,Kolkata,Available
INV00556,P012,B202500556,Losartan 50mg,Cardiovascular,2025-12-31,2028-12-30,9068,6316,11903,3481,Delhi,Available
INV00557,P019,B202600557,Vitamin D3 60000IU,Supplement,2025-03-12,2026-03-12,8904,13779,2100,20583,Kolkata,Available
INV00558,P003,B202500558,Azithromycin 500mg,Antibiotic,2026-02-14,2027-02-14,1170,16319,10169,7320,Bangalore,Available
INV00559,P002,B202600559,Amoxicillin 500mg,Antibiotic,2026-01-04,2027-01-04,7589,18398,9013,16974,Hyderabad,Available
INV00560,P004,B202500560,Metformin 500mg,Antidiabetic,2026-02-13,2027-02-13,5608,9527,8935,6200,Hyderabad,Available
INV00561,P016,B202600561,Salbutamol Inhaler,Respiratory,2026-02-24,2027-02-24,3888,2254,2760,3382,Hyderabad,Available
INV00562,P003,B202500562,Azithromycin 500mg,Antibiotic,2025-12-02,2027-12-02,1316,4525,482,5359,Chennai,Available
INV00563,P007,B202600563,Ibuprofen 400mg,Analgesic,2025-02-12,2026-02-12,9771,5859,8215,7415,Mumbai,Available
INV00564,P004,B202500564,Metformin 500mg,Antidiabetic,2025-07-04,2026-07-04,7597,7355,5991,8961,Bangalore,Available
INV00565,P017,B202600565,Levothyroxine 50mcg,Endocrine,2025-05-12,2027-05-12,8792,14551,7239,16104,Kolkata,Available
INV00566,P004,B202500566,Metformin 500mg,Antidiabetic,2026-08-02,2028-08-01,4394,5860,7639,2615,Kolkata,Available
INV00567,P014,B202600567,Diclofenac 50mg,Analgesic,2025-01-20,2026-07-14,7457,8551,9276,6732,Chennai,Available
INV00568,P002,B202500568,Amoxicillin 500mg,Antibiotic,2025-12-01,2026-12-01,5122,8302,9683,3741,Kolkata,Available
INV00569,P010,B202600569,Omeprazole 20mg,Gastrointestinal,2025-11-19,2027-11-19,6726,13072,9396,10402,Kolkata,Available
INV00570,P017,B202500570,Levothyroxine 50mcg,Endocrine,2025-03-22,2026-09-13,4882,10667,6342,9207,Chennai,Available
INV00571,P009,B202600571,Cetirizine 10mg,Antiallergic,2025-06-08,2026-11-30,8618,6917,249,15286,Kolkata,Available
INV00572,P004,B202500572,Metformin 500mg,Antidiabetic,2025-12-28,2028-12-27,3107,7465,2965,7607,Bangalore,Available
INV00573,P004,B202600573,Metformin 500mg,Antidiabetic,2025-04-23,2026-10-15,5542,1303,5792,1053,Chennai,Available
INV00574,P002,B202500574,Amoxicillin 500mg,Antibiotic,2026-05-21,2027-05-21,5825,9838,6026,9637,Kolkata,Available
INV00575,P019,B202600575,Vitamin D3 60000IU,Supplement,2025-06-17,2027-06-17,9613,14849,10653,13809,Mumbai,Available
INV00576,P006,B202500576,Pantoprazole 40mg,Gastrointestinal,2025-11-03,2028-11-02,9324,14032,8479,14877,Delhi,Available
INV00577,P007,B202600577,Ibuprofen 400mg,Analgesic,2025-09-11,2027-03-05,8248,11552,9517,10283,Bangalore,Available
INV00578,P016,B202500578,Salbutamol Inhaler,Respiratory,2025-11-01,2028-10-31,4981,10092,1529,13544,Chennai,Available
INV00579,P015,B202600579,Montelukast 10mg,Respiratory,2026-06-02,2027-06-02,2510,17663,504,19669,Delhi,Available
INV00580,P009,B202500580,Cetirizine 10mg,Antiallergic,2026-07-18,2029-07-17,9019,6493,7050,8462,Chennai,Available
INV00581,P020,B202600581,Enoxaparin 40mg,Anticoagulant,2025-01-05,2028-01-05,3876,3437,4501,2812,Chennai,Available
INV00582,P003,B202500582,Azithromycin 500mg,Antibiotic,2025-01-25,2028-01-25,9371,3969,10849,2491,Kolkata,Available
INV00583,P020,B202600583,Enoxaparin 40mg,Anticoagulant,2025-05-10,2027-05-10,9946,18151,7257,20840,Hyderabad,Available
INV00584,P002,B202500584,Amoxicillin 500mg,Antibiotic,2025-06-05,2026-06-05,2355,2423,3642,1136,Delhi,Available
INV00585,P011,B202600585,Insulin Glargine,Antidiabetic,2026-05-01,2027-10-23,4328,4931,4119,5140,Hyderabad,Available
INV00586,P012,B202500586,Losartan 50mg,Cardiovascular,2026-08-22,2028-08-21,3341,14073,9840,7574,Mumbai,Available
INV00587,P006,B202600587,Pantoprazole 40mg,Gastrointestinal,2026-03-05,2027-03-05,9975,7038,4203,12810,Chennai,Available
INV00588,P001,B202500588,Paracetamol 500mg,Analgesic,2025-05-02,2026-05-02,4215,11517,2155,13577,Mumbai,Available
INV00589,P016,B202600589,Salbutamol Inhaler,Respiratory,2026-07-18,2027-07-18,6461,1488,4136,3813,Kolkata,Available
INV00590,P016,B202500590,Salbutamol Inhaler,Respiratory,2025-05-20,2026-11-11,7944,16575,3371,21148,Bangalore,Available
INV00591,P009,B202600591,Cetirizine 10mg,Antiallergic,2026-01-07,2027-07-01,9381,16459,9455,16385,Bangalore,Available
INV00592,P018,B202500592,Doxycycline 100mg,Antibiotic,2026-03-30,2027-09-21,6101,16661,10875,11887,Delhi,Available
INV00593,P001,B202600593,Paracetamol 500mg,Analgesic,2026-01-07,2028-01-07,1059,16529,2418,15170,Kolkata,Available
INV00594,P012,B202500594,Losartan 50mg,Cardiovascular,2025-07-13,2026-07-13,669,15088,4526,11231,Kolkata,Available
INV00595,P005,B202600595,Atorvastatin 20mg,Cardiovascular,2026-07-07,2029-07-06,1466,13292,11277,3481,Hyderabad,Available
INV00596,P002,B202500596,Amoxicillin 500mg,Antibiotic,2026-06-10,2027-12-02,757,16965,8147,9575,Bangalore,Available
INV00597,P006,B202600597,Pantoprazole 40mg,Gastrointestinal,2025-01-11,2028-01-11,737,16122,6135,10724,Delhi,Available
INV00598,P017,B202500598,Levothyroxine 50mcg,Endocrine,2026-06-21,2027-06-21,669,3367,2755,1281,Delhi,Available
INV00599,P002,B202600599,Amoxicillin 500mg,Antibiotic,2025-05-21,2027-05-21,7437,7525,11396,3566,Kolkata,Available
INV00600,P016,B202500600,Salbutamol Inhaler,Respiratory,2025-09-30,2028-09-29,7415,10872,5325,12962,Chennai,Available
INV00601,P012,B202600601,Losartan 50mg,Cardiovascular,2025-04-20,2028-04-19,1149,14205,7872,7482,Delhi,Available
INV00602,P002,B202500602,Amoxicillin 500mg,Antibiotic,2025-10-23,2028-10-22,2775,14140,10305,6610,Kolkata,Available
INV00603,P011,B202600603,Insulin Glargine,Antidiabetic,2025-07-08,2027-07-08,5118,12915,8901,9132,Chennai,Available
INV00604,P005,B202500604,Atorvastatin 20mg,Cardiovascular,2026-03-30,2028-03-29,9343,13530,10702,12171,Kolkata,Available
INV00605,P020,B202600605,Enoxaparin 40mg,Anticoagulant,2026-03-23,2028-03-22,1622,8336,4733,5225,Chennai,Available
INV00606,P012,B202500606,Losartan 50mg,Cardiovascular,2025-09-21,2026-09-21,7300,9207,433,16074,Hyderabad,Available
INV00607,P018,B202600607,Doxycycline 100mg,Antibiotic,2025-03-13,2026-09-04,5364,2591,1317,6638,Kolkata,Available
INV00608,P012,B202500608,Losartan 50mg,Cardiovascular,2025-05-07,2026-05-07,4544,14749,8765,10528,Hyderabad,Available
INV00609,P015,B202600609,Montelukast 10mg,Respiratory,2026-06-22,2027-06-22,749,19219,6264,13704,Chennai,Available
INV00610,P007,B202500610,Ibuprofen 400mg,Analgesic,2025-06-29,2026-06-29,2561,9960,1269,11252,Kolkata,Available
INV00611,P011,B202600611,Insulin Glargine,Antidiabetic,2026-07-04,2028-07-03,3381,10783,1851,12313,Chennai,Available
INV00612,P015,B202500612,Montelukast 10mg,Respiratory,2025-03-30,2027-03-30,5611,4819,1273,9157,Chennai,Available
INV00613,P006,B202600613,Pantoprazole 40mg,Gastrointestinal,2025-11-08,2026-11-08,6707,1930,3103,5534,Delhi,Available
INV00614,P009,B202500614,Cetirizine 10mg,Antiallergic,2026-01-03,2027-01-03,4697,15374,4003,16068,Bangalore,Available
INV00615,P017,B202600615,Levothyroxine 50mcg,Endocrine,2026-04-12,2028-04-11,8081,15798,8959,14920,Delhi,Available
INV00616,P001,B202500616,Paracetamol 500mg,Analgesic,2025-12-25,2027-06-18,7847,9898,10864,6881,Delhi,Available
INV00617,P012,B202600617,Losartan 50mg,Cardiovascular,2026-07-06,2027-12-28,4068,8059,10501,1626,Chennai,Available
INV00618,P004,B202500618,Metformin 500mg,Antidiabetic,2025-10-23,2027-04-16,6644,1993,6168,2469,Chennai,Available
INV00619,P005,B202600619,Atorvastatin 20mg,Cardiovascular,2025-04-01,2027-04-01,2941,18890,9303,12528,Kolkata,Available
INV00620,P011,B202500620,Insulin Glargine,Antidiabetic,2026-07-18,2027-07-18,3254,1042,2911,1385,Delhi,Available
INV00621,P006,B202600621,Pantoprazole 40mg,Gastrointestinal,2025-07-02,2027-07-02,2213,10777,7363,5627,Hyderabad,Available
INV00622,P005,B202500622,Atorvastatin 20mg,Cardiovascular,2025-08-01,2027-08-01,2916,8206,6044,5078,Hyderabad,Available
INV00623,P012,B202600623,Losartan 50mg,Cardiovascular,2025-03-24,2026-03-24,2750,6443,274,8919,Kolkata,Available
INV00624,P007,B202500624,Ibuprofen 400mg,Analgesic,2026-04-28,2029-04-27,8106,16796,1201,23701,Mumbai,Available
INV00625,P015,B202600625,Montelukast 10mg,Respiratory,2025-12-12,2026-12-12,5890,16286,9945,12231,Mumbai,Available
INV00626,P005,B202500626,Atorvastatin 20mg,Cardiovascular,2025-07-05,2026-12-27,3792,6734,4812,5714,Bangalore,Available
INV00627,P006,B202600627,Pantoprazole 40mg,Gastrointestinal,2025-07-08,2026-07-08,8841,13834,10944,11731,Delhi,Available
INV00628,P003,B202500628,Azithromycin 500mg,Antibiotic,2026-06-27,2027-12-19,7002,8246,5931,9317,Mumbai,Available
INV00629,P006,B202600629,Pantoprazole 40mg,Gastrointestinal,2025-11-29,2027-11-29,692,3487,3520,659,Delhi,Low Stock
INV00630,P020,B202500630,Enoxaparin 40mg,Anticoagulant,2025-12-29,2027-12-29,9041,13549,3955,18635,Delhi,Available
INV00631,P005,B202600631,Atorvastatin 20mg,Cardiovascular,2025-07-20,2027-07-20,1915,13768,7009,8674,Hyderabad,Available
INV00632,P001,B202500632,Paracetamol 500mg,Analgesic,2026-02-27,2029-02-26,7436,8997,7843,8590,Mumbai,Available
INV00633,P008,B202600633,Amlodipine 5mg,Cardiovascular,2025-07-16,2026-07-16,9709,13658,2099,21268,Kolkata,Available
INV00634,P004,B202500634,Metformin 500mg,Antidiabetic,2025-12-23,2026-12-23,3932,13512,11990,5454,Kolkata,Available
INV00635,P018,B202600635,Doxycycline 100mg,Antibiotic,2025-05-22,2026-05-22,9104,18540,3343,24301,Bangalore,Available
INV00636,P013,B202500636,Ciprofloxacin 500mg,Antibiotic,2025-02-15,2026-02-15,9403,10417,1344,18476,Delhi,Available
INV00637,P008,B202600637,Amlodipine 5mg,Cardiovascular,2025-11-18,2028-11-17,2759,13284,9942,6101,Mumbai,Available
INV00638,P020,B202500638,Enoxaparin 40mg,Anticoagulant,2025-09-26,2027-03-20,8900,13083,10425,11558,Chennai,Available
INV00639,P015,B202600639,Montelukast 10mg,Respiratory,2025-05-25,2026-11-16,8713,12705,3362,18056,Hyderabad,Available
INV00640,P016,B202500640,Salbutamol Inhaler,Respiratory,2025-04-17,2026-04-17,7769,6479,9185,5063,Delhi,Available
INV00641,P020,B202600641,Enoxaparin 40mg,Anticoagulant,2025-11-11,2028-11-10,8579,5027,11954,1652,Chennai,Available
INV00642,P003,B202500642,Azithromycin 500mg,Antibiotic,2025-01-04,2026-06-28,654,7794,8418,30,Mumbai,Low Stock
INV00643,P001,B202600643,Paracetamol 500mg,Analgesic,2025-10-24,2026-10-24,8634,2720,8749,2605,Mumbai,Available
INV00644,P001,B202500644,Paracetamol 500mg,Analgesic,2026-02-08,2027-08-02,7830,12744,9447,11127,Mumbai,Available
INV00645,P001,B202600645,Paracetamol 500mg,Analgesic,2025-03-20,2026-09-11,4276,16093,4940,15429,Kolkata,Available
INV00646,P004,B202500646,Metformin 500mg,Antidiabetic,2025-08-19,2028-08-18,1679,7106,6605,2180,Delhi,Available
INV00647,P016,B202600647,Salbutamol Inhaler,Respiratory,2025-11-06,2028-11-05,8836,19517,1464,26889,Delhi,Available
INV00648,P003,B202500648,Azithromycin 500mg,Antibiotic,2025-05-18,2026-11-09,6639,9193,10377,5455,Hyderabad,Available
INV00649,P013,B202600649,Ciprofloxacin 500mg,Antibiotic,2026-04-03,2029-04-02,2830,14939,1017,16752,Delhi,Available
INV00650,P009,B202500650,Cetirizine 10mg,Antiallergic,2026-07-30,2029-07-29,9309,17161,4928,21542,Chennai,Available
INV00651,P001,B202600651,Paracetamol 500mg,Analgesic,2025-12-01,2026-12-01,7380,19368,8177,18571,Kolkata,Available
INV00652,P005,B202500652,Atorvastatin 20mg,Cardiovascular,2026-08-20,2028-08-19,6907,15642,7675,14874,Hyderabad,Available
INV00653,P013,B202600653,Ciprofloxacin 500mg,Antibiotic,2026-01-28,2029-01-27,5074,10534,6038,9570,Bangalore,Available
INV00654,P002,B202500654,Amoxicillin 500mg,Antibiotic,2025-01-13,2027-01-13,4479,17448,8427,13500,Bangalore,Available
INV00655,P003,B202600655,Azithromycin 500mg,Antibiotic,2025-08-08,2028-08-07,962,4560,163,5359,Mumbai,Available
INV00656,P020,B202500656,Enoxaparin 40mg,Anticoagulant,2026-02-15,2027-08-09,1871,7755,5049,4577,Hyderabad,Available
INV00657,P015,B202600657,Montelukast 10mg,Respiratory,2026-08-12,2027-08-12,2896,3398,4568,1726,Mumbai,Available
INV00658,P006,B202500658,Pantoprazole 40mg,Gastrointestinal,2025-05-12,2026-05-12,5023,13982,2820,16185,Bangalore,Available
INV00659,P010,B202600659,Omeprazole 20mg,Gastrointestinal,2026-02-10,2027-08-04,2878,3931,5080,1729,Kolkata,Available
INV00660,P016,B202500660,Salbutamol Inhaler,Respiratory,2025-11-07,2027-11-07,4271,1465,2108,3628,Chennai,Available
INV00661,P013,B202600661,Ciprofloxacin 500mg,Antibiotic,2026-08-18,2029-08-17,2805,1181,1093,2893,Kolkata,Available
INV00662,P017,B202500662,Levothyroxine 50mcg,Endocrine,2025-03-01,2026-03-01,5854,13551,11789,7616,Chennai,Available
INV00663,P005,B202600663,Atorvastatin 20mg,Cardiovascular,2025-01-23,2027-01-23,5761,18514,6911,17364,Delhi,Available
INV00664,P007,B202500664,Ibuprofen 400mg,Analgesic,2025-02-21,2028-02-21,8348,4092,8447,3993,Mumbai,Available
INV00665,P009,B202600665,Cetirizine 10mg,Antiallergic,2026-05-25,2029-05-24,2311,6844,7520,1635,Kolkata,Available
INV00666,P002,B202500666,Amoxicillin 500mg,Antibiotic,2026-05-16,2027-11-07,6108,2431,5810,2729,Chennai,Available
INV00667,P014,B202600667,Diclofenac 50mg,Analgesic,2026-04-20,2029-04-19,8574,15151,11776,11949,Chennai,Available
INV00668,P014,B202500668,Diclofenac 50mg,Analgesic,2025-11-22,2028-11-21,1178,10609,5013,6774,Kolkata,Available
INV00669,P002,B202600669,Amoxicillin 500mg,Antibiotic,2026-01-22,2027-01-22,8894,17186,2825,23255,Kolkata,Available
INV00670,P010,B202500670,Omeprazole 20mg,Gastrointestinal,2026-08-06,2028-08-05,827,4851,2292,3386,Hyderabad,Available
INV00671,P003,B202600671,Azithromycin 500mg,Antibiotic,2026-08-10,2029-08-09,4629,5085,1766,7948,Kolkata,Available
INV00672,P007,B202500672,Ibuprofen 400mg,Analgesic,2025-01-08,2026-07-02,4816,12839,4064,13591,Kolkata,Available
INV00673,P013,B202600673,Ciprofloxacin 500mg,Antibiotic,2026-08-15,2028-02-06,6691,7941,8399,6233,Chennai,Available
INV00674,P007,B202500674,Ibuprofen 400mg,Analgesic,2026-07-17,2029-07-16,8998,5138,8614,5522,Bangalore,Available
INV00675,P003,B202600675,Azithromycin 500mg,Antibiotic,2026-08-07,2027-08-07,8710,9185,3644,14251,Bangalore,Available
INV00676,P014,B202500676,Diclofenac 50mg,Analgesic,2026-03-09,2027-08-31,8195,7139,6620,8714,Hyderabad,Available
INV00677,P012,B202600677,Losartan 50mg,Cardiovascular,2025-03-23,2026-09-14,5719,11574,5359,11934,Delhi,Available
INV00678,P011,B202500678,Insulin Glargine,Antidiabetic,2025-06-19,2026-06-19,6654,18834,9039,16449,Delhi,Available
INV00679,P019,B202600679,Vitamin D3 60000IU,Supplement,2026-06-24,2028-06-23,1538,13052,7474,7116,Hyderabad,Available
INV00680,P017,B202500680,Levothyroxine 50mcg,Endocrine,2026-06-06,2027-11-28,5030,4707,1736,8001,Hyderabad,Available
INV00681,P008,B202600681,Amlodipine 5mg,Cardiovascular,2025-06-13,2026-06-13,4748,12848,3911,13685,Delhi,Available
INV00682,P006,B202500682,Pantoprazole 40mg,Gastrointestinal,2026-02-27,2028-02-27,9621,2007,9921,1707,Mumbai,Available
INV00683,P002,B202600683,Amoxicillin 500mg,Antibiotic,2026-02-18,2027-02-18,2170,19614,2651,19133,Delhi,Available
INV00684,P005,B202500684,Atorvastatin 20mg,Cardiovascular,2025-03-16,2026-03-16,652,10002,4624,6030,Bangalore,Available
INV00685,P007,B202600685,Ibuprofen 400mg,Analgesic,2025-06-13,2027-06-13,9951,14141,11021,13071,Hyderabad,Available
INV00686,P005,B202500686,Atorvastatin 20mg,Cardiovascular,2026-03-27,2027-09-18,8564,9810,2410,15964,Kolkata,Available
INV00687,P012,B202600687,Losartan 50mg,Cardiovascular,2026-04-27,2027-10-19,1699,13940,1493,14146,Delhi,Available
INV00688,P009,B202500688,Cetirizine 10mg,Antiallergic,2026-04-20,2029-04-19,4370,17760,1330,20800,Bangalore,Available
INV00689,P020,B202600689,Enoxaparin 40mg,Anticoagulant,2025-12-11,2027-06-04,1979,6491,5812,2658,Chennai,Available
INV00690,P019,B202500690,Vitamin D3 60000IU,Supplement,2025-09-02,2027-02-24,2051,2578,2027,2602,Delhi,Available
INV00691,P003,B202600691,Azithromycin 500mg,Antibiotic,2025-09-03,2027-09-03,8204,18832,4084,22952,Mumbai,Available
INV00692,P018,B202500692,Doxycycline 100mg,Antibiotic,2026-02-20,2027-08-14,7009,3992,4940,6061,Hyderabad,Available
INV00693,P020,B202600693,Enoxaparin 40mg,Anticoagulant,2025-01-21,2028-01-21,3172,1688,3208,1652,Chennai,Available
INV00694,P003,B202500694,Azithromycin 500mg,Antibiotic,2025-01-23,2026-01-23,4384,3515,5554,2345,Bangalore,Available
INV00695,P016,B202600695,Salbutamol Inhaler,Respiratory,2026-06-09,2028-06-08,9470,18846,558,27758,Mumbai,Available
INV00696,P016,B202500696,Salbutamol Inhaler,Respiratory,2025-07-23,2027-07-23,7856,19942,3958,23840,Mumbai,Available
INV00697,P001,B202600697,Paracetamol 500mg,Analgesic,2025-06-21,2026-12-13,4804,9002,10279,3527,Chennai,Available
INV00698,P015,B202500698,Montelukast 10mg,Respiratory,2025-01-04,2026-06-28,7431,5646,5098,7979,Chennai,Available
INV00699,P016,B202600699,Salbutamol Inhaler,Respiratory,2026-05-28,2027-11-19,4299,8271,8023,4547,Mumbai,Available
INV00700,P009,B202500700,Cetirizine 10mg,Antiallergic,2025-04-11,2026-10-03,2754,10973,10664,3063,Chennai,Available
INV00701,P010,B202600701,Omeprazole 20mg,Gastrointestinal,2026-08-10,2029-08-09,4721,15507,4108,16120,Kolkata,Available
INV00702,P008,B202500702,Amlodipine 5mg,Cardiovascular,2025-06-04,2026-06-04,8505,6642,9760,5387,Bangalore,Available
INV00703,P011,B202600703,Insulin Glargine,Antidiabetic,2025-09-14,2027-03-08,2090,2403,1556,2937,Mumbai,Available
INV00704,P016,B202500704,Salbutamol Inhaler,Respiratory,2025-10-05,2026-10-05,2993,12626,5228,10391,Kolkata,Available
INV00705,P009,B202600705,Cetirizine 10mg,Antiallergic,2025-12-07,2026-12-07,2341,17154,4137,15358,Mumbai,Available
INV00706,P012,B202500706,Losartan 50mg,Cardiovascular,2025-02-04,2027-02-04,3789,3823,3184,4428,Mumbai,Available
INV00707,P004,B202600707,Metformin 500mg,Antidiabetic,2025-11-22,2027-11-22,3039,19365,7349,15055,Chennai,Available
INV00708,P002,B202500708,Amoxicillin 500mg,Antibiotic,2026-04-06,2027-09-28,7247,16282,3005,20524,Hyderabad,Available
INV00709,P002,B202600709,Amoxicillin 500mg,Antibiotic,2025-12-30,2028-12-29,4395,4058,2675,5778,Mumbai,Available
INV00710,P019,B202500710,Vitamin D3 60000IU,Supplement,2025-03-16,2026-09-07,6562,5497,10617,1442,Kolkata,Available
INV00711,P008,B202600711,Amlodipine 5mg,Cardiovascular,2026-03-24,2029-03-23,6977,4543,570,10950,Mumbai,Available
INV00712,P003,B202500712,Azithromycin 500mg,Antibiotic,2025-06-25,2027-06-25,6094,4979,196,10877,Hyderabad,Available
INV00713,P010,B202600713,Omeprazole 20mg,Gastrointestinal,2026-04-13,2027-10-05,3216,11476,859,13833,Hyderabad,Available
INV00714,P001,B202500714,Paracetamol 500mg,Analgesic,2025-11-12,2027-05-06,6034,12726,4741,14019,Kolkata,Available
INV00715,P019,B202600715,Vitamin D3 60000IU,Supplement,2025-03-08,2028-03-07,2368,5720,4285,3803,Bangalore,Available
INV00716,P008,B202500716,Amlodipine 5mg,Cardiovascular,2025-04-27,2026-10-19,8240,18559,2546,24253,Delhi,Available
INV00717,P010,B202600717,Omeprazole 20mg,Gastrointestinal,2025-09-07,2027-09-07,9900,8699,782,17817,Kolkata,Available
INV00718,P019,B202500718,Vitamin D3 60000IU,Supplement,2025-07-13,2027-07-13,8695,10571,5774,13492,Kolkata,Available
INV00719,P017,B202600719,Levothyroxine 50mcg,Endocrine,2025-11-01,2026-11-01,4665,13853,3270,15248,Delhi,Available
INV00720,P014,B202500720,Diclofenac 50mg,Analgesic,2025-02-21,2027-02-21,7507,5072,6581,5998,Chennai,Available
INV00721,P001,B202600721,Paracetamol 500mg,Analgesic,2026-01-22,2027-07-16,4275,13312,52,17535,Bangalore,Available
INV00722,P009,B202500722,Cetirizine 10mg,Antiallergic,2026-07-24,2027-07-24,7994,2425,5094,5325,Mumbai,Available
INV00723,P010,B202600723,Omeprazole 20mg,Gastrointestinal,2025-02-19,2028-02-19,3119,15650,7866,10903,Delhi,Available
INV00724,P007,B202500724,Ibuprofen 400mg,Analgesic,2026-01-27,2029-01-26,9270,18410,2636,25044,Delhi,Available
INV00725,P008,B202600725,Amlodipine 5mg,Cardiovascular,2026-08-04,2029-08-03,8747,4092,3827,9012,Chennai,Available
INV00726,P015,B202500726,Montelukast 10mg,Respiratory,2025-07-30,2026-07-30,1800,14007,5450,10357,Mumbai,Available
INV00727,P017,B202600727,Levothyroxine 50mcg,Endocrine,2025-01-11,2028-01-11,3105,18693,11465,10333,Delhi,Available
INV00728,P007,B202500728,Ibuprofen 400mg,Analgesic,2025-05-20,2026-05-20,9993,4563,5359,9197,Mumbai,Available
INV00729,P014,B202600729,Diclofenac 50mg,Analgesic,2026-05-21,2028-05-20,7701,11767,5242,14226,Bangalore,Available
INV00730,P005,B202500730,Atorvastatin 20mg,Cardiovascular,2025-09-17,2026-09-17,3505,9790,5672,7623,Chennai,Available
INV00731,P020,B202600731,Enoxaparin 40mg,Anticoagulant,2026-03-14,2027-03-14,4382,14869,7137,12114,Mumbai,Available
INV00732,P009,B202500732,Cetirizine 10mg,Antiallergic,2025-09-01,2027-09-01,2198,10833,2470,10561,Chennai,Available
INV00733,P018,B202600733,Doxycycline 100mg,Antibiotic,2025-11-01,2027-04-25,9436,13534,5136,17834,Bangalore,Available
INV00734,P001,B202500734,Paracetamol 500mg,Analgesic,2025-05-13,2026-05-13,7354,10512,12000,5866,Delhi,Available
INV00735,P019,B202600735,Vitamin D3 60000IU,Supplement,2025-11-28,2027-05-22,7288,9539,3296,13531,Mumbai,Available
INV00736,P014,B202500736,Diclofenac 50mg,Analgesic,2025-08-14,2027-08-14,9817,8814,3543,15088,Mumbai,Available
INV00737,P017,B202600737,Levothyroxine 50mcg,Endocrine,2025-04-18,2028-04-17,4433,16991,9442,11982,Chennai,Available
INV00738,P019,B202500738,Vitamin D3 60000IU,Supplement,2025-04-21,2027-04-21,1440,6688,329,7799,Chennai,Available
INV00739,P013,B202600739,Ciprofloxacin 500mg,Antibiotic,2026-03-21,2027-03-21,3656,13851,9919,7588,Kolkata,Available
INV00740,P002,B202500740,Amoxicillin 500mg,Antibiotic,2025-08-30,2026-08-30,8276,3336,9547,2065,Bangalore,Available
INV00741,P001,B202600741,Paracetamol 500mg,Analgesic,2026-06-12,2027-12-04,4537,13288,3299,14526,Chennai,Available
INV00742,P009,B202500742,Cetirizine 10mg,Antiallergic,2025-06-13,2026-12-05,558,6728,4309,2977,Bangalore,Available
INV00743,P003,B202600743,Azithromycin 500mg,Antibiotic,2026-01-29,2027-07-23,1797,15209,9305,7701,Bangalore,Available
INV00744,P005,B202500744,Atorvastatin 20mg,Cardiovascular,2025-08-11,2027-08-11,1203,16306,3833,13676,Bangalore,Available
INV00745,P018,B202600745,Doxycycline 100mg,Antibiotic,2025-02-22,2026-02-22,9521,10872,5557,14836,Chennai,Available
INV00746,P013,B202500746,Ciprofloxacin 500mg,Antibiotic,2026-01-04,2027-01-04,5742,6295,9692,2345,Delhi,Available
INV00747,P003,B202600747,Azithromycin 500mg,Antibiotic,2026-06-16,2027-12-08,3078,18790,9303,12565,Kolkata,Available
INV00748,P014,B202500748,Diclofenac 50mg,Analgesic,2026-07-01,2027-07-01,6200,6574,4781,7993,Hyderabad,Available
INV00749,P005,B202600749,Atorvastatin 20mg,Cardiovascular,2025-09-23,2028-09-22,6536,7638,5201,8973,Delhi,Available
INV00750,P005,B202500750,Atorvastatin 20mg,Cardiovascular,2025-11-09,2027-11-09,2810,12105,8501,6414,Delhi,Available
INV00751,P006,B202600751,Pantoprazole 40mg,Gastrointestinal,2025-11-29,2028-11-28,2608,11919,8165,6362,Hyderabad,Available
INV00752,P008,B202500752,Amlodipine 5mg,Cardiovascular,2026-06-18,2027-12-10,6183,3845,9286,742,Delhi,Low Stock
INV00753,P016,B202600753,Salbutamol Inhaler,Respiratory,2025-12-28,2027-06-21,3733,14323,10319,7737,Bangalore,Available
INV00754,P017,B202500754,Levothyroxine 50mcg,Endocrine,2026-05-14,2027-05-14,1527,14206,10114,5619,Mumbai,Available
INV00755,P013,B202600755,Ciprofloxacin 500mg,Antibiotic,2026-08-23,2028-02-14,2637,19841,3366,19112,Mumbai,Available
INV00756,P009,B202500756,Cetirizine 10mg,Antiallergic,2025-11-10,2027-05-04,6951,14148,2406,18693,Mumbai,Available
INV00757,P002,B202600757,Amoxicillin 500mg,Antibiotic,2025-05-13,2028-05-12,5311,12832,10666,7477,Chennai,Available
INV00758,P016,B202500758,Salbutamol Inhaler,Respiratory,2026-03-04,2027-08-26,6510,6481,10685,2306,Hyderabad,Available
INV00759,P018,B202600759,Doxycycline 100mg,Antibiotic,2026-06-12,2027-06-12,7247,19804,6866,20185,Mumbai,Available
INV00760,P018,B202500760,Doxycycline 100mg,Antibiotic,2025-11-04,2026-11-04,2868,13967,5464,11371,Hyderabad,Available
INV00761,P016,B202600761,Salbutamol Inhaler,Respiratory,2025-03-14,2026-03-14,4923,1751,2585,4089,Kolkata,Available
INV00762,P019,B202500762,Vitamin D3 60000IU,Supplement,2026-06-08,2027-11-30,1116,16483,4480,13119,Chennai,Available
INV00763,P003,B202600763,Azithromycin 500mg,Antibiotic,2026-02-05,2028-02-05,9244,2936,4895,7285,Kolkata,Available
INV00764,P008,B202500764,Amlodipine 5mg,Cardiovascular,2026-01-30,2027-01-30,7420,6239,6867,6792,Kolkata,Available
INV00765,P014,B202600765,Diclofenac 50mg,Analgesic,2025-10-12,2026-10-12,3743,17137,2593,18287,Delhi,Available
INV00766,P010,B202500766,Omeprazole 20mg,Gastrointestinal,2025-07-12,2027-07-12,3940,6447,5497,4890,Chennai,Available
INV00767,P018,B202600767,Doxycycline 100mg,Antibiotic,2026-01-13,2028-01-13,7982,6115,3011,11086,Mumbai,Available
INV00768,P013,B202500768,Ciprofloxacin 500mg,Antibiotic,2026-01-23,2027-01-23,7916,7912,10528,5300,Chennai,Available
INV00769,P020,B202600769,Enoxaparin 40mg,Anticoagulant,2026-01-15,2028-01-15,2284,8575,9321,1538,Mumbai,Available
INV00770,P002,B202500770,Amoxicillin 500mg,Antibiotic,2025-05-28,2027-05-28,6477,19693,11207,14963,Delhi,Available
INV00771,P012,B202600771,Losartan 50mg,Cardiovascular,2026-04-26,2027-04-26,6154,10006,9397,6763,Chennai,Available
INV00772,P014,B202500772,Diclofenac 50mg,Analgesic,2026-01-30,2028-01-30,6011,5328,3226,8113,Chennai,Available
INV00773,P013,B202600773,Ciprofloxacin 500mg,Antibiotic,2025-05-23,2028-05-22,9817,12896,2733,19980,Kolkata,Available
INV00774,P005,B202500774,Atorvastatin 20mg,Cardiovascular,2025-09-17,2028-09-16,5446,5616,886,10176,Mumbai,Available
INV00775,P014,B202600775,Diclofenac 50mg,Analgesic,2026-03-05,2027-03-05,2008,14328,1909,14427,Bangalore,Available
INV00776,P010,B202500776,Omeprazole 20mg,Gastrointestinal,2025-12-09,2026-12-09,2506,5477,2737,5246,Bangalore,Available
INV00777,P001,B202600777,Paracetamol 500mg,Analgesic,2025-08-11,2026-08-11,3523,12037,373,15187,Delhi,Available
INV00778,P013,B202500778,Ciprofloxacin 500mg,Antibiotic,2025-12-11,2027-12-11,8188,2345,1778,8755,Hyderabad,Available
INV00779,P014,B202600779,Diclofenac 50mg,Analgesic,2026-06-08,2029-06-07,6031,8792,4944,9879,Bangalore,Available
INV00780,P010,B202500780,Omeprazole 20mg,Gastrointestinal,2025-11-04,2026-11-04,7796,16426,3624,20598,Kolkata,Available
INV00781,P003,B202600781,Azithromycin 500mg,Antibiotic,2026-07-01,2029-06-30,2627,13353,3729,12251,Chennai,Available
INV00782,P004,B202500782,Metformin 500mg,Antidiabetic,2025-05-27,2026-11-18,2397,7323,5857,3863,Delhi,Available
INV00783,P012,B202600783,Losartan 50mg,Cardiovascular,2025-04-24,2026-04-24,9235,5775,1237,13773,Mumbai,Available
INV00784,P001,B202500784,Paracetamol 500mg,Analgesic,2025-07-25,2028-07-24,3040,14372,5878,11534,Mumbai,Available
INV00785,P014,B202600785,Diclofenac 50mg,Analgesic,2025-12-24,2027-06-17,2623,18420,2020,19023,Kolkata,Available
INV00786,P010,B202500786,Omeprazole 20mg,Gastrointestinal,2026-08-22,2028-02-13,5872,12689,4064,14497,Hyderabad,Available
INV00787,P011,B202600787,Insulin Glargine,Antidiabetic,2026-02-02,2027-07-27,7785,13139,1999,18925,Kolkata,Available
INV00788,P001,B202500788,Paracetamol 500mg,Analgesic,2026-01-28,2027-07-22,6711,15707,8247,14171,Delhi,Available
INV00789,P017,B202600789,Levothyroxine 50mcg,Endocrine,2026-02-26,2029-02-25,4327,4853,2157,7023,Delhi,Available
INV00790,P011,B202500790,Insulin Glargine,Antidiabetic,2025-02-16,2026-02-16,9692,14799,9060,15431,Hyderabad,Available
INV00791,P002,B202600791,Amoxicillin 500mg,Antibiotic,2025-06-24,2028-06-23,5312,15908,5841,15379,Mumbai,Available
INV00792,P013,B202500792,Ciprofloxacin 500mg,Antibiotic,2026-07-30,2028-01-21,6160,18470,4468,20162,Kolkata,Available
INV00793,P011,B202600793,Insulin Glargine,Antidiabetic,2026-06-12,2027-12-04,6481,7142,7620,6003,Hyderabad,Available
INV00794,P013,B202500794,Ciprofloxacin 500mg,Antibiotic,2026-04-19,2027-10-11,4578,7120,8545,3153,Delhi,Available
INV00795,P011,B202600795,Insulin Glargine,Antidiabetic,2025-01-16,2026-01-16,570,17155,10220,7505,Bangalore,Available
INV00796,P001,B202500796,Paracetamol 500mg,Analgesic,2026-04-14,2028-04-13,3435,12685,2837,13283,Hyderabad,Available
INV00797,P008,B202600797,Amlodipine 5mg,Cardiovascular,2026-06-22,2029-06-21,2306,11673,10615,3364,Kolkata,Available
INV00798,P016,B202500798,Salbutamol Inhaler,Respiratory,2025-03-19,2026-03-19,2576,3864,1129,5311,Hyderabad,Available
INV00799,P012,B202600799,Losartan 50mg,Cardiovascular,2025-08-27,2027-02-18,2835,3869,6697,7,Delhi,Low Stock
INV00800,P005,B202500800,Atorvastatin 20mg,Cardiovascular,2026-05-01,2029-04-30,9685,4023,7680,6028,Kolkata,Available
INV00801,P017,B202600801,Levothyroxine 50mcg,Endocrine,2025-05-16,2028-05-15,4506,10289,6703,8092,Chennai,Available
INV00802,P003,B202500802,Azithromycin 500mg,Antibiotic,2025-11-20,2028-11-19,5711,6219,671,11259,Delhi,Available
INV00803,P015,B202600803,Montelukast 10mg,Respiratory,2025-11-26,2028-11-25,6225,10656,665,16216,Delhi,Available
INV00804,P004,B202500804,Metformin 500mg,Antidiabetic,2026-03-11,2027-03-11,9114,6739,5208,10645,Bangalore,Available
INV00805,P005,B202600805,Atorvastatin 20mg,Cardiovascular,2026-07-08,2027-12-30,5373,19647,7483,17537,Bangalore,Available
INV00806,P008,B202500806,Amlodipine 5mg,Cardiovascular,2025-08-21,2027-02-12,2791,10560,4524,8827,Hyderabad,Available
INV00807,P009,B202600807,Cetirizine 10mg,Antiallergic,2025-07-26,2026-07-26,4801,18904,6069,17636,Delhi,Available
INV00808,P020,B202500808,Enoxaparin 40mg,Anticoagulant,2026-01-04,2027-01-04,4285,10272,5697,8860,Bangalore,Available
INV00809,P003,B202600809,Azithromycin 500mg,Antibiotic,2025-07-29,2028-07-28,7315,16993,2093,22215,Mumbai,Available
INV00810,P012,B202500810,Losartan 50mg,Cardiovascular,2025-09-18,2027-03-12,3918,1980,5056,842,Kolkata,Low Stock
INV00811,P002,B202600811,Amoxicillin 500mg,Antibiotic,2025-09-06,2027-09-06,7948,19749,4996,22701,Chennai,Available
INV00812,P019,B202500812,Vitamin D3 60000IU,Supplement,2026-05-14,2027-11-05,8266,8832,210,16888,Chennai,Available
INV00813,P017,B202600813,Levothyroxine 50mcg,Endocrine,2025-07-26,2027-01-17,3961,3223,7147,37,Bangalore,Low Stock
INV00814,P012,B202500814,Losartan 50mg,Cardiovascular,2025-01-09,2027-01-09,9058,13226,7274,15010,Chennai,Available
INV00815,P020,B202600815,Enoxaparin 40mg,Anticoagulant,2026-06-02,2027-06-02,5851,16558,3534,18875,Chennai,Available
INV00816,P001,B202500816,Paracetamol 500mg,Analgesic,2026-06-11,2028-06-10,7560,16684,2625,21619,Mumbai,Available
INV00817,P018,B202600817,Doxycycline 100mg,Antibiotic,2025-04-09,2028-04-08,3237,11935,6120,9052,Chennai,Available
INV00818,P017,B202500818,Levothyroxine 50mcg,Endocrine,2025-07-29,2026-07-29,4517,12631,9006,8142,Chennai,Available
INV00819,P007,B202600819,Ibuprofen 400mg,Analgesic,2026-07-16,2027-07-16,1608,1470,2852,226,Hyderabad,Low Stock
INV00820,P013,B202500820,Ciprofloxacin 500mg,Antibiotic,2026-05-03,2029-05-02,9514,2021,4696,6839,Delhi,Available
INV00821,P014,B202600821,Diclofenac 50mg,Analgesic,2026-01-09,2028-01-09,3415,3023,2779,3659,Hyderabad,Available
INV00822,P012,B202500822,Losartan 50mg,Cardiovascular,2026-04-24,2028-04-23,6039,1795,5050,2784,Mumbai,Available
INV00823,P003,B202600823,Azithromycin 500mg,Antibiotic,2025-05-09,2028-05-08,9209,10647,11719,8137,Hyderabad,Available
INV00824,P006,B202500824,Pantoprazole 40mg,Gastrointestinal,2026-07-13,2027-07-13,6764,5170,3952,7982,Mumbai,Available
INV00825,P008,B202600825,Amlodipine 5mg,Cardiovascular,2026-06-09,2029-06-08,5250,10979,664,15565,Hyderabad,Available
INV00826,P001,B202500826,Paracetamol 500mg,Analgesic,2026-05-29,2027-05-29,3736,17013,8560,12189,Delhi,Available
INV00827,P001,B202600827,Paracetamol 500mg,Analgesic,2025-12-04,2027-12-04,3530,15154,11154,7530,Hyderabad,Available
INV00828,P007,B202500828,Ibuprofen 400mg,Analgesic,2025-07-13,2028-07-12,1238,18023,9301,9960,Mumbai,Available
INV00829,P012,B202600829,Losartan 50mg,Cardiovascular,2026-06-21,2029-06-20,3129,1957,3349,1737,Bangalore,Available
INV00830,P002,B202500830,Amoxicillin 500mg,Antibiotic,2026-08-13,2028-02-04,6683,5129,1201,10611,Bangalore,Available
INV00831,P008,B202600831,Amlodipine 5mg,Cardiovascular,2025-01-03,2026-06-27,3585,11010,7074,7521,Hyderabad,Available
INV00832,P010,B202500832,Omeprazole 20mg,Gastrointestinal,2025-02-16,2026-08-10,9793,19833,5830,23796,Kolkata,Available
INV00833,P011,B202600833,Insulin Glargine,Antidiabetic,2025-03-17,2028-03-16,4443,12636,7786,9293,Hyderabad,Available
INV00834,P015,B202500834,Montelukast 10mg,Respiratory,2025-10-28,2027-04-21,3330,15180,2992,15518,Bangalore,Available
INV00835,P018,B202600835,Doxycycline 100mg,Antibiotic,2025-07-19,2027-07-19,7306,16929,7508,16727,Chennai,Available
INV00836,P017,B202500836,Levothyroxine 50mcg,Endocrine,2026-07-21,2027-07-21,7561,4313,10583,1291,Bangalore,Available
INV00837,P005,B202600837,Atorvastatin 20mg,Cardiovascular,2025-04-26,2027-04-26,540,1323,939,924,Kolkata,Low Stock
INV00838,P011,B202500838,Insulin Glargine,Antidiabetic,2025-09-25,2027-09-25,5742,8313,7063,6992,Bangalore,Available
INV00839,P005,B202600839,Atorvastatin 20mg,Cardiovascular,2026-02-09,2027-08-03,1015,3364,3793,586,Hyderabad,Low Stock
INV00840,P001,B202500840,Paracetamol 500mg,Analgesic,2026-03-14,2028-03-13,4788,18004,3765,19027,Delhi,Available
INV00841,P015,B202600841,Montelukast 10mg,Respiratory,2026-01-01,2027-01-01,6975,15125,1469,20631,Bangalore,Available
INV00842,P014,B202500842,Diclofenac 50mg,Analgesic,2025-03-13,2028-03-12,1541,19511,8058,12994,Mumbai,Available
INV00843,P006,B202600843,Pantoprazole 40mg,Gastrointestinal,2025-07-26,2027-07-26,7657,4964,6515,6106,Kolkata,Available
INV00844,P006,B202500844,Pantoprazole 40mg,Gastrointestinal,2026-02-21,2027-02-21,8424,4234,3571,9087,Mumbai,Available
INV00845,P008,B202600845,Amlodipine 5mg,Cardiovascular,2025-04-13,2027-04-13,687,19687,625,19749,Mumbai,Available
INV00846,P019,B202500846,Vitamin D3 60000IU,Supplement,2025-04-04,2026-04-04,7567,2390,8958,999,Mumbai,Low Stock
INV00847,P018,B202600847,Doxycycline 100mg,Antibiotic,2025-05-28,2026-05-28,9646,15482,10932,14196,Hyderabad,Available
INV00848,P009,B202500848,Cetirizine 10mg,Antiallergic,2025-12-13,2027-06-06,2805,8127,6655,4277,Bangalore,Available
INV00849,P007,B202600849,Ibuprofen 400mg,Analgesic,2025-06-25,2026-06-25,1665,10418,1228,10855,Mumbai,Available
INV00850,P012,B202500850,Losartan 50mg,Cardiovascular,2026-06-09,2027-06-09,4629,2955,3250,4334,Mumbai,Available
INV00851,P016,B202600851,Salbutamol Inhaler,Respiratory,2025-09-23,2028-09-22,1807,2010,16,3801,Mumbai,Available
INV00852,P004,B202500852,Metformin 500mg,Antidiabetic,2025-02-24,2026-02-24,9763,16205,222,25746,Kolkata,Available
INV00853,P005,B202600853,Atorvastatin 20mg,Cardiovascular,2025-09-01,2027-02-23,4348,15454,8550,11252,Delhi,Available
INV00854,P013,B202500854,Ciprofloxacin 500mg,Antibiotic,2026-03-13,2027-03-13,4259,3046,5144,2161,Mumbai,Available
INV00855,P013,B202600855,Ciprofloxacin 500mg,Antibiotic,2025-12-05,2027-05-29,1817,19486,3519,17784,Bangalore,Available
INV00856,P007,B202500856,Ibuprofen 400mg,Analgesic,2026-06-26,2027-12-18,9875,9754,10342,9287,Delhi,Available
INV00857,P001,B202600857,Paracetamol 500mg,Analgesic,2025-11-02,2027-04-26,2414,11450,1235,12629,Chennai,Available
INV00858,P017,B202500858,Levothyroxine 50mcg,Endocrine,2025-02-25,2026-08-19,6724,2180,3466,5438,Hyderabad,Available
INV00859,P001,B202600859,Paracetamol 500mg,Analgesic,2026-04-28,2027-10-20,7642,12155,10510,9287,Kolkata,Available
INV00860,P013,B202500860,Ciprofloxacin 500mg,Antibiotic,2025-07-31,2027-01-22,8342,9106,6237,11211,Hyderabad,Available
INV00861,P020,B202600861,Enoxaparin 40mg,Anticoagulant,2026-01-26,2027-07-20,6058,8622,1858,12822,Kolkata,Available
INV00862,P018,B202500862,Doxycycline 100mg,Antibiotic,2026-05-16,2027-11-07,2936,1945,3571,1310,Hyderabad,Available
INV00863,P018,B202600863,Doxycycline 100mg,Antibiotic,2026-06-06,2027-06-06,9212,3665,5885,6992,Mumbai,Available
INV00864,P020,B202500864,Enoxaparin 40mg,Anticoagulant,2026-01-30,2029-01-29,6160,16680,10226,12614,Kolkata,Available
INV00865,P009,B202600865,Cetirizine 10mg,Antiallergic,2025-08-18,2028-08-17,7687,18429,6928,19188,Kolkata,Available
INV00866,P015,B202500866,Montelukast 10mg,Respiratory,2026-03-22,2027-03-22,5885,14897,9132,11650,Kolkata,Available
INV00867,P007,B202600867,Ibuprofen 400mg,Analgesic,2025-07-01,2028-06-30,9869,4417,4540,9746,Kolkata,Available
INV00868,P004,B202500868,Metformin 500mg,Antidiabetic,2026-04-15,2027-04-15,2194,15915,7290,10819,Delhi,Available
INV00869,P018,B202600869,Doxycycline 100mg,Antibiotic,2025-07-04,2027-07-04,6280,15058,3985,17353,Delhi,Available
INV00870,P009,B202500870,Cetirizine 10mg,Antiallergic,2025-11-22,2028-11-21,4240,13695,11304,6631,Chennai,Available
INV00871,P020,B202600871,Enoxaparin 40mg,Anticoagulant,2025-12-17,2027-06-10,9919,13247,2897,20269,Hyderabad,Available
INV00872,P006,B202500872,Pantoprazole 40mg,Gastrointestinal,2026-05-16,2027-05-16,7529,11526,881,18174,Delhi,Available
INV00873,P016,B202600873,Salbutamol Inhaler,Respiratory,2026-03-12,2028-03-11,3687,4113,95,7705,Mumbai,Available
INV00874,P013,B202500874,Ciprofloxacin 500mg,Antibiotic,2025-01-23,2028-01-23,6067,6596,11546,1117,Hyderabad,Available
INV00875,P020,B202600875,Enoxaparin 40mg,Anticoagulant,2025-06-19,2026-12-11,4541,19902,3011,21432,Kolkata,Available
INV00876,P007,B202500876,Ibuprofen 400mg,Analgesic,2025-06-21,2027-06-21,7091,7555,1608,13038,Mumbai,Available
INV00877,P011,B202600877,Insulin Glargine,Antidiabetic,2025-01-25,2026-01-25,9221,1681,4436,6466,Chennai,Available
INV00878,P007,B202500878,Ibuprofen 400mg,Analgesic,2025-10-24,2026-10-24,8047,13050,10220,10877,Kolkata,Available
INV00879,P008,B202600879,Amlodipine 5mg,Cardiovascular,2025-01-25,2026-07-19,1880,11133,1756,11257,Kolkata,Available
INV00880,P013,B202500880,Ciprofloxacin 500mg,Antibiotic,2025-06-01,2028-05-31,7812,9318,1758,15372,Mumbai,Available
INV00881,P012,B202600881,Losartan 50mg,Cardiovascular,2026-04-05,2027-09-27,7555,6374,2961,10968,Mumbai,Available
INV00882,P004,B202500882,Metformin 500mg,Antidiabetic,2025-08-31,2027-02-22,3160,15737,3981,14916,Chennai,Available
INV00883,P015,B202600883,Montelukast 10mg,Respiratory,2026-02-04,2027-07-29,8380,5494,3325,10549,Kolkata,Available
INV00884,P007,B202500884,Ibuprofen 400mg,Analgesic,2026-02-23,2027-02-23,6336,17507,8505,15338,Delhi,Available
INV00885,P017,B202600885,Levothyroxine 50mcg,Endocrine,2025-06-28,2026-12-20,1159,14269,8681,6747,Chennai,Available
INV00886,P015,B202500886,Montelukast 10mg,Respiratory,2025-03-18,2027-03-18,7752,4872,5718,6906,Kolkata,Available
INV00887,P009,B202600887,Cetirizine 10mg,Antiallergic,2026-03-28,2028-03-27,6749,12904,7811,11842,Chennai,Available
INV00888,P019,B202500888,Vitamin D3 60000IU,Supplement,2025-06-27,2028-06-26,6465,12317,3933,14849,Mumbai,Available
INV00889,P014,B202600889,Diclofenac 50mg,Analgesic,2025-08-07,2027-01-29,8282,8893,7735,9440,Bangalore,Available
INV00890,P002,B202500890,Amoxicillin 500mg,Antibiotic,2026-05-24,2027-05-24,8060,18104,5777,20387,Kolkata,Available
INV00891,P009,B202600891,Cetirizine 10mg,Antiallergic,2026-07-26,2027-07-26,4565,8389,9409,3545,Bangalore,Available
INV00892,P017,B202500892,Levothyroxine 50mcg,Endocrine,2025-01-15,2026-07-09,6163,3761,4864,5060,Kolkata,Available
INV00893,P017,B202600893,Levothyroxine 50mcg,Endocrine,2025-01-19,2027-01-19,6175,2296,5508,2963,Delhi,Available
INV00894,P014,B202500894,Diclofenac 50mg,Analgesic,2025-06-28,2026-12-20,7492,14710,1940,20262,Hyderabad,Available
INV00895,P012,B202600895,Losartan 50mg,Cardiovascular,2026-05-13,2027-05-13,2581,16348,8361,10568,Kolkata,Available
INV00896,P016,B202500896,Salbutamol Inhaler,Respiratory,2026-07-26,2027-07-26,3083,5521,477,8127,Chennai,Available
INV00897,P014,B202600897,Diclofenac 50mg,Analgesic,2025-02-21,2026-02-21,2312,8656,4996,5972,Hyderabad,Available
INV00898,P019,B202500898,Vitamin D3 60000IU,Supplement,2025-05-08,2027-05-08,4661,8366,9910,3117,Kolkata,Available
INV00899,P001,B202600899,Paracetamol 500mg,Analgesic,2025-10-06,2026-10-06,4620,12724,4940,12404,Hyderabad,Available
INV00900,P007,B202500900,Ibuprofen 400mg,Analgesic,2025-06-29,2026-12-21,4053,14069,1152,16970,Bangalore,Available
INV00901,P011,B202600901,Insulin Glargine,Antidiabetic,2026-02-14,2027-08-08,2411,12871,4610,10672,Chennai,Available
INV00902,P003,B202500902,Azithromycin 500mg,Antibiotic,2025-03-14,2027-03-14,4229,14858,6074,13013,Mumbai,Available
INV00903,P004,B202600903,Metformin 500mg,Antidiabetic,2025-04-09,2028-04-08,2652,10546,9818,3380,Kolkata,Available
INV00904,P006,B202500904,Pantoprazole 40mg,Gastrointestinal,2025-03-07,2028-03-06,7029,7293,7123,7199,Hyderabad,Available
INV00905,P015,B202600905,Montelukast 10mg,Respiratory,2026-03-13,2027-09-04,4951,7347,375,11923,Bangalore,Available
INV00906,P020,B202500906,Enoxaparin 40mg,Anticoagulant,2025-10-01,2026-10-01,920,7715,8487,148,Mumbai,Low Stock
INV00907,P020,B202600907,Enoxaparin 40mg,Anticoagulant,2025-10-21,2028-10-20,7962,1535,57,9440,Kolkata,Available
INV00908,P019,B202500908,Vitamin D3 60000IU,Supplement,2025-03-21,2027-03-21,9276,19063,3556,24783,Chennai,Available
INV00909,P013,B202600909,Ciprofloxacin 500mg,Antibiotic,2026-07-11,2027-07-11,6210,1465,2742,4933,Bangalore,Available
INV00910,P009,B202500910,Cetirizine 10mg,Antiallergic,2026-05-02,2028-05-01,3510,9112,4409,8213,Chennai,Available
INV00911,P006,B202600911,Pantoprazole 40mg,Gastrointestinal,2025-02-25,2027-02-25,8385,10066,2450,16001,Bangalore,Available
INV00912,P019,B202500912,Vitamin D3 60000IU,Supplement,2026-04-02,2027-04-02,1202,3454,1753,2903,Chennai,Available
INV00913,P004,B202600913,Metformin 500mg,Antidiabetic,2026-05-07,2027-05-07,7518,6366,11527,2357,Mumbai,Available
INV00914,P006,B202500914,Pantoprazole 40mg,Gastrointestinal,2025-05-26,2028-05-25,4328,7689,8828,3189,Delhi,Available
INV00915,P014,B202600915,Diclofenac 50mg,Analgesic,2025-09-25,2026-09-25,555,1743,1320,978,Delhi,Low Stock
INV00916,P015,B202500916,Montelukast 10mg,Respiratory,2026-06-21,2027-06-21,9595,18702,7391,20906,Delhi,Available
INV00917,P004,B202600917,Metformin 500mg,Antidiabetic,2025-04-17,2026-04-17,6637,9230,2303,13564,Bangalore,Available
INV00918,P002,B202500918,Amoxicillin 500mg,Antibiotic,2026-01-20,2028-01-20,6501,3103,397,9207,Bangalore,Available
INV00919,P016,B202600919,Salbutamol Inhaler,Respiratory,2026-03-20,2027-09-11,1024,7075,6559,1540,Bangalore,Available
INV00920,P016,B202500920,Salbutamol Inhaler,Respiratory,2025-10-06,2026-10-06,9372,10849,8059,12162,Bangalore,Available
INV00921,P008,B202600921,Amlodipine 5mg,Cardiovascular,2026-01-15,2028-01-15,1097,12481,11334,2244,Chennai,Available
INV00922,P005,B202500922,Atorvastatin 20mg,Cardiovascular,2026-07-02,2028-07-01,1041,3437,4126,352,Hyderabad,Low Stock
INV00923,P002,B202600923,Amoxicillin 500mg,Antibiotic,2025-09-28,2027-09-28,5944,13519,11987,7476,Chennai,Available
INV00924,P001,B202500924,Paracetamol 500mg,Analgesic,2025-02-23,2026-02-23,4255,7657,11121,791,Mumbai,Low Stock
INV00925,P001,B202600925,Paracetamol 500mg,Analgesic,2026-06-15,2027-12-07,9170,15715,10567,14318,Chennai,Available
INV00926,P003,B202500926,Azithromycin 500mg,Antibiotic,2026-01-11,2027-07-05,6474,15172,6011,15635,Hyderabad,Available
INV00927,P019,B202600927,Vitamin D3 60000IU,Supplement,2026-02-02,2029-02-01,2753,16927,3881,15799,Mumbai,Available
INV00928,P018,B202500928,Doxycycline 100mg,Antibiotic,2025-08-01,2027-01-23,9198,19323,3733,24788,Hyderabad,Available
INV00929,P005,B202600929,Atorvastatin 20mg,Cardiovascular,2025-01-15,2027-01-15,2921,17133,2054,18000,Delhi,Available
INV00930,P011,B202500930,Insulin Glargine,Antidiabetic,2026-01-03,2027-01-03,4932,12895,4091,13736,Kolkata,Available
INV00931,P011,B202600931,Insulin Glargine,Antidiabetic,2025-08-06,2026-08-06,2100,10055,4800,7355,Kolkata,Available
INV00932,P016,B202500932,Salbutamol Inhaler,Respiratory,2025-04-06,2027-04-06,4817,2921,5153,2585,Delhi,Available
INV00933,P002,B202600933,Amoxicillin 500mg,Antibiotic,2025-10-08,2027-10-08,3607,7781,1254,10134,Hyderabad,Available
INV00934,P020,B202500934,Enoxaparin 40mg,Anticoagulant,2026-01-08,2027-01-08,5086,4662,4316,5432,Bangalore,Available
INV00935,P013,B202600935,Ciprofloxacin 500mg,Antibiotic,2025-12-09,2027-12-09,4715,6433,2782,8366,Hyderabad,Available
INV00936,P009,B202500936,Cetirizine 10mg,Antiallergic,2025-09-28,2027-09-28,998,6352,6267,1083,Kolkata,Available
INV00937,P019,B202600937,Vitamin D3 60000IU,Supplement,2025-07-03,2026-07-03,2382,3505,5620,267,Kolkata,Low Stock
INV00938,P017,B202500938,Levothyroxine 50mcg,Endocrine,2026-03-14,2027-09-05,5019,16988,9773,12234,Delhi,Available
INV00939,P017,B202600939,Levothyroxine 50mcg,Endocrine,2025-07-28,2027-01-19,8477,8152,9026,7603,Mumbai,Available
INV00940,P006,B202500940,Pantoprazole 40mg,Gastrointestinal,2025-05-12,2027-05-12,5057,8018,8918,4157,Bangalore,Available
INV00941,P002,B202600941,Amoxicillin 500mg,Antibiotic,2026-08-01,2028-07-31,5722,1279,4190,2811,Mumbai,Available
INV00942,P012,B202500942,Losartan 50mg,Cardiovascular,2025-01-25,2027-01-25,5990,6511,654,11847,Kolkata,Available
INV00943,P015,B202600943,Montelukast 10mg,Respiratory,2026-01-09,2029-01-08,6874,3553,4742,5685,Kolkata,Available
INV00944,P006,B202500944,Pantoprazole 40mg,Gastrointestinal,2026-08-07,2027-08-07,3642,7654,6974,4322,Hyderabad,Available
INV00945,P005,B202600945,Atorvastatin 20mg,Cardiovascular,2026-02-02,2027-07-27,8851,17534,3633,22752,Delhi,Available
INV00946,P007,B202500946,Ibuprofen 400mg,Analgesic,2025-07-26,2027-07-26,3284,3836,1845,5275,Kolkata,Available
INV00947,P006,B202600947,Pantoprazole 40mg,Gastrointestinal,2025-08-07,2027-08-07,1461,6100,1320,6241,Kolkata,Available
INV00948,P019,B202500948,Vitamin D3 60000IU,Supplement,2026-03-30,2027-03-30,6356,13583,10433,9506,Bangalore,Available
INV00949,P015,B202600949,Montelukast 10mg,Respiratory,2025-04-27,2027-04-27,8853,2179,1633,9399,Chennai,Available
INV00950,P001,B202500950,Paracetamol 500mg,Analgesic,2026-02-16,2028-02-16,3793,17392,10188,10997,Hyderabad,Available
INV00951,P001,B202600951,Paracetamol 500mg,Analgesic,2025-03-18,2026-03-18,9832,12341,8121,14052,Hyderabad,Available
INV00952,P018,B202500952,Doxycycline 100mg,Antibiotic,2026-03-10,2029-03-09,4948,14267,6529,12686,Mumbai,Available
INV00953,P012,B202600953,Losartan 50mg,Cardiovascular,2025-07-14,2028-07-13,7311,15041,8601,13751,Mumbai,Available
INV00954,P020,B202500954,Enoxaparin 40mg,Anticoagulant,2025-05-05,2027-05-05,1159,6598,4457,3300,Mumbai,Available
INV00955,P019,B202600955,Vitamin D3 60000IU,Supplement,2026-01-04,2027-06-28,4554,12620,9494,7680,Hyderabad,Available
INV00956,P012,B202500956,Losartan 50mg,Cardiovascular,2025-12-11,2026-12-11,9172,11827,2905,18094,Delhi,Available
INV00957,P014,B202600957,Diclofenac 50mg,Analgesic,2026-07-04,2027-07-04,4430,4423,5086,3767,Delhi,Available
INV00958,P010,B202500958,Omeprazole 20mg,Gastrointestinal,2026-08-13,2028-08-12,4405,2278,1935,4748,Kolkata,Available
INV00959,P010,B202600959,Omeprazole 20mg,Gastrointestinal,2026-07-01,2028-06-30,5707,9168,6679,8196,Bangalore,Available
INV00960,P002,B202500960,Amoxicillin 500mg,Antibiotic,2025-10-13,2027-10-13,5733,9154,3528,11359,Chennai,Available
INV00961,P013,B202600961,Ciprofloxacin 500mg,Antibiotic,2025-01-29,2026-07-23,7254,15900,3443,19711,Kolkata,Available
INV00962,P014,B202500962,Diclofenac 50mg,Analgesic,2025-09-20,2027-09-20,8780,5310,1804,12286,Mumbai,Available
INV00963,P002,B202600963,Amoxicillin 500mg,Antibiotic,2026-05-17,2029-05-16,6253,19618,824,25047,Delhi,Available
INV00964,P009,B202500964,Cetirizine 10mg,Antiallergic,2025-06-16,2026-12-08,5679,13191,1968,16902,Delhi,Available
INV00965,P019,B202600965,Vitamin D3 60000IU,Supplement,2025-01-07,2028-01-07,6273,7502,8818,4957,Delhi,Available
INV00966,P016,B202500966,Salbutamol Inhaler,Respiratory,2025-02-18,2026-02-18,6599,6769,2859,10509,Mumbai,Available
INV00967,P015,B202600967,Montelukast 10mg,Respiratory,2025-04-18,2028-04-17,4497,3861,594,7764,Kolkata,Available
INV00968,P003,B202500968,Azithromycin 500mg,Antibiotic,2025-09-09,2027-09-09,5374,5989,1226,10137,Chennai,Available
INV00969,P010,B202600969,Omeprazole 20mg,Gastrointestinal,2025-01-29,2026-01-29,5846,4199,3932,6113,Bangalore,Available
INV00970,P016,B202500970,Salbutamol Inhaler,Respiratory,2026-01-14,2029-01-13,998,8136,2444,6690,Delhi,Available
INV00971,P017,B202600971,Levothyroxine 50mcg,Endocrine,2025-05-17,2028-05-16,6014,16657,975,21696,Kolkata,Available
INV00972,P009,B202500972,Cetirizine 10mg,Antiallergic,2025-06-18,2026-06-18,9857,17785,1574,26068,Mumbai,Available
INV00973,P015,B202600973,Montelukast 10mg,Respiratory,2025-12-21,2026-12-21,3923,7994,3441,8476,Kolkata,Available
INV00974,P005,B202500974,Atorvastatin 20mg,Cardiovascular,2026-02-28,2029-02-27,8051,16190,1905,22336,Bangalore,Available
INV00975,P016,B202600975,Salbutamol Inhaler,Respiratory,2026-03-25,2028-03-24,4476,10945,184,15237,Hyderabad,Available
INV00976,P011,B202500976,Insulin Glargine,Antidiabetic,2025-03-17,2026-03-17,929,4988,5875,42,Chennai,Low Stock
INV00977,P019,B202600977,Vitamin D3 60000IU,Supplement,2025-06-04,2027-06-04,8973,7688,7886,8775,Chennai,Available
INV00978,P017,B202500978,Levothyroxine 50mcg,Endocrine,2026-08-05,2028-08-04,6034,17509,8214,15329,Mumbai,Available
INV00979,P013,B202600979,Ciprofloxacin 500mg,Antibiotic,2025-11-26,2026-11-26,5401,12848,10846,7403,Delhi,Available
INV00980,P004,B202500980,Metformin 500mg,Antidiabetic,2026-08-16,2028-08-15,3227,15334,4616,13945,Mumbai,Available
INV00981,P017,B202600981,Levothyroxine 50mcg,Endocrine,2026-06-05,2028-06-04,4044,17403,2079,19368,Chennai,Available
INV00982,P012,B202500982,Losartan 50mg,Cardiovascular,2026-05-28,2027-11-19,8405,1288,7350,2343,Bangalore,Available
INV00983,P013,B202600983,Ciprofloxacin 500mg,Antibiotic,2025-04-28,2028-04-27,7809,2987,9631,1165,Hyderabad,Available
INV00984,P011,B202500984,Insulin Glargine,Antidiabetic,2025-02-21,2026-02-21,2792,11154,6515,7431,Kolkata,Available
INV00985,P004,B202600985,Metformin 500mg,Antidiabetic,2026-03-26,2027-03-26,3265,4325,940,6650,Delhi,Available
INV00986,P019,B202500986,Vitamin D3 60000IU,Supplement,2026-02-05,2029-02-04,6119,2020,2816,5323,Chennai,Available
INV00987,P001,B202600987,Paracetamol 500mg,Analgesic,2025-02-28,2028-02-28,1101,19230,9103,11228,Delhi,Available
INV00988,P011,B202500988,Insulin Glargine,Antidiabetic,2025-02-23,2026-08-17,8174,18174,5364,20984,Kolkata,Available
INV00989,P016,B202600989,Salbutamol Inhaler,Respiratory,2025-02-04,2027-02-04,6353,11315,9267,8401,Kolkata,Available
INV00990,P012,B202500990,Losartan 50mg,Cardiovascular,2025-07-12,2028-07-11,9655,14035,7688,16002,Bangalore,Available
INV00991,P009,B202600991,Cetirizine 10mg,Antiallergic,2025-04-29,2027-04-29,8350,5266,11962,1654,Bangalore,Available
INV00992,P002,B202500992,Amoxicillin 500mg,Antibiotic,2026-08-08,2027-08-08,7484,15505,3961,19028,Bangalore,Available
INV00993,P007,B202600993,Ibuprofen 400mg,Analgesic,2025-02-11,2027-02-11,8944,19945,9606,19283,Chennai,Available
INV00994,P018,B202500994,Doxycycline 100mg,Antibiotic,2026-04-07,2028-04-06,9965,7128,4953,12140,Kolkata,Available
INV00995,P007,B202600995,Ibuprofen 400mg,Analgesic,2025-06-29,2026-06-29,3117,12279,10637,4759,Bangalore,Available
INV00996,P014,B202500996,Diclofenac 50mg,Analgesic,2026-04-05,2029-04-04,7626,3962,5666,5922,Kolkata,Available
INV00997,P019,B202600997,Vitamin D3 60000IU,Supplement,2026-01-03,2029-01-02,6847,2232,8299,780,Hyderabad,Low Stock
INV00998,P008,B202500998,Amlodipine 5mg,Cardiovascular,2025-05-23,2027-05-23,784,13167,10373,3578,Chennai,Available
INV00999,P007,B202600999,Ibuprofen 400mg,Analgesic,2026-06-23,2027-12-15,6961,10627,811,16777,Bangalore,Available
INV01000,P004,B202501000,Metformin 500mg,Antidiabetic,2026-07-15,2029-07-14,4396,19405,593,23208,Kolkata,Available
INV01001,P005,B202601001,Atorvastatin 20mg,Cardiovascular,2025-01-23,2028-01-23,4133,6554,8119,2568,Hyderabad,Available
INV01002,P016,B202501002,Salbutamol Inhaler,Respiratory,2025-04-28,2026-04-28,3587,12580,2699,13468,Bangalore,Available
INV01003,P015,B202601003,Montelukast 10mg,Respiratory,2025-10-23,2027-04-16,2777,1336,218,3895,Chennai,Available
INV01004,P002,B202501004,Amoxicillin 500mg,Antibiotic,2025-05-29,2028-05-28,3768,15149,4120,14797,Kolkata,Available
INV01005,P017,B202601005,Levothyroxine 50mcg,Endocrine,2025-10-09,2027-10-09,4426,18944,4301,19069,Kolkata,Available
INV01006,P013,B202501006,Ciprofloxacin 500mg,Antibiotic,2026-01-22,2027-07-16,8413,15179,9784,13808,Chennai,Available
INV01007,P004,B202601007,Metformin 500mg,Antidiabetic,2026-06-10,2029-06-09,2806,19652,6324,16134,Hyderabad,Available
INV01008,P005,B202501008,Atorvastatin 20mg,Cardiovascular,2025-08-07,2026-08-07,7062,14449,8014,13497,Delhi,Available
INV01009,P008,B202601009,Amlodipine 5mg,Cardiovascular,2026-03-11,2029-03-10,1332,8275,9565,42,Kolkata,Low Stock
INV01010,P020,B202501010,Enoxaparin 40mg,Anticoagulant,2025-04-20,2026-10-12,1738,17455,6226,12967,Hyderabad,Available
INV01011,P002,B202601011,Amoxicillin 500mg,Antibiotic,2026-03-19,2029-03-18,8853,19457,9776,18534,Chennai,Available
INV01012,P017,B202501012,Levothyroxine 50mcg,Endocrine,2026-08-23,2028-02-14,7707,16580,1395,22892,Chennai,Available
INV01013,P007,B202601013,Ibuprofen 400mg,Analgesic,2025-03-21,2026-03-21,1584,18058,9263,10379,Bangalore,Available
INV01014,P013,B202501014,Ciprofloxacin 500mg,Antibiotic,2026-02-01,2028-02-01,6258,18238,6226,18270,Delhi,Available
INV01015,P012,B202601015,Losartan 50mg,Cardiovascular,2025-08-26,2028-08-25,4432,16199,7263,13368,Chennai,Available
INV01016,P016,B202501016,Salbutamol Inhaler,Respiratory,2026-03-18,2028-03-17,6347,10666,4069,12944,Chennai,Available
INV01017,P018,B202601017,Doxycycline 100mg,Antibiotic,2026-02-28,2029-02-27,8389,7980,750,15619,Mumbai,Available
INV01018,P016,B202501018,Salbutamol Inhaler,Respiratory,2026-05-05,2028-05-04,7897,2419,6645,3671,Chennai,Available
INV01019,P011,B202601019,Insulin Glargine,Antidiabetic,2026-03-06,2027-08-28,5474,12475,9526,8423,Hyderabad,Available
INV01020,P007,B202501020,Ibuprofen 400mg,Analgesic,2025-09-09,2026-09-09,3675,7664,3563,7776,Mumbai,Available
INV01021,P011,B202601021,Insulin Glargine,Antidiabetic,2026-02-22,2027-08-16,8533,10109,8651,9991,Bangalore,Available
INV01022,P004,B202501022,Metformin 500mg,Antidiabetic,2025-09-30,2027-03-24,5213,4010,4368,4855,Chennai,Available
INV01023,P015,B202601023,Montelukast 10mg,Respiratory,2025-05-29,2026-11-20,5491,10842,9502,6831,Mumbai,Available
INV01024,P014,B202501024,Diclofenac 50mg,Analgesic,2026-06-15,2027-12-07,8319,7324,4013,11630,Delhi,Available
INV01025,P013,B202601025,Ciprofloxacin 500mg,Antibiotic,2025-11-26,2026-11-26,1415,18270,10488,9197,Kolkata,Available
INV01026,P011,B202501026,Insulin Glargine,Antidiabetic,2026-06-15,2027-12-07,1217,4770,1632,4355,Mumbai,Available
INV01027,P019,B202601027,Vitamin D3 60000IU,Supplement,2025-07-19,2027-07-19,3072,13222,6809,9485,Bangalore,Available
INV01028,P010,B202501028,Omeprazole 20mg,Gastrointestinal,2025-03-05,2028-03-04,7189,18886,10508,15567,Hyderabad,Available
INV01029,P015,B202601029,Montelukast 10mg,Respiratory,2025-03-02,2028-03-01,7961,13929,11939,9951,Kolkata,Available
INV01030,P018,B202501030,Doxycycline 100mg,Antibiotic,2025-03-02,2026-03-02,9631,5774,5117,10288,Bangalore,Available
INV01031,P013,B202601031,Ciprofloxacin 500mg,Antibiotic,2026-05-08,2029-05-07,6023,13565,6165,13423,Mumbai,Available
INV01032,P012,B202501032,Losartan 50mg,Cardiovascular,2026-07-16,2028-01-07,4967,12431,6842,10556,Bangalore,Available
INV01033,P006,B202601033,Pantoprazole 40mg,Gastrointestinal,2026-01-23,2028-01-23,7477,19837,8076,19238,Delhi,Available
INV01034,P007,B202501034,Ibuprofen 400mg,Analgesic,2025-08-11,2028-08-10,4953,14596,1489,18060,Bangalore,Available
INV01035,P005,B202601035,Atorvastatin 20mg,Cardiovascular,2025-04-28,2027-04-28,6553,11600,3473,14680,Delhi,Available
INV01036,P003,B202501036,Azithromycin 500mg,Antibiotic,2025-10-11,2026-10-11,1229,4146,597,4778,Mumbai,Available
INV01037,P011,B202601037,Insulin Glargine,Antidiabetic,2025-12-31,2027-06-24,2175,1396,2545,1026,Kolkata,Available
INV01038,P006,B202501038,Pantoprazole 40mg,Gastrointestinal,2025-05-03,2026-10-25,2536,5246,3848,3934,Chennai,Available
INV01039,P015,B202601039,Montelukast 10mg,Respiratory,2026-07-30,2028-01-21,5179,8226,504,12901,Mumbai,Available
INV01040,P006,B202501040,Pantoprazole 40mg,Gastrointestinal,2025-10-15,2026-10-15,7546,17013,11530,13029,Bangalore,Available
INV01041,P003,B202601041,Azithromycin 500mg,Antibiotic,2026-08-03,2029-08-02,6091,7109,6213,6987,Delhi,Available
INV01042,P017,B202501042,Levothyroxine 50mcg,Endocrine,2025-11-14,2026-11-14,7146,15766,3577,19335,Bangalore,Available
INV01043,P003,B202601043,Azithromycin 500mg,Antibiotic,2026-05-20,2027-11-11,5527,19252,733,24046,Hyderabad,Available
INV01044,P017,B202501044,Levothyroxine 50mcg,Endocrine,2025-11-21,2026-11-21,7178,3629,8453,2354,Chennai,Available
INV01045,P017,B202601045,Levothyroxine 50mcg,Endocrine,2025-10-06,2027-03-30,8874,11617,7625,12866,Bangalore,Available
INV01046,P013,B202501046,Ciprofloxacin 500mg,Antibiotic,2025-12-15,2027-06-08,7785,3540,8147,3178,Kolkata,Available
INV01047,P012,B202601047,Losartan 50mg,Cardiovascular,2025-03-04,2027-03-04,5526,11492,3271,13747,Delhi,Available
INV01048,P006,B202501048,Pantoprazole 40mg,Gastrointestinal,2025-12-01,2027-12-01,6636,16161,10591,12206,Chennai,Available
INV01049,P016,B202601049,Salbutamol Inhaler,Respiratory,2026-06-06,2027-06-06,3282,11128,5589,8821,Chennai,Available
INV01050,P001,B202501050,Paracetamol 500mg,Analgesic,2025-03-25,2027-03-25,8309,6744,3731,11322,Delhi,Available
INV01051,P010,B202601051,Omeprazole 20mg,Gastrointestinal,2025-04-12,2027-04-12,8285,14862,9808,13339,Delhi,Available
INV01052,P018,B202501052,Doxycycline 100mg,Antibiotic,2025-05-30,2026-05-30,1583,19857,7686,13754,Hyderabad,Available
INV01053,P018,B202601053,Doxycycline 100mg,Antibiotic,2025-07-05,2027-07-05,2868,2802,1517,4153,Hyderabad,Available
INV01054,P012,B202501054,Losartan 50mg,Cardiovascular,2025-01-13,2026-01-13,5894,8482,7631,6745,Delhi,Available
INV01055,P020,B202601055,Enoxaparin 40mg,Anticoagulant,2026-05-17,2027-05-17,7081,12918,7132,12867,Chennai,Available
INV01056,P003,B202501056,Azithromycin 500mg,Antibiotic,2025-08-14,2028-08-13,8976,1708,5037,5647,Hyderabad,Available
INV01057,P004,B202601057,Metformin 500mg,Antidiabetic,2025-02-04,2027-02-04,6841,11094,4420,13515,Chennai,Available
INV01058,P014,B202501058,Diclofenac 50mg,Analgesic,2026-06-30,2027-12-22,2770,9659,6082,6347,Mumbai,Available
INV01059,P017,B202601059,Levothyroxine 50mcg,Endocrine,2025-01-28,2027-01-28,4587,5006,6150,3443,Chennai,Available
INV01060,P011,B202501060,Insulin Glargine,Antidiabetic,2025-02-20,2026-02-20,4505,13693,3762,14436,Hyderabad,Available
INV01061,P018,B202601061,Doxycycline 100mg,Antibiotic,2025-01-09,2026-01-09,1978,19689,5971,15696,Bangalore,Available
INV01062,P007,B202501062,Ibuprofen 400mg,Analgesic,2026-08-05,2028-08-04,2625,5572,614,7583,Chennai,Available
INV01063,P003,B202601063,Azithromycin 500mg,Antibiotic,2025-06-21,2026-12-13,6398,12520,9591,9327,Hyderabad,Available
INV01064,P008,B202501064,Amlodipine 5mg,Cardiovascular,2025-08-22,2026-08-22,7507,11174,5708,12973,Kolkata,Available
INV01065,P004,B202601065,Metformin 500mg,Antidiabetic,2026-08-05,2028-08-04,2599,13892,9069,7422,Mumbai,Available
INV01066,P007,B202501066,Ibuprofen 400mg,Analgesic,2026-05-17,2027-05-17,626,13653,10879,3400,Delhi,Available
INV01067,P003,B202601067,Azithromycin 500mg,Antibiotic,2025-11-20,2027-05-14,8361,12630,4038,16953,Delhi,Available
INV01068,P014,B202501068,Diclofenac 50mg,Analgesic,2026-02-12,2027-08-06,5921,1811,3120,4612,Mumbai,Available
INV01069,P011,B202601069,Insulin Glargine,Antidiabetic,2026-07-25,2029-07-24,5091,13277,1298,17070,Mumbai,Available
INV01070,P014,B202501070,Diclofenac 50mg,Analgesic,2026-02-14,2029-02-13,4929,18251,11745,11435,Delhi,Available
INV01071,P002,B202601071,Amoxicillin 500mg,Antibiotic,2025-08-14,2028-08-13,6017,18790,9791,15016,Bangalore,Available
INV01072,P018,B202501072,Doxycycline 100mg,Antibiotic,2025-08-03,2028-08-02,5324,9654,869,14109,Bangalore,Available
INV01073,P012,B202601073,Losartan 50mg,Cardiovascular,2025-12-08,2027-12-08,1986,10689,731,11944,Bangalore,Available
INV01074,P010,B202501074,Omeprazole 20mg,Gastrointestinal,2026-01-06,2028-01-06,9829,17229,4557,22501,Chennai,Available
INV01075,P002,B202601075,Amoxicillin 500mg,Antibiotic,2026-05-30,2027-11-21,7721,19442,8439,18724,Kolkata,Available
INV01076,P001,B202501076,Paracetamol 500mg,Analgesic,2025-04-13,2027-04-13,5636,3289,6412,2513,Bangalore,Available
INV01077,P020,B202601077,Enoxaparin 40mg,Anticoagulant,2025-04-04,2026-09-26,8322,10767,8926,10163,Chennai,Available
INV01078,P019,B202501078,Vitamin D3 60000IU,Supplement,2025-10-06,2028-10-05,5409,17973,8792,14590,Bangalore,Available
INV01079,P013,B202601079,Ciprofloxacin 500mg,Antibiotic,2026-06-12,2027-06-12,8467,3003,9992,1478,Chennai,Available
INV01080,P004,B202501080,Metformin 500mg,Antidiabetic,2026-03-12,2027-03-12,5896,18553,2471,21978,Hyderabad,Available
INV01081,P009,B202601081,Cetirizine 10mg,Antiallergic,2025-08-10,2026-08-10,4832,5931,1339,9424,Hyderabad,Available
INV01082,P001,B202501082,Paracetamol 500mg,Analgesic,2026-07-04,2029-07-03,3992,17657,5536,16113,Kolkata,Available
INV01083,P004,B202601083,Metformin 500mg,Antidiabetic,2025-06-20,2027-06-20,2591,16648,5110,14129,Mumbai,Available
INV01084,P010,B202501084,Omeprazole 20mg,Gastrointestinal,2026-04-24,2027-04-24,7632,15806,9854,13584,Kolkata,Available
INV01085,P016,B202601085,Salbutamol Inhaler,Respiratory,2025-11-14,2027-05-08,4188,16716,4713,16191,Delhi,Available
INV01086,P002,B202501086,Amoxicillin 500mg,Antibiotic,2025-07-10,2027-01-01,4633,10541,8598,6576,Mumbai,Available
INV01087,P004,B202601087,Metformin 500mg,Antidiabetic,2025-11-24,2026-11-24,8566,15641,2703,21504,Hyderabad,Available
INV01088,P001,B202501088,Paracetamol 500mg,Analgesic,2025-08-07,2026-08-07,9396,3549,7913,5032,Delhi,Available
INV01089,P005,B202601089,Atorvastatin 20mg,Cardiovascular,2026-04-30,2027-04-30,8925,15067,7621,16371,Kolkata,Available
INV01090,P009,B202501090,Cetirizine 10mg,Antiallergic,2025-06-18,2026-06-18,9282,8627,9953,7956,Hyderabad,Available
INV01091,P020,B202601091,Enoxaparin 40mg,Anticoagulant,2026-06-07,2027-11-29,5124,16086,2714,18496,Bangalore,Available
INV01092,P006,B202501092,Pantoprazole 40mg,Gastrointestinal,2025-12-21,2026-12-21,3667,18454,901,21220,Bangalore,Available
INV01093,P009,B202601093,Cetirizine 10mg,Antiallergic,2025-01-08,2026-01-08,2238,2942,4201,979,Bangalore,Low Stock
INV01094,P011,B202501094,Insulin Glargine,Antidiabetic,2026-02-28,2028-02-28,6712,7797,10667,3842,Bangalore,Available
INV01095,P003,B202601095,Azithromycin 500mg,Antibiotic,2026-05-29,2027-05-29,2323,4290,218,6395,Bangalore,Available
INV01096,P012,B202501096,Losartan 50mg,Cardiovascular,2026-02-01,2027-02-01,9453,2819,8244,4028,Chennai,Available
INV01097,P011,B202601097,Insulin Glargine,Antidiabetic,2025-10-22,2026-10-22,2794,17161,4183,15772,Bangalore,Available
INV01098,P015,B202501098,Montelukast 10mg,Respiratory,2026-02-15,2027-02-15,985,3213,213,3985,Delhi,Available
INV01099,P003,B202601099,Azithromycin 500mg,Antibiotic,2025-12-31,2026-12-31,9739,14793,4494,20038,Mumbai,Available
INV01100,P002,B202501100,Amoxicillin 500mg,Antibiotic,2025-02-02,2027-02-02,716,13129,4589,9256,Bangalore,Available
INV01101,P011,B202601101,Insulin Glargine,Antidiabetic,2025-11-28,2027-11-28,2378,11400,10137,3641,Hyderabad,Available
INV01102,P017,B202501102,Levothyroxine 50mcg,Endocrine,2026-03-11,2027-09-02,8891,19369,2842,25418,Kolkata,Available
INV01103,P001,B202601103,Paracetamol 500mg,Analgesic,2025-03-19,2026-03-19,3993,18803,7204,15592,Delhi,Available
INV01104,P002,B202501104,Amoxicillin 500mg,Antibiotic,2025-11-06,2027-04-30,5054,5962,2220,8796,Kolkata,Available
INV01105,P012,B202601105,Losartan 50mg,Cardiovascular,2025-09-04,2026-09-04,7746,9979,4640,13085,Chennai,Available
INV01106,P003,B202501106,Azithromycin 500mg,Antibiotic,2025-11-16,2028-11-15,4908,1007,1360,4555,Bangalore,Available
INV01107,P011,B202601107,Insulin Glargine,Antidiabetic,2025-08-07,2026-08-07,7026,4355,3889,7492,Kolkata,Available
INV01108,P002,B202501108,Amoxicillin 500mg,Antibiotic,2025-05-29,2026-11-20,5333,5654,10658,329,Bangalore,Low Stock
INV01109,P019,B202601109,Vitamin D3 60000IU,Supplement,2025-11-17,2026-11-17,1608,2958,1312,3254,Hyderabad,Available
INV01110,P013,B202501110,Ciprofloxacin 500mg,Antibiotic,2025-07-06,2027-07-06,3291,6005,2560,6736,Hyderabad,Available
INV01111,P017,B202601111,Levothyroxine 50mcg,Endocrine,2025-05-29,2026-11-20,9591,13421,2286,20726,Kolkata,Available
INV01112,P004,B202501112,Metformin 500mg,Antidiabetic,2025-04-08,2026-09-30,7067,4597,8787,2877,Bangalore,Available
INV01113,P016,B202601113,Salbutamol Inhaler,Respiratory,2025-02-27,2026-08-21,6582,6046,7345,5283,Chennai,Available
INV01114,P014,B202501114,Diclofenac 50mg,Analgesic,2025-08-27,2028-08-26,7451,7201,8801,5851,Kolkata,Available
INV01115,P017,B202601115,Levothyroxine 50mcg,Endocrine,2026-03-16,2029-03-15,8145,6493,8652,5986,Hyderabad,Available
INV01116,P008,B202501116,Amlodipine 5mg,Cardiovascular,2026-07-15,2028-01-06,8515,9028,2518,15025,Bangalore,Available
INV01117,P011,B202601117,Insulin Glargine,Antidiabetic,2025-09-28,2027-09-28,909,6094,27,6976,Hyderabad,Available
INV01118,P019,B202501118,Vitamin D3 60000IU,Supplement,2025-04-02,2027-04-02,554,11675,11052,1177,Mumbai,Available
INV01119,P004,B202601119,Metformin 500mg,Antidiabetic,2025-12-09,2027-06-02,8970,17131,7829,18272,Delhi,Available
INV01120,P013,B202501120,Ciprofloxacin 500mg,Antibiotic,2026-03-18,2027-09-09,9713,7568,107,17174,Chennai,Available
INV01121,P014,B202601121,Diclofenac 50mg,Analgesic,2026-08-12,2028-02-03,4535,11678,4706,11507,Chennai,Available
INV01122,P009,B202501122,Cetirizine 10mg,Antiallergic,2026-04-16,2027-10-08,2638,19822,6318,16142,Chennai,Available
INV01123,P012,B202601123,Losartan 50mg,Cardiovascular,2025-08-04,2028-08-03,4029,19869,5169,18729,Bangalore,Available
INV01124,P001,B202501124,Paracetamol 500mg,Analgesic,2026-08-08,2028-08-07,4182,16417,7406,13193,Delhi,Available
INV01125,P014,B202601125,Diclofenac 50mg,Analgesic,2025-04-30,2026-04-30,7417,1414,6354,2477,Bangalore,Available
INV01126,P006,B202501126,Pantoprazole 40mg,Gastrointestinal,2026-03-01,2028-02-29,7925,12608,574,19959,Kolkata,Available
INV01127,P005,B202601127,Atorvastatin 20mg,Cardiovascular,2025-03-23,2028-03-22,2351,11185,5832,7704,Chennai,Available
INV01128,P001,B202501128,Paracetamol 500mg,Analgesic,2025-03-06,2026-08-28,4996,15976,7269,13703,Bangalore,Available
INV01129,P020,B202601129,Enoxaparin 40mg,Anticoagulant,2025-10-03,2028-10-02,9903,1981,6012,5872,Mumbai,Available
INV01130,P010,B202501130,Omeprazole 20mg,Gastrointestinal,2025-07-05,2027-07-05,5176,4534,2801,6909,Bangalore,Available
INV01131,P017,B202601131,Levothyroxine 50mcg,Endocrine,2026-02-11,2027-08-05,4260,2502,1960,4802,Kolkata,Available
INV01132,P001,B202501132,Paracetamol 500mg,Analgesic,2025-03-29,2028-03-28,5443,1614,3456,3601,Chennai,Available
INV01133,P007,B202601133,Ibuprofen 400mg,Analgesic,2025-08-18,2027-08-18,6188,18156,2972,21372,Hyderabad,Available
INV01134,P004,B202501134,Metformin 500mg,Antidiabetic,2026-02-03,2028-02-03,3796,14217,4520,13493,Hyderabad,Available
INV01135,P011,B202601135,Insulin Glargine,Antidiabetic,2025-09-19,2027-03-13,4724,18370,2591,20503,Hyderabad,Available
INV01136,P012,B202501136,Losartan 50mg,Cardiovascular,2025-01-29,2026-01-29,5880,10685,7834,8731,Bangalore,Available
INV01137,P018,B202601137,Doxycycline 100mg,Antibiotic,2025-10-19,2026-10-19,3460,5321,3971,4810,Mumbai,Available
INV01138,P009,B202501138,Cetirizine 10mg,Antiallergic,2025-10-04,2028-10-03,9612,10309,11557,8364,Chennai,Available
INV01139,P017,B202601139,Levothyroxine 50mcg,Endocrine,2025-05-16,2026-11-07,3845,2832,501,6176,Delhi,Available
INV01140,P009,B202501140,Cetirizine 10mg,Antiallergic,2026-05-11,2028-05-10,1309,16926,5953,12282,Delhi,Available
INV01141,P020,B202601141,Enoxaparin 40mg,Anticoagulant,2026-01-20,2027-01-20,2184,9101,419,10866,Hyderabad,Available
INV01142,P016,B202501142,Salbutamol Inhaler,Respiratory,2025-03-27,2026-03-27,5294,2732,2052,5974,Kolkata,Available
INV01143,P013,B202601143,Ciprofloxacin 500mg,Antibiotic,2026-08-02,2028-01-24,6355,5532,4501,7386,Hyderabad,Available
INV01144,P017,B202501144,Levothyroxine 50mcg,Endocrine,2025-04-21,2026-04-21,4906,9158,3766,10298,Mumbai,Available
INV01145,P006,B202601145,Pantoprazole 40mg,Gastrointestinal,2026-07-02,2028-07-01,9238,19750,7811,21177,Chennai,Available
INV01146,P003,B202501146,Azithromycin 500mg,Antibiotic,2026-07-24,2028-01-15,7278,5661,1146,11793,Kolkata,Available
INV01147,P009,B202601147,Cetirizine 10mg,Antiallergic,2025-03-25,2027-03-25,1016,9559,7450,3125,Chennai,Available
INV01148,P010,B202501148,Omeprazole 20mg,Gastrointestinal,2025-08-10,2028-08-09,2255,2418,733,3940,Chennai,Available
INV01149,P010,B202601149,Omeprazole 20mg,Gastrointestinal,2025-01-23,2026-01-23,766,16474,5536,11704,Bangalore,Available
INV01150,P005,B202501150,Atorvastatin 20mg,Cardiovascular,2026-01-05,2028-01-05,8284,1490,678,9096,Bangalore,Available
INV01151,P008,B202601151,Amlodipine 5mg,Cardiovascular,2026-03-13,2028-03-12,2496,13488,7877,8107,Hyderabad,Available
INV01152,P015,B202501152,Montelukast 10mg,Respiratory,2025-09-11,2026-09-11,4210,15626,8355,11481,Hyderabad,Available
INV01153,P016,B202601153,Salbutamol Inhaler,Respiratory,2025-08-22,2027-02-13,1323,19945,10064,11204,Hyderabad,Available
INV01154,P012,B202501154,Losartan 50mg,Cardiovascular,2026-04-14,2028-04-13,2502,19403,3225,18680,Mumbai,Available
INV01155,P008,B202601155,Amlodipine 5mg,Cardiovascular,2026-06-19,2028-06-18,7337,18123,11143,14317,Kolkata,Available
INV01156,P019,B202501156,Vitamin D3 60000IU,Supplement,2026-07-23,2029-07-22,6610,3501,1145,8966,Chennai,Available
INV01157,P007,B202601157,Ibuprofen 400mg,Analgesic,2026-04-28,2029-04-27,6622,15522,3346,18798,Mumbai,Available
INV01158,P020,B202501158,Enoxaparin 40mg,Anticoagulant,2026-05-06,2027-05-06,9395,10492,10127,9760,Delhi,Available
INV01159,P013,B202601159,Ciprofloxacin 500mg,Antibiotic,2025-04-08,2026-09-30,7364,17006,1066,23304,Bangalore,Available
INV01160,P014,B202501160,Diclofenac 50mg,Analgesic,2025-09-26,2028-09-25,1148,7638,311,8475,Chennai,Available
INV01161,P018,B202601161,Doxycycline 100mg,Antibiotic,2025-04-05,2026-09-27,8537,1787,9829,495,Kolkata,Low Stock
INV01162,P004,B202501162,Metformin 500mg,Antidiabetic,2025-03-25,2027-03-25,595,10611,738,10468,Delhi,Available
INV01163,P008,B202601163,Amlodipine 5mg,Cardiovascular,2026-02-28,2029-02-27,5143,13194,7204,11133,Kolkata,Available
INV01164,P005,B202501164,Atorvastatin 20mg,Cardiovascular,2025-05-24,2026-11-15,7499,17440,3337,21602,Bangalore,Available
INV01165,P013,B202601165,Ciprofloxacin 500mg,Antibiotic,2025-12-25,2027-06-18,2250,17148,10159,9239,Chennai,Available
INV01166,P012,B202501166,Losartan 50mg,Cardiovascular,2025-06-06,2026-11-28,1150,5746,3106,3790,Mumbai,Available
INV01167,P002,B202601167,Amoxicillin 500mg,Antibiotic,2026-07-29,2028-01-20,5337,9840,5634,9543,Kolkata,Available
INV01168,P015,B202501168,Montelukast 10mg,Respiratory,2026-06-05,2027-11-27,3019,9121,6738,5402,Mumbai,Available
INV01169,P010,B202601169,Omeprazole 20mg,Gastrointestinal,2025-04-01,2027-04-01,7281,11016,10477,7820,Kolkata,Available
INV01170,P019,B202501170,Vitamin D3 60000IU,Supplement,2025-02-25,2028-02-25,3670,9584,4944,8310,Hyderabad,Available
INV01171,P018,B202601171,Doxycycline 100mg,Antibiotic,2026-01-18,2029-01-17,9570,8975,8725,9820,Delhi,Available
INV01172,P010,B202501172,Omeprazole 20mg,Gastrointestinal,2026-03-20,2028-03-19,9162,15678,7466,17374,Kolkata,Available
INV01173,P003,B202601173,Azithromycin 500mg,Antibiotic,2026-04-03,2027-09-25,4615,15852,3283,17184,Kolkata,Available
INV01174,P010,B202501174,Omeprazole 20mg,Gastrointestinal,2025-07-29,2027-01-20,4499,18913,1231,22181,Delhi,Available
INV01175,P017,B202601175,Levothyroxine 50mcg,Endocrine,2025-10-11,2027-10-11,3808,3588,4729,2667,Kolkata,Available
INV01176,P011,B202501176,Insulin Glargine,Antidiabetic,2025-09-17,2026-09-17,9475,17515,10824,16166,Mumbai,Available
INV01177,P013,B202601177,Ciprofloxacin 500mg,Antibiotic,2025-09-17,2026-09-17,2454,8293,5947,4800,Bangalore,Available
INV01178,P015,B202501178,Montelukast 10mg,Respiratory,2025-10-02,2028-10-01,3148,1980,1600,3528,Kolkata,Available
INV01179,P007,B202601179,Ibuprofen 400mg,Analgesic,2026-02-27,2029-02-26,3201,13209,2453,13957,Mumbai,Available
INV01180,P006,B202501180,Pantoprazole 40mg,Gastrointestinal,2026-02-08,2029-02-07,2897,6536,7744,1689,Mumbai,Available
INV01181,P011,B202601181,Insulin Glargine,Antidiabetic,2026-02-28,2027-02-28,8784,7939,7903,8820,Mumbai,Available
INV01182,P016,B202501182,Salbutamol Inhaler,Respiratory,2026-01-02,2027-01-02,2284,17671,6235,13720,Hyderabad,Available
INV01183,P003,B202601183,Azithromycin 500mg,Antibiotic,2025-03-19,2028-03-18,9775,8476,2419,15832,Mumbai,Available
INV01184,P003,B202501184,Azithromycin 500mg,Antibiotic,2025-11-26,2027-11-26,9861,7058,2373,14546,Bangalore,Available
INV01185,P008,B202601185,Amlodipine 5mg,Cardiovascular,2025-12-27,2026-12-27,7711,9742,9519,7934,Mumbai,Available
INV01186,P004,B202501186,Metformin 500mg,Antidiabetic,2025-01-13,2027-01-13,5625,16460,10527,11558,Bangalore,Available
INV01187,P007,B202601187,Ibuprofen 400mg,Analgesic,2025-05-05,2026-05-05,522,2564,1619,1467,Bangalore,Available
INV01188,P004,B202501188,Metformin 500mg,Antidiabetic,2025-03-12,2027-03-12,6539,19283,1338,24484,Hyderabad,Available
INV01189,P010,B202601189,Omeprazole 20mg,Gastrointestinal,2026-01-25,2027-01-25,2512,9009,207,11314,Mumbai,Available
INV01190,P016,B202501190,Salbutamol Inhaler,Respiratory,2025-11-12,2027-05-06,5135,18989,6245,17879,Delhi,Available
INV01191,P019,B202601191,Vitamin D3 60000IU,Supplement,2025-04-05,2026-04-05,4773,7053,2399,9427,Bangalore,Available
INV01192,P018,B202501192,Doxycycline 100mg,Antibiotic,2026-01-04,2028-01-04,1621,7483,5652,3452,Delhi,Available
INV01193,P014,B202601193,Diclofenac 50mg,Analgesic,2026-02-06,2027-07-31,7937,5933,961,12909,Kolkata,Available
INV01194,P001,B202501194,Paracetamol 500mg,Analgesic,2025-06-20,2026-06-20,2702,8505,1452,9755,Mumbai,Available
INV01195,P019,B202601195,Vitamin D3 60000IU,Supplement,2025-03-23,2028-03-22,4406,12257,5299,11364,Hyderabad,Available
INV01196,P003,B202501196,Azithromycin 500mg,Antibiotic,2025-12-23,2028-12-22,5448,12384,7725,10107,Mumbai,Available
INV01197,P003,B202601197,Azithromycin 500mg,Antibiotic,2025-11-01,2028-10-31,3485,17558,10252,10791,Hyderabad,Available
INV01198,P012,B202501198,Losartan 50mg,Cardiovascular,2026-03-25,2027-09-16,7144,18307,7527,17924,Kolkata,Available
INV01199,P017,B202601199,Levothyroxine 50mcg,Endocrine,2026-05-03,2029-05-02,2643,1348,611,3380,Hyderabad,Available
INV01200,P014,B202501200,Diclofenac 50mg,Analgesic,2025-11-02,2027-04-26,586,13991,4371,10206,Chennai,Available
INV01201,P003,B202601201,Azithromycin 500mg,Antibiotic,2025-06-27,2026-06-27,3204,18544,5890,15858,Mumbai,Available
INV01202,P006,B202501202,Pantoprazole 40mg,Gastrointestinal,2025-06-08,2027-06-08,9860,15188,8844,16204,Mumbai,Available
INV01203,P002,B202601203,Amoxicillin 500mg,Antibiotic,2026-03-11,2029-03-10,5349,2738,5765,2322,Kolkata,Available
INV01204,P005,B202501204,Atorvastatin 20mg,Cardiovascular,2025-04-06,2027-04-06,3652,14588,8438,9802,Hyderabad,Available
INV01205,P001,B202601205,Paracetamol 500mg,Analgesic,2025-11-30,2027-05-24,8626,7801,2994,13433,Kolkata,Available
INV01206,P015,B202501206,Montelukast 10mg,Respiratory,2026-01-07,2029-01-06,7939,17459,9588,15810,Mumbai,Available
INV01207,P002,B202601207,Amoxicillin 500mg,Antibiotic,2025-12-31,2028-12-30,9922,13951,6821,17052,Delhi,Available
INV01208,P003,B202501208,Azithromycin 500mg,Antibiotic,2025-01-05,2026-01-05,9097,16016,3122,21991,Mumbai,Available
INV01209,P010,B202601209,Omeprazole 20mg,Gastrointestinal,2025-05-29,2026-11-20,3803,14201,9089,8915,Bangalore,Available
INV01210,P010,B202501210,Omeprazole 20mg,Gastrointestinal,2026-08-18,2029-08-17,8041,14964,51,22954,Kolkata,Available
INV01211,P015,B202601211,Montelukast 10mg,Respiratory,2026-06-18,2029-06-17,2918,1262,2755,1425,Mumbai,Available
INV01212,P001,B202501212,Paracetamol 500mg,Analgesic,2025-06-12,2028-06-11,3952,5959,6487,3424,Delhi,Available
INV01213,P007,B202601213,Ibuprofen 400mg,Analgesic,2026-05-25,2028-05-24,2024,7174,7799,1399,Bangalore,Available
INV01214,P001,B202501214,Paracetamol 500mg,Analgesic,2026-01-29,2027-07-23,2902,9969,2203,10668,Mumbai,Available
INV01215,P005,B202601215,Atorvastatin 20mg,Cardiovascular,2025-12-18,2027-12-18,9191,2287,3753,7725,Hyderabad,Available
INV01216,P012,B202501216,Losartan 50mg,Cardiovascular,2025-11-16,2028-11-15,9231,15687,2387,22531,Bangalore,Available
INV01217,P018,B202601217,Doxycycline 100mg,Antibiotic,2026-07-20,2028-01-11,943,13932,7065,7810,Kolkata,Available
INV01218,P012,B202501218,Losartan 50mg,Cardiovascular,2026-04-02,2029-04-01,593,3820,3442,971,Hyderabad,Low Stock
INV01219,P005,B202601219,Atorvastatin 20mg,Cardiovascular,2026-03-28,2027-03-28,1920,1256,1491,1685,Delhi,Available
INV01220,P015,B202501220,Montelukast 10mg,Respiratory,2026-06-28,2028-06-27,7686,5001,4085,8602,Hyderabad,Available
INV01221,P002,B202601221,Amoxicillin 500mg,Antibiotic,2026-08-05,2027-08-05,4762,7782,533,12011,Kolkata,Available
INV01222,P005,B202501222,Atorvastatin 20mg,Cardiovascular,2025-03-02,2026-08-24,1865,19991,2268,19588,Hyderabad,Available
INV01223,P006,B202601223,Pantoprazole 40mg,Gastrointestinal,2025-01-16,2026-01-16,5373,5421,902,9892,Hyderabad,Available
INV01224,P006,B202501224,Pantoprazole 40mg,Gastrointestinal,2025-09-12,2028-09-11,3415,14388,9222,8581,Bangalore,Available
INV01225,P011,B202601225,Insulin Glargine,Antidiabetic,2025-09-27,2027-09-27,2130,9836,1471,10495,Kolkata,Available
INV01226,P012,B202501226,Losartan 50mg,Cardiovascular,2025-01-21,2027-01-21,9301,15115,3275,21141,Kolkata,Available
INV01227,P004,B202601227,Metformin 500mg,Antidiabetic,2025-05-29,2026-05-29,9269,14622,6216,17675,Chennai,Available
INV01228,P006,B202501228,Pantoprazole 40mg,Gastrointestinal,2025-02-12,2028-02-12,9660,1675,585,10750,Delhi,Available
INV01229,P001,B202601229,Paracetamol 500mg,Analgesic,2026-03-09,2029-03-08,3160,6592,8421,1331,Mumbai,Available
INV01230,P005,B202501230,Atorvastatin 20mg,Cardiovascular,2025-02-20,2028-02-20,9297,2492,9466,2323,Bangalore,Available
INV01231,P003,B202601231,Azithromycin 500mg,Antibiotic,2025-08-17,2027-02-08,8614,14295,1735,21174,Delhi,Available
INV01232,P018,B202501232,Doxycycline 100mg,Antibiotic,2026-02-02,2027-02-02,1724,9598,5346,5976,Mumbai,Available
INV01233,P003,B202601233,Azithromycin 500mg,Antibiotic,2025-03-12,2027-03-12,9471,12361,5258,16574,Kolkata,Available
INV01234,P014,B202501234,Diclofenac 50mg,Analgesic,2026-03-07,2028-03-06,7748,10533,7465,10816,Delhi,Available
INV01235,P016,B202601235,Salbutamol Inhaler,Respiratory,2026-06-24,2027-12-16,7144,1601,4657,4088,Kolkata,Available
INV01236,P013,B202501236,Ciprofloxacin 500mg,Antibiotic,2025-06-10,2027-06-10,3898,9229,2737,10390,Delhi,Available
INV01237,P004,B202601237,Metformin 500mg,Antidiabetic,2025-09-24,2028-09-23,7698,8873,11627,4944,Bangalore,Available
INV01238,P020,B202501238,Enoxaparin 40mg,Anticoagulant,2025-07-31,2028-07-30,9502,12434,7326,14610,Chennai,Available
INV01239,P005,B202601239,Atorvastatin 20mg,Cardiovascular,2025-04-17,2026-10-09,5051,15115,3087,17079,Delhi,Available
INV01240,P001,B202501240,Paracetamol 500mg,Analgesic,2025-01-19,2028-01-19,8578,17413,3944,22047,Delhi,Available
INV01241,P014,B202601241,Diclofenac 50mg,Analgesic,2025-06-02,2027-06-02,7083,8738,5218,10603,Hyderabad,Available
INV01242,P017,B202501242,Levothyroxine 50mcg,Endocrine,2026-08-16,2029-08-15,7829,7632,9373,6088,Hyderabad,Available
INV01243,P018,B202601243,Doxycycline 100mg,Antibiotic,2025-06-10,2026-12-02,1386,2545,1549,2382,Delhi,Available
INV01244,P001,B202501244,Paracetamol 500mg,Analgesic,2026-05-23,2027-05-23,9985,6162,4548,11599,Bangalore,Available
INV01245,P017,B202601245,Levothyroxine 50mcg,Endocrine,2026-03-16,2027-03-16,1503,12573,10392,3684,Bangalore,Available
INV01246,P005,B202501246,Atorvastatin 20mg,Cardiovascular,2025-11-24,2026-11-24,3393,1192,2289,2296,Chennai,Available
INV01247,P009,B202601247,Cetirizine 10mg,Antiallergic,2025-06-03,2026-11-25,5340,4148,1059,8429,Hyderabad,Available
INV01248,P020,B202501248,Enoxaparin 40mg,Anticoagulant,2026-03-10,2027-03-10,3363,8827,2174,10016,Kolkata,Available
INV01249,P019,B202601249,Vitamin D3 60000IU,Supplement,2025-05-27,2026-05-27,3036,12068,9702,5402,Mumbai,Available
INV01250,P006,B202501250,Pantoprazole 40mg,Gastrointestinal,2025-05-30,2026-05-30,633,9130,6029,3734,Bangalore,Available
INV01251,P005,B202601251,Atorvastatin 20mg,Cardiovascular,2026-06-30,2029-06-29,6597,10912,6996,10513,Mumbai,Available
INV01252,P005,B202501252,Atorvastatin 20mg,Cardiovascular,2025-08-14,2027-08-14,6795,13868,7305,13358,Bangalore,Available
INV01253,P013,B202601253,Ciprofloxacin 500mg,Antibiotic,2026-06-13,2028-06-12,6005,5255,8923,2337,Mumbai,Available
INV01254,P006,B202501254,Pantoprazole 40mg,Gastrointestinal,2025-10-21,2026-10-21,9301,14347,3918,19730,Chennai,Available
INV01255,P002,B202601255,Amoxicillin 500mg,Antibiotic,2025-08-20,2027-08-20,725,14466,9819,5372,Delhi,Available
INV01256,P005,B202501256,Atorvastatin 20mg,Cardiovascular,2026-03-26,2027-09-17,7491,12937,1120,19308,Bangalore,Available
INV01257,P001,B202601257,Paracetamol 500mg,Analgesic,2025-02-13,2026-08-07,744,18831,11000,8575,Hyderabad,Available
INV01258,P007,B202501258,Ibuprofen 400mg,Analgesic,2026-03-22,2028-03-21,6025,19796,7558,18263,Chennai,Available
INV01259,P011,B202601259,Insulin Glargine,Antidiabetic,2025-11-12,2027-05-06,5449,18446,4523,19372,Bangalore,Available
INV01260,P012,B202501260,Losartan 50mg,Cardiovascular,2026-04-17,2029-04-16,5651,15973,3005,18619,Mumbai,Available
INV01261,P009,B202601261,Cetirizine 10mg,Antiallergic,2025-07-19,2027-07-19,8894,7205,1629,14470,Chennai,Available
INV01262,P017,B202501262,Levothyroxine 50mcg,Endocrine,2026-07-15,2028-01-06,7331,14597,9481,12447,Chennai,Available
INV01263,P020,B202601263,Enoxaparin 40mg,Anticoagulant,2025-10-14,2026-10-14,2326,17846,10138,10034,Bangalore,Available
INV01264,P008,B202501264,Amlodipine 5mg,Cardiovascular,2025-05-28,2026-11-19,6569,10690,5771,11488,Mumbai,Available
INV01265,P013,B202601265,Ciprofloxacin 500mg,Antibiotic,2026-02-14,2027-02-14,1803,7482,4045,5240,Kolkata,Available
INV01266,P018,B202501266,Doxycycline 100mg,Antibiotic,2026-01-25,2027-01-25,1456,9689,6543,4602,Delhi,Available
INV01267,P003,B202601267,Azithromycin 500mg,Antibiotic,2026-06-17,2027-12-09,6141,1746,6503,1384,Delhi,Available
INV01268,P005,B202501268,Atorvastatin 20mg,Cardiovascular,2025-07-11,2027-01-02,757,18901,9636,10022,Kolkata,Available
INV01269,P008,B202601269,Amlodipine 5mg,Cardiovascular,2025-12-01,2027-05-25,5017,12190,5413,11794,Chennai,Available
INV01270,P002,B202501270,Amoxicillin 500mg,Antibiotic,2025-04-26,2028-04-25,8883,16545,4425,21003,Mumbai,Available
INV01271,P001,B202601271,Paracetamol 500mg,Analgesic,2025-06-17,2027-06-17,3758,10125,1478,12405,Mumbai,Available
INV01272,P015,B202501272,Montelukast 10mg,Respiratory,2025-12-10,2027-12-10,9189,5448,3593,11044,Delhi,Available
INV01273,P010,B202601273,Omeprazole 20mg,Gastrointestinal,2026-08-11,2027-08-11,1662,7498,4200,4960,Kolkata,Available
INV01274,P010,B202501274,Omeprazole 20mg,Gastrointestinal,2025-09-20,2026-09-20,4625,11100,7005,8720,Delhi,Available
INV01275,P009,B202601275,Cetirizine 10mg,Antiallergic,2025-04-05,2026-04-05,1970,12753,10277,4446,Kolkata,Available
INV01276,P007,B202501276,Ibuprofen 400mg,Analgesic,2025-02-17,2027-02-17,864,12909,4597,9176,Kolkata,Available
INV01277,P013,B202601277,Ciprofloxacin 500mg,Antibiotic,2026-03-20,2027-09-11,8486,10977,7503,11960,Mumbai,Available
INV01278,P009,B202501278,Cetirizine 10mg,Antiallergic,2026-05-20,2027-11-11,703,8201,3490,5414,Mumbai,Available
INV01279,P002,B202601279,Amoxicillin 500mg,Antibiotic,2025-03-19,2026-09-10,4528,1551,2367,3712,Hyderabad,Available
INV01280,P001,B202501280,Paracetamol 500mg,Analgesic,2025-05-31,2026-11-22,1863,15286,868,16281,Delhi,Available
INV01281,P014,B202601281,Diclofenac 50mg,Analgesic,2026-04-29,2028-04-28,5656,15456,10249,10863,Hyderabad,Available
INV01282,P016,B202501282,Salbutamol Inhaler,Respiratory,2025-10-05,2026-10-05,6318,19564,1688,24194,Bangalore,Available
INV01283,P019,B202601283,Vitamin D3 60000IU,Supplement,2025-12-25,2026-12-25,8029,8480,3983,12526,Hyderabad,Available
INV01284,P012,B202501284,Losartan 50mg,Cardiovascular,2025-03-22,2026-09-13,3398,2151,4235,1314,Bangalore,Available
INV01285,P020,B202601285,Enoxaparin 40mg,Anticoagulant,2025-02-26,2026-08-20,1434,7971,5746,3659,Bangalore,Available
INV01286,P011,B202501286,Insulin Glargine,Antidiabetic,2026-04-09,2027-10-01,1568,14147,2237,13478,Bangalore,Available
INV01287,P009,B202601287,Cetirizine 10mg,Antiallergic,2025-06-12,2026-06-12,7886,12395,10920,9361,Mumbai,Available
INV01288,P009,B202501288,Cetirizine 10mg,Antiallergic,2026-05-21,2027-05-21,3936,16176,3510,16602,Kolkata,Available
INV01289,P006,B202601289,Pantoprazole 40mg,Gastrointestinal,2025-09-06,2028-09-05,2812,19395,527,21680,Hyderabad,Available
INV01290,P012,B202501290,Losartan 50mg,Cardiovascular,2025-12-23,2028-12-22,9619,13880,7917,15582,Hyderabad,Available
INV01291,P017,B202601291,Levothyroxine 50mcg,Endocrine,2026-01-21,2027-01-21,8405,7833,5710,10528,Mumbai,Available
INV01292,P017,B202501292,Levothyroxine 50mcg,Endocrine,2025-06-10,2026-12-02,871,7621,750,7742,Delhi,Available
INV01293,P018,B202601293,Doxycycline 100mg,Antibiotic,2025-10-06,2028-10-05,9783,2022,6096,5709,Delhi,Available
INV01294,P008,B202501294,Amlodipine 5mg,Cardiovascular,2026-05-14,2027-11-05,1024,11411,2423,10012,Mumbai,Available
INV01295,P011,B202601295,Insulin Glargine,Antidiabetic,2026-03-10,2027-09-01,4116,2290,2461,3945,Delhi,Available
INV01296,P013,B202501296,Ciprofloxacin 500mg,Antibiotic,2025-06-25,2026-06-25,5985,13452,1022,18415,Delhi,Available
INV01297,P002,B202601297,Amoxicillin 500mg,Antibiotic,2025-09-29,2027-09-29,7333,14562,9099,12796,Hyderabad,Available
INV01298,P017,B202501298,Levothyroxine 50mcg,Endocrine,2025-07-29,2027-01-20,7982,7214,898,14298,Chennai,Available
INV01299,P014,B202601299,Diclofenac 50mg,Analgesic,2025-12-16,2026-12-16,6502,4769,6261,5010,Delhi,Available
INV01300,P016,B202501300,Salbutamol Inhaler,Respiratory,2026-08-09,2027-08-09,1589,11559,11424,1724,Bangalore,Available
INV01301,P010,B202601301,Omeprazole 20mg,Gastrointestinal,2025-09-02,2027-02-24,6808,6614,5917,7505,Kolkata,Available
INV01302,P008,B202501302,Amlodipine 5mg,Cardiovascular,2025-01-13,2028-01-13,3108,15684,9154,9638,Delhi,Available
INV01303,P002,B202601303,Amoxicillin 500mg,Antibiotic,2026-07-25,2028-07-24,4531,17224,9457,12298,Chennai,Available
INV01304,P004,B202501304,Metformin 500mg,Antidiabetic,2026-01-15,2027-07-09,1245,7423,901,7767,Bangalore,Available
INV01305,P015,B202601305,Montelukast 10mg,Respiratory,2025-10-29,2027-04-22,2326,15648,7610,10364,Delhi,Available
INV01306,P004,B202501306,Metformin 500mg,Antidiabetic,2025-03-16,2026-03-16,737,19413,4413,15737,Delhi,Available
INV01307,P020,B202601307,Enoxaparin 40mg,Anticoagulant,2026-07-16,2028-01-07,5154,9798,400,14552,Chennai,Available
INV01308,P012,B202501308,Losartan 50mg,Cardiovascular,2025-08-11,2027-08-11,7487,1284,5667,3104,Kolkata,Available
INV01309,P015,B202601309,Montelukast 10mg,Respiratory,2026-01-07,2027-01-07,7575,15263,5927,16911,Delhi,Available
INV01310,P013,B202501310,Ciprofloxacin 500mg,Antibiotic,2025-03-14,2026-09-05,8027,19502,3241,24288,Mumbai,Available
INV01311,P019,B202601311,Vitamin D3 60000IU,Supplement,2025-04-08,2026-09-30,1031,5460,4130,2361,Mumbai,Available
INV01312,P020,B202501312,Enoxaparin 40mg,Anticoagulant,2026-06-19,2029-06-18,7401,14340,6116,15625,Kolkata,Available
INV01313,P002,B202601313,Amoxicillin 500mg,Antibiotic,2026-03-10,2027-03-10,3723,5857,5760,3820,Chennai,Available
INV01314,P002,B202501314,Amoxicillin 500mg,Antibiotic,2025-12-27,2026-12-27,1231,8933,5908,4256,Hyderabad,Available
INV01315,P008,B202601315,Amlodipine 5mg,Cardiovascular,2026-07-27,2028-01-18,9959,16851,4451,22359,Delhi,Available
INV01316,P015,B202501316,Montelukast 10mg,Respiratory,2025-10-06,2027-03-30,3632,3650,181,7101,Mumbai,Available
INV01317,P016,B202601317,Salbutamol Inhaler,Respiratory,2025-05-21,2026-05-21,3617,12379,2580,13416,Hyderabad,Available
INV01318,P003,B202501318,Azithromycin 500mg,Antibiotic,2025-07-19,2026-07-19,8397,18210,4446,22161,Bangalore,Available
INV01319,P002,B202601319,Amoxicillin 500mg,Antibiotic,2025-07-14,2027-01-05,5520,6778,4254,8044,Hyderabad,Available
INV01320,P011,B202501320,Insulin Glargine,Antidiabetic,2026-02-23,2027-02-23,5048,13323,8071,10300,Delhi,Available
INV01321,P011,B202601321,Insulin Glargine,Antidiabetic,2026-02-13,2027-08-07,5889,7070,5255,7704,Bangalore,Available
INV01322,P008,B202501322,Amlodipine 5mg,Cardiovascular,2025-03-27,2026-03-27,4485,10501,11304,3682,Bangalore,Available
INV01323,P018,B202601323,Doxycycline 100mg,Antibiotic,2025-07-16,2027-07-16,6940,19447,1304,25083,Kolkata,Available
INV01324,P002,B202501324,Amoxicillin 500mg,Antibiotic,2026-06-11,2028-06-10,5078,8558,1123,12513,Chennai,Available
INV01325,P015,B202601325,Montelukast 10mg,Respiratory,2026-07-17,2028-07-16,9592,17850,5107,22335,Chennai,Available
INV01326,P006,B202501326,Pantoprazole 40mg,Gastrointestinal,2026-04-23,2028-04-22,4683,12936,3326,14293,Delhi,Available
INV01327,P010,B202601327,Omeprazole 20mg,Gastrointestinal,2025-07-13,2028-07-12,1105,15397,2520,13982,Hyderabad,Available
INV01328,P004,B202501328,Metformin 500mg,Antidiabetic,2025-03-03,2026-03-03,8411,18600,7017,19994,Bangalore,Available
INV01329,P018,B202601329,Doxycycline 100mg,Antibiotic,2025-12-28,2027-12-28,9501,8786,4320,13967,Chennai,Available
INV01330,P011,B202501330,Insulin Glargine,Antidiabetic,2026-03-07,2028-03-06,8475,7026,864,14637,Mumbai,Available
INV01331,P013,B202601331,Ciprofloxacin 500mg,Antibiotic,2026-05-06,2027-10-28,7581,16812,9702,14691,Chennai,Available
INV01332,P020,B202501332,Enoxaparin 40mg,Anticoagulant,2026-02-01,2027-07-26,4647,15195,2838,17004,Delhi,Available
INV01333,P012,B202601333,Losartan 50mg,Cardiovascular,2026-02-04,2027-07-29,7529,2357,7412,2474,Chennai,Available
INV01334,P018,B202501334,Doxycycline 100mg,Antibiotic,2026-07-08,2027-12-30,940,13416,1082,13274,Hyderabad,Available
INV01335,P015,B202601335,Montelukast 10mg,Respiratory,2025-12-23,2027-12-23,7636,4129,9306,2459,Delhi,Available
INV01336,P009,B202501336,Cetirizine 10mg,Antiallergic,2025-10-06,2027-10-06,5728,7343,2676,10395,Hyderabad,Available
INV01337,P007,B202601337,Ibuprofen 400mg,Analgesic,2025-06-06,2027-06-06,9166,3053,3707,8512,Bangalore,Available
INV01338,P020,B202501338,Enoxaparin 40mg,Anticoagulant,2026-02-25,2027-02-25,4435,14739,11493,7681,Delhi,Available
INV01339,P006,B202601339,Pantoprazole 40mg,Gastrointestinal,2026-02-23,2028-02-23,6618,1873,6001,2490,Bangalore,Available
INV01340,P019,B202501340,Vitamin D3 60000IU,Supplement,2026-06-14,2028-06-13,6638,2289,7806,1121,Hyderabad,Available
INV01341,P006,B202601341,Pantoprazole 40mg,Gastrointestinal,2026-03-01,2029-02-28,5194,10643,6583,9254,Hyderabad,Available
INV01342,P012,B202501342,Losartan 50mg,Cardiovascular,2026-07-31,2028-01-22,7845,15704,10210,13339,Chennai,Available
INV01343,P019,B202601343,Vitamin D3 60000IU,Supplement,2026-03-05,2029-03-04,7296,16902,10685,13513,Kolkata,Available
INV01344,P012,B202501344,Losartan 50mg,Cardiovascular,2026-03-03,2029-03-02,4112,3264,6523,853,Delhi,Low Stock
INV01345,P009,B202601345,Cetirizine 10mg,Antiallergic,2026-03-07,2027-03-07,5034,6044,3193,7885,Kolkata,Available
INV01346,P012,B202501346,Losartan 50mg,Cardiovascular,2025-03-26,2026-09-17,2805,18274,3495,17584,Mumbai,Available
INV01347,P007,B202601347,Ibuprofen 400mg,Analgesic,2025-04-16,2028-04-15,5976,9303,4752,10527,Chennai,Available
INV01348,P002,B202501348,Amoxicillin 500mg,Antibiotic,2026-07-14,2028-07-13,2662,11219,10225,3656,Hyderabad,Available
INV01349,P011,B202601349,Insulin Glargine,Antidiabetic,2025-12-25,2028-12-24,5890,14992,9284,11598,Kolkata,Available
INV01350,P008,B202501350,Amlodipine 5mg,Cardiovascular,2026-02-27,2027-02-27,8521,19074,3530,24065,Delhi,Available
INV01351,P017,B202601351,Levothyroxine 50mcg,Endocrine,2025-01-17,2027-01-17,8297,17554,2361,23490,Chennai,Available
INV01352,P016,B202501352,Salbutamol Inhaler,Respiratory,2025-01-02,2027-01-02,6449,19408,516,25341,Kolkata,Available
INV01353,P012,B202601353,Losartan 50mg,Cardiovascular,2025-06-14,2026-12-06,7782,19925,3802,23905,Kolkata,Available
INV01354,P013,B202501354,Ciprofloxacin 500mg,Antibiotic,2025-04-26,2027-04-26,8117,2036,801,9352,Bangalore,Available
INV01355,P012,B202601355,Losartan 50mg,Cardiovascular,2025-02-04,2028-02-04,1715,2360,1050,3025,Chennai,Available
INV01356,P019,B202501356,Vitamin D3 60000IU,Supplement,2025-05-31,2027-05-31,7851,16141,1835,22157,Kolkata,Available
INV01357,P018,B202601357,Doxycycline 100mg,Antibiotic,2026-03-17,2028-03-16,4218,17899,10367,11750,Delhi,Available
INV01358,P015,B202501358,Montelukast 10mg,Respiratory,2025-08-28,2027-08-28,1348,18130,6187,13291,Delhi,Available
INV01359,P004,B202601359,Metformin 500mg,Antidiabetic,2025-11-14,2026-11-14,8957,15229,5453,18733,Kolkata,Available
INV01360,P017,B202501360,Levothyroxine 50mcg,Endocrine,2025-03-13,2026-03-13,2909,1024,2254,1679,Delhi,Available
INV01361,P011,B202601361,Insulin Glargine,Antidiabetic,2025-02-14,2028-02-14,9778,12220,66,21932,Mumbai,Available
INV01362,P015,B202501362,Montelukast 10mg,Respiratory,2026-03-26,2027-03-26,8316,19384,6104,21596,Mumbai,Available
INV01363,P011,B202601363,Insulin Glargine,Antidiabetic,2025-01-17,2027-01-17,755,1661,1337,1079,Delhi,Available
INV01364,P020,B202501364,Enoxaparin 40mg,Anticoagulant,2025-11-01,2028-10-31,8168,7408,11114,4462,Mumbai,Available
INV01365,P012,B202601365,Losartan 50mg,Cardiovascular,2025-03-02,2026-03-02,5461,6153,6965,4649,Bangalore,Available
INV01366,P006,B202501366,Pantoprazole 40mg,Gastrointestinal,2026-02-04,2028-02-04,9845,18095,9728,18212,Bangalore,Available
INV01367,P013,B202601367,Ciprofloxacin 500mg,Antibiotic,2025-05-18,2026-11-09,2494,9662,1486,10670,Delhi,Available
INV01368,P004,B202501368,Metformin 500mg,Antidiabetic,2025-10-28,2027-10-28,2207,2951,4159,999,Chennai,Low Stock
INV01369,P006,B202601369,Pantoprazole 40mg,Gastrointestinal,2026-06-17,2027-06-17,9303,3152,7922,4533,Bangalore,Available
INV01370,P004,B202501370,Metformin 500mg,Antidiabetic,2025-08-31,2026-08-31,4841,5408,1014,9235,Kolkata,Available
INV01371,P020,B202601371,Enoxaparin 40mg,Anticoagulant,2026-08-01,2027-08-01,4128,7221,3697,7652,Mumbai,Available
INV01372,P011,B202501372,Insulin Glargine,Antidiabetic,2025-10-19,2027-04-12,9809,19614,3974,25449,Hyderabad,Available
INV01373,P011,B202601373,Insulin Glargine,Antidiabetic,2025-08-10,2028-08-09,4579,1755,792,5542,Bangalore,Available
INV01374,P008,B202501374,Amlodipine 5mg,Cardiovascular,2025-07-09,2028-07-08,8961,3666,11336,1291,Delhi,Available
INV01375,P007,B202601375,Ibuprofen 400mg,Analgesic,2025-09-01,2027-02-23,2120,17481,148,19453,Bangalore,Available
INV01376,P006,B202501376,Pantoprazole 40mg,Gastrointestinal,2025-03-28,2026-03-28,4142,8158,1506,10794,Chennai,Available
INV01377,P018,B202601377,Doxycycline 100mg,Antibiotic,2026-03-08,2028-03-07,9501,7659,5124,12036,Bangalore,Available
INV01378,P015,B202501378,Montelukast 10mg,Respiratory,2025-02-25,2027-02-25,7933,5124,7344,5713,Hyderabad,Available
INV01379,P008,B202601379,Amlodipine 5mg,Cardiovascular,2025-11-14,2026-11-14,8069,8498,5542,11025,Chennai,Available
INV01380,P005,B202501380,Atorvastatin 20mg,Cardiovascular,2025-09-29,2028-09-28,4297,3196,2131,5362,Kolkata,Available
INV01381,P016,B202601381,Salbutamol Inhaler,Respiratory,2026-05-01,2027-10-23,8470,8474,9539,7405,Kolkata,Available
INV01382,P005,B202501382,Atorvastatin 20mg,Cardiovascular,2026-07-18,2028-07-17,7444,15379,2021,20802,Chennai,Available
INV01383,P005,B202601383,Atorvastatin 20mg,Cardiovascular,2025-06-12,2026-06-12,2220,19600,3937,17883,Mumbai,Available
INV01384,P010,B202501384,Omeprazole 20mg,Gastrointestinal,2026-03-04,2028-03-03,5593,16902,5951,16544,Chennai,Available
INV01385,P019,B202601385,Vitamin D3 60000IU,Supplement,2026-02-10,2027-02-10,3003,12737,5747,9993,Hyderabad,Available
INV01386,P007,B202501386,Ibuprofen 400mg,Analgesic,2025-02-17,2026-02-17,7937,1194,7641,1490,Mumbai,Available
INV01387,P017,B202601387,Levothyroxine 50mcg,Endocrine,2025-06-03,2028-06-02,5933,17178,747,22364,Chennai,Available
INV01388,P006,B202501388,Pantoprazole 40mg,Gastrointestinal,2025-08-04,2026-08-04,9564,13187,11772,10979,Delhi,Available
INV01389,P004,B202601389,Metformin 500mg,Antidiabetic,2025-07-22,2027-01-13,1899,18699,11495,9103,Delhi,Available
INV01390,P012,B202501390,Losartan 50mg,Cardiovascular,2026-02-27,2028-02-27,1095,11096,9326,2865,Chennai,Available
INV01391,P012,B202601391,Losartan 50mg,Cardiovascular,2026-06-22,2028-06-21,4136,9411,8280,5267,Kolkata,Available
INV01392,P005,B202501392,Atorvastatin 20mg,Cardiovascular,2025-06-26,2027-06-26,7754,8584,7718,8620,Bangalore,Available
INV01393,P006,B202601393,Pantoprazole 40mg,Gastrointestinal,2026-07-28,2028-07-27,8751,5135,3490,10396,Kolkata,Available
INV01394,P020,B202501394,Enoxaparin 40mg,Anticoagulant,2026-06-11,2027-12-03,8114,9718,10127,7705,Kolkata,Available
INV01395,P009,B202601395,Cetirizine 10mg,Antiallergic,2025-07-02,2028-07-01,4780,9202,7987,5995,Kolkata,Available
INV01396,P003,B202501396,Azithromycin 500mg,Antibiotic,2026-08-14,2028-02-05,743,6879,3525,4097,Chennai,Available
INV01397,P012,B202601397,Losartan 50mg,Cardiovascular,2025-03-23,2026-09-14,2711,6121,6283,2549,Chennai,Available
INV01398,P004,B202501398,Metformin 500mg,Antidiabetic,2025-12-28,2027-06-21,3698,14545,2986,15257,Chennai,Available
INV01399,P009,B202601399,Cetirizine 10mg,Antiallergic,2025-02-26,2028-02-26,8594,11698,8688,11604,Bangalore,Available
INV01400,P007,B202501400,Ibuprofen 400mg,Analgesic,2025-07-29,2028-07-28,3844,14838,3682,15000,Delhi,Available
INV01401,P005,B202601401,Atorvastatin 20mg,Cardiovascular,2025-12-02,2026-12-02,7480,1552,9026,6,Kolkata,Low Stock
INV01402,P012,B202501402,Losartan 50mg,Cardiovascular,2026-06-30,2029-06-29,1856,15141,4527,12470,Kolkata,Available
INV01403,P018,B202601403,Doxycycline 100mg,Antibiotic,2026-07-27,2028-01-18,2334,3376,944,4766,Kolkata,Available
INV01404,P012,B202501404,Losartan 50mg,Cardiovascular,2025-07-31,2027-01-22,2142,11844,5108,8878,Chennai,Available
INV01405,P001,B202601405,Paracetamol 500mg,Analgesic,2026-07-14,2027-07-14,4465,7472,8570,3367,Delhi,Available
INV01406,P004,B202501406,Metformin 500mg,Antidiabetic,2025-10-22,2027-10-22,4907,1414,1125,5196,Delhi,Available
INV01407,P006,B202601407,Pantoprazole 40mg,Gastrointestinal,2025-11-24,2026-11-24,7487,4580,7794,4273,Kolkata,Available
INV01408,P008,B202501408,Amlodipine 5mg,Cardiovascular,2025-03-25,2026-03-25,3925,3194,6278,841,Kolkata,Low Stock
INV01409,P020,B202601409,Enoxaparin 40mg,Anticoagulant,2026-07-08,2028-07-07,3588,9484,3106,9966,Kolkata,Available
INV01410,P009,B202501410,Cetirizine 10mg,Antiallergic,2025-08-20,2027-08-20,4051,7780,2689,9142,Bangalore,Available
INV01411,P001,B202601411,Paracetamol 500mg,Analgesic,2025-08-30,2028-08-29,2975,13180,3899,12256,Hyderabad,Available
INV01412,P004,B202501412,Metformin 500mg,Antidiabetic,2025-12-05,2027-12-05,3827,11006,5714,9119,Hyderabad,Available
INV01413,P014,B202601413,Diclofenac 50mg,Analgesic,2025-11-29,2026-11-29,5181,8398,9552,4027,Hyderabad,Available
INV01414,P020,B202501414,Enoxaparin 40mg,Anticoagulant,2026-01-05,2027-01-05,4332,17795,3055,19072,Chennai,Available
INV01415,P016,B202601415,Salbutamol Inhaler,Respiratory,2026-02-20,2027-02-20,4056,7616,4014,7658,Kolkata,Available
INV01416,P001,B202501416,Paracetamol 500mg,Analgesic,2025-11-20,2028-11-19,8818,12524,11976,9366,Mumbai,Available
INV01417,P013,B202601417,Ciprofloxacin 500mg,Antibiotic,2025-11-23,2026-11-23,885,18041,2083,16843,Mumbai,Available
INV01418,P013,B202501418,Ciprofloxacin 500mg,Antibiotic,2025-12-12,2027-12-12,9803,15955,11302,14456,Delhi,Available
INV01419,P020,B202601419,Enoxaparin 40mg,Anticoagulant,2025-12-27,2027-12-27,8245,17508,819,24934,Kolkata,Available
INV01420,P014,B202501420,Diclofenac 50mg,Analgesic,2026-06-23,2028-06-22,9306,6228,2251,13283,Hyderabad,Available
INV01421,P006,B202601421,Pantoprazole 40mg,Gastrointestinal,2025-05-09,2026-10-31,2382,4005,3345,3042,Chennai,Available
INV01422,P003,B202501422,Azithromycin 500mg,Antibiotic,2025-11-03,2027-11-03,7203,2996,7484,2715,Bangalore,Available
INV01423,P005,B202601423,Atorvastatin 20mg,Cardiovascular,2025-07-11,2028-07-10,2322,15867,11864,6325,Kolkata,Available
INV01424,P007,B202501424,Ibuprofen 400mg,Analgesic,2025-02-27,2026-02-27,7804,4738,7747,4795,Mumbai,Available
INV01425,P016,B202601425,Salbutamol Inhaler,Respiratory,2025-12-30,2027-12-30,7929,19143,4375,22697,Delhi,Available
INV01426,P013,B202501426,Ciprofloxacin 500mg,Antibiotic,2026-05-09,2027-10-31,4058,17084,11439,9703,Delhi,Available
INV01427,P003,B202601427,Azithromycin 500mg,Antibiotic,2025-06-23,2026-12-15,7184,13725,9841,11068,Bangalore,Available
INV01428,P010,B202501428,Omeprazole 20mg,Gastrointestinal,2026-02-25,2029-02-24,1852,17703,93,19462,Hyderabad,Available
INV01429,P017,B202601429,Levothyroxine 50mcg,Endocrine,2026-04-18,2029-04-17,6209,12703,6418,12494,Delhi,Available
INV01430,P011,B202501430,Insulin Glargine,Antidiabetic,2025-06-25,2028-06-24,3888,12607,8031,8464,Delhi,Available
INV01431,P013,B202601431,Ciprofloxacin 500mg,Antibiotic,2025-01-30,2026-07-24,4759,8490,10897,2352,Kolkata,Available
INV01432,P015,B202501432,Montelukast 10mg,Respiratory,2025-07-31,2026-07-31,7674,17796,5876,19594,Chennai,Available
INV01433,P019,B202601433,Vitamin D3 60000IU,Supplement,2025-11-25,2026-11-25,712,15382,6749,9345,Bangalore,Available
INV01434,P002,B202501434,Amoxicillin 500mg,Antibiotic,2026-08-05,2028-01-27,3607,12949,4373,12183,Kolkata,Available
INV01435,P014,B202601435,Diclofenac 50mg,Analgesic,2025-08-03,2027-01-25,8671,12243,11021,9893,Mumbai,Available
INV01436,P001,B202501436,Paracetamol 500mg,Analgesic,2026-06-24,2027-06-24,8532,14488,2781,20239,Chennai,Available
INV01437,P002,B202601437,Amoxicillin 500mg,Antibiotic,2025-08-24,2027-02-15,6739,11156,7346,10549,Mumbai,Available
INV01438,P015,B202501438,Montelukast 10mg,Respiratory,2025-04-07,2027-04-07,975,2631,2610,996,Bangalore,Low Stock
INV01439,P016,B202601439,Salbutamol Inhaler,Respiratory,2025-03-21,2026-03-21,9359,4369,10963,2765,Mumbai,Available
INV01440,P016,B202501440,Salbutamol Inhaler,Respiratory,2026-07-18,2027-07-18,3639,11911,10387,5163,Hyderabad,Available
INV01441,P004,B202601441,Metformin 500mg,Antidiabetic,2025-08-10,2026-08-10,3037,3467,5392,1112,Chennai,Available
INV01442,P003,B202501442,Azithromycin 500mg,Antibiotic,2025-11-19,2027-11-19,6462,19694,7695,18461,Chennai,Available
INV01443,P001,B202601443,Paracetamol 500mg,Analgesic,2025-02-17,2027-02-17,9125,8582,7717,9990,Hyderabad,Available
INV01444,P010,B202501444,Omeprazole 20mg,Gastrointestinal,2026-03-27,2028-03-26,1584,17702,11126,8160,Mumbai,Available
INV01445,P007,B202601445,Ibuprofen 400mg,Analgesic,2025-11-15,2028-11-14,4798,1572,462,5908,Chennai,Available
INV01446,P016,B202501446,Salbutamol Inhaler,Respiratory,2026-04-09,2027-04-09,2121,8497,2451,8167,Mumbai,Available
INV01447,P012,B202601447,Losartan 50mg,Cardiovascular,2025-06-18,2026-06-18,4324,14729,7416,11637,Hyderabad,Available
INV01448,P007,B202501448,Ibuprofen 400mg,Analgesic,2025-12-17,2026-12-17,8420,17518,305,25633,Kolkata,Available
INV01449,P001,B202601449,Paracetamol 500mg,Analgesic,2025-10-03,2027-10-03,3607,4869,402,8074,Chennai,Available
INV01450,P001,B202501450,Paracetamol 500mg,Analgesic,2025-10-18,2027-04-11,9693,18675,9811,18557,Chennai,Available
INV01451,P011,B202601451,Insulin Glargine,Antidiabetic,2025-07-29,2026-07-29,9697,8313,5145,12865,Bangalore,Available
INV01452,P006,B202501452,Pantoprazole 40mg,Gastrointestinal,2026-01-16,2027-07-10,6066,5019,909,10176,Kolkata,Available
INV01453,P009,B202601453,Cetirizine 10mg,Antiallergic,2025-08-05,2027-01-27,6751,11699,4668,13782,Kolkata,Available
INV01454,P019,B202501454,Vitamin D3 60000IU,Supplement,2025-04-30,2027-04-30,9700,10277,362,19615,Bangalore,Available
INV01455,P014,B202601455,Diclofenac 50mg,Analgesic,2026-06-26,2027-06-26,5695,10440,3420,12715,Delhi,Available
INV01456,P018,B202501456,Doxycycline 100mg,Antibiotic,2025-05-24,2026-05-24,3910,6967,7910,2967,Delhi,Available
INV01457,P001,B202601457,Paracetamol 500mg,Analgesic,2025-07-23,2027-07-23,5029,11694,3172,13551,Hyderabad,Available
INV01458,P003,B202501458,Azithromycin 500mg,Antibiotic,2025-02-18,2026-02-18,6432,3995,5983,4444,Kolkata,Available
INV01459,P014,B202601459,Diclofenac 50mg,Analgesic,2025-12-12,2026-12-12,5145,17933,4612,18466,Chennai,Available
INV01460,P015,B202501460,Montelukast 10mg,Respiratory,2025-06-10,2026-06-10,661,6246,2299,4608,Delhi,Available
INV01461,P012,B202601461,Losartan 50mg,Cardiovascular,2025-10-15,2027-10-15,7816,14557,10766,11607,Mumbai,Available
INV01462,P017,B202501462,Levothyroxine 50mcg,Endocrine,2025-09-10,2026-09-10,1885,2738,4418,205,Hyderabad,Low Stock
INV01463,P017,B202601463,Levothyroxine 50mcg,Endocrine,2026-04-16,2027-10-08,9182,18258,11106,16334,Mumbai,Available
INV01464,P006,B202501464,Pantoprazole 40mg,Gastrointestinal,2025-01-27,2028-01-27,8794,11189,851,19132,Chennai,Available
INV01465,P006,B202601465,Pantoprazole 40mg,Gastrointestinal,2025-11-26,2027-11-26,1886,2192,323,3755,Kolkata,Available
INV01466,P020,B202501466,Enoxaparin 40mg,Anticoagulant,2025-09-14,2027-03-08,4365,7660,6526,5499,Mumbai,Available
INV01467,P013,B202601467,Ciprofloxacin 500mg,Antibiotic,2025-08-16,2027-08-16,9478,4910,752,13636,Delhi,Available
INV01468,P003,B202501468,Azithromycin 500mg,Antibiotic,2025-05-19,2028-05-18,4470,11439,9314,6595,Bangalore,Available
INV01469,P010,B202601469,Omeprazole 20mg,Gastrointestinal,2025-01-21,2026-07-15,2630,18314,3129,17815,Hyderabad,Available
INV01470,P001,B202501470,Paracetamol 500mg,Analgesic,2025-03-21,2026-03-21,2666,15028,10651,7043,Kolkata,Available
INV01471,P020,B202601471,Enoxaparin 40mg,Anticoagulant,2026-06-23,2027-12-15,4204,13337,3833,13708,Delhi,Available
INV01472,P020,B202501472,Enoxaparin 40mg,Anticoagulant,2025-04-29,2028-04-28,9388,11210,4272,16326,Hyderabad,Available
INV01473,P004,B202601473,Metformin 500mg,Antidiabetic,2025-07-12,2027-07-12,5396,5208,5748,4856,Chennai,Available
INV01474,P001,B202501474,Paracetamol 500mg,Analgesic,2025-01-13,2028-01-13,7609,11937,10872,8674,Delhi,Available
INV01475,P011,B202601475,Insulin Glargine,Antidiabetic,2025-05-07,2028-05-06,7768,6616,8847,5537,Chennai,Available
INV01476,P002,B202501476,Amoxicillin 500mg,Antibiotic,2025-04-07,2027-04-07,6424,13506,4479,15451,Kolkata,Available
INV01477,P009,B202601477,Cetirizine 10mg,Antiallergic,2025-05-04,2026-05-04,8838,14436,5538,17736,Hyderabad,Available
INV01478,P002,B202501478,Amoxicillin 500mg,Antibiotic,2025-04-02,2026-04-02,5529,4758,1314,8973,Hyderabad,Available
INV01479,P014,B202601479,Diclofenac 50mg,Analgesic,2025-10-25,2026-10-25,7613,10302,2240,15675,Chennai,Available
INV01480,P020,B202501480,Enoxaparin 40mg,Anticoagulant,2025-11-21,2026-11-21,3441,12388,11993,3836,Kolkata,Available
INV01481,P019,B202601481,Vitamin D3 60000IU,Supplement,2026-05-15,2028-05-14,6655,14945,8586,13014,Delhi,Available
INV01482,P003,B202501482,Azithromycin 500mg,Antibiotic,2026-06-12,2027-06-12,4547,9249,11953,1843,Bangalore,Available
INV01483,P010,B202601483,Omeprazole 20mg,Gastrointestinal,2025-08-03,2026-08-03,2625,9019,10670,974,Mumbai,Low Stock
INV01484,P018,B202501484,Doxycycline 100mg,Antibiotic,2026-03-17,2029-03-16,8611,14565,8801,14375,Bangalore,Available
INV01485,P015,B202601485,Montelukast 10mg,Respiratory,2025-01-30,2027-01-30,6712,15382,7707,14387,Mumbai,Available
INV01486,P008,B202501486,Amlodipine 5mg,Cardiovascular,2025-12-24,2027-06-17,3735,10294,6439,7590,Hyderabad,Available
INV01487,P013,B202601487,Ciprofloxacin 500mg,Antibiotic,2025-07-08,2026-12-30,4475,2962,4486,2951,Chennai,Available
INV01488,P020,B202501488,Enoxaparin 40mg,Anticoagulant,2025-06-20,2027-06-20,5284,14892,7498,12678,Chennai,Available
INV01489,P018,B202601489,Doxycycline 100mg,Antibiotic,2025-03-10,2026-09-01,6705,11331,5785,12251,Hyderabad,Available
INV01490,P012,B202501490,Losartan 50mg,Cardiovascular,2026-03-21,2027-03-21,6120,18219,6885,17454,Kolkata,Available
INV01491,P008,B202601491,Amlodipine 5mg,Cardiovascular,2025-01-03,2027-01-03,2521,1183,667,3037,Kolkata,Available
INV01492,P016,B202501492,Salbutamol Inhaler,Respiratory,2025-06-15,2027-06-15,3724,4369,7999,94,Chennai,Low Stock
INV01493,P008,B202601493,Amlodipine 5mg,Cardiovascular,2025-08-01,2028-07-31,4878,8162,4648,8392,Mumbai,Available
INV01494,P011,B202501494,Insulin Glargine,Antidiabetic,2025-01-25,2026-07-19,4680,6217,3873,7024,Mumbai,Available
INV01495,P008,B202601495,Amlodipine 5mg,Cardiovascular,2026-06-30,2028-06-29,5277,5996,10331,942,Bangalore,Low Stock
INV01496,P012,B202501496,Losartan 50mg,Cardiovascular,2025-04-12,2028-04-11,4094,6578,618,10054,Chennai,Available
INV01497,P008,B202601497,Amlodipine 5mg,Cardiovascular,2025-06-08,2028-06-07,685,9908,1702,8891,Bangalore,Available
INV01498,P001,B202501498,Paracetamol 500mg,Analgesic,2025-04-23,2028-04-22,4732,20000,3207,21525,Chennai,Available
INV01499,P002,B202601499,Amoxicillin 500mg,Antibiotic,2025-03-06,2026-03-06,9040,13761,8926,13875,Kolkata,Available
INV01500,P007,B202501500,Ibuprofen 400mg,Analgesic,2026-03-10,2028-03-09,5655,13574,5639,13590,Bangalore,Available
INV01501,P002,B202601501,Amoxicillin 500mg,Antibiotic,2025-10-28,2027-10-28,7458,11872,2258,17072,Mumbai,Available
INV01502,P009,B202501502,Cetirizine 10mg,Antiallergic,2026-08-14,2028-08-13,6532,14976,4347,17161,Kolkata,Available
INV01503,P014,B202601503,Diclofenac 50mg,Analgesic,2026-05-24,2028-05-23,6405,1586,4664,3327,Bangalore,Available
INV01504,P013,B202501504,Ciprofloxacin 500mg,Antibiotic,2026-02-25,2028-02-25,3430,2127,3729,1828,Chennai,Available
INV01505,P010,B202601505,Omeprazole 20mg,Gastrointestinal,2026-03-06,2029-03-05,5369,1905,6332,942,Mumbai,Low Stock
INV01506,P014,B202501506,Diclofenac 50mg,Analgesic,2026-07-01,2027-12-23,6409,1374,6889,894,Bangalore,Low Stock
INV01507,P011,B202601507,Insulin Glargine,Antidiabetic,2025-07-31,2026-07-31,4890,18777,2002,21665,Hyderabad,Available
INV01508,P004,B202501508,Metformin 500mg,Antidiabetic,2025-03-16,2026-03-16,5932,15830,8284,13478,Chennai,Available
INV01509,P015,B202601509,Montelukast 10mg,Respiratory,2025-08-18,2028-08-17,2137,14296,1331,15102,Chennai,Available
INV01510,P002,B202501510,Amoxicillin 500mg,Antibiotic,2025-05-10,2026-11-01,7098,1865,2306,6657,Mumbai,Available
INV01511,P015,B202601511,Montelukast 10mg,Respiratory,2026-07-31,2028-07-30,5321,7389,9872,2838,Bangalore,Available
INV01512,P003,B202501512,Azithromycin 500mg,Antibiotic,2025-05-01,2026-10-23,4885,18985,7805,16065,Mumbai,Available
INV01513,P005,B202601513,Atorvastatin 20mg,Cardiovascular,2026-01-25,2027-07-19,9774,10077,6610,13241,Kolkata,Available
INV01514,P007,B202501514,Ibuprofen 400mg,Analgesic,2025-10-11,2027-10-11,3075,2038,1451,3662,Bangalore,Available
INV01515,P014,B202601515,Diclofenac 50mg,Analgesic,2025-01-05,2026-06-29,8900,11804,8056,12648,Chennai,Available
INV01516,P006,B202501516,Pantoprazole 40mg,Gastrointestinal,2026-01-15,2027-01-15,6537,13979,10514,10002,Kolkata,Available
INV01517,P001,B202601517,Paracetamol 500mg,Analgesic,2025-06-29,2027-06-29,3555,12753,10251,6057,Hyderabad,Available
INV01518,P018,B202501518,Doxycycline 100mg,Antibiotic,2026-06-14,2029-06-13,1198,6570,964,6804,Bangalore,Available
INV01519,P002,B202601519,Amoxicillin 500mg,Antibiotic,2025-09-21,2026-09-21,3310,19646,10607,12349,Kolkata,Available
INV01520,P001,B202501520,Paracetamol 500mg,Analgesic,2026-02-01,2028-02-01,1761,18218,4852,15127,Kolkata,Available
INV01521,P003,B202601521,Azithromycin 500mg,Antibiotic,2026-01-26,2027-01-26,9525,12544,907,21162,Hyderabad,Available
INV01522,P008,B202501522,Amlodipine 5mg,Cardiovascular,2025-01-08,2026-01-08,9292,19643,6435,22500,Kolkata,Available
INV01523,P014,B202601523,Diclofenac 50mg,Analgesic,2025-01-17,2027-01-17,672,16514,4404,12782,Bangalore,Available
INV01524,P006,B202501524,Pantoprazole 40mg,Gastrointestinal,2026-02-15,2029-02-14,5922,4049,8976,995,Chennai,Low Stock
INV01525,P009,B202601525,Cetirizine 10mg,Antiallergic,2025-11-29,2028-11-28,4085,1489,812,4762,Delhi,Available
INV01526,P020,B202501526,Enoxaparin 40mg,Anticoagulant,2026-03-20,2028-03-19,3568,9348,460,12456,Mumbai,Available
INV01527,P013,B202601527,Ciprofloxacin 500mg,Antibiotic,2026-06-28,2029-06-27,8302,1408,7877,1833,Hyderabad,Available
INV01528,P013,B202501528,Ciprofloxacin 500mg,Antibiotic,2026-07-22,2029-07-21,6812,6686,6251,7247,Chennai,Available
INV01529,P011,B202601529,Insulin Glargine,Antidiabetic,2025-08-31,2027-02-22,6200,1679,7865,14,Bangalore,Low Stock
INV01530,P020,B202501530,Enoxaparin 40mg,Anticoagulant,2025-01-22,2027-01-22,4467,11903,5203,11167,Kolkata,Available
INV01531,P001,B202601531,Paracetamol 500mg,Analgesic,2026-08-15,2028-08-14,7897,3656,753,10800,Mumbai,Available
INV01532,P007,B202501532,Ibuprofen 400mg,Analgesic,2026-04-15,2029-04-14,4561,15599,714,19446,Chennai,Available
INV01533,P002,B202601533,Amoxicillin 500mg,Antibiotic,2026-02-05,2027-07-30,4445,6250,4313,6382,Kolkata,Available
INV01534,P017,B202501534,Levothyroxine 50mcg,Endocrine,2025-07-24,2027-01-15,5337,14012,2188,17161,Chennai,Available
INV01535,P019,B202601535,Vitamin D3 60000IU,Supplement,2026-05-22,2028-05-21,3539,7146,7927,2758,Mumbai,Available
INV01536,P003,B202501536,Azithromycin 500mg,Antibiotic,2026-02-11,2027-02-11,9876,8929,4104,14701,Bangalore,Available
INV01537,P004,B202601537,Metformin 500mg,Antidiabetic,2026-07-23,2028-07-22,9068,19163,587,27644,Mumbai,Available
INV01538,P017,B202501538,Levothyroxine 50mcg,Endocrine,2025-10-25,2027-10-25,5916,14337,11265,8988,Kolkata,Available
INV01539,P013,B202601539,Ciprofloxacin 500mg,Antibiotic,2025-12-13,2027-06-06,1605,14471,30,16046,Chennai,Available
INV01540,P010,B202501540,Omeprazole 20mg,Gastrointestinal,2026-04-17,2029-04-16,5753,11880,5848,11785,Mumbai,Available
INV01541,P002,B202601541,Amoxicillin 500mg,Antibiotic,2025-01-19,2027-01-19,9193,2023,3669,7547,Delhi,Available
INV01542,P015,B202501542,Montelukast 10mg,Respiratory,2026-03-18,2028-03-17,1296,5824,3341,3779,Bangalore,Available
INV01543,P007,B202601543,Ibuprofen 400mg,Analgesic,2025-08-20,2028-08-19,3513,19457,8403,14567,Chennai,Available
INV01544,P017,B202501544,Levothyroxine 50mcg,Endocrine,2026-05-21,2027-05-21,4499,11036,11722,3813,Bangalore,Available
INV01545,P010,B202601545,Omeprazole 20mg,Gastrointestinal,2025-05-09,2026-05-09,7737,4836,9521,3052,Kolkata,Available
INV01546,P016,B202501546,Salbutamol Inhaler,Respiratory,2025-04-12,2026-04-12,4653,11470,9340,6783,Mumbai,Available
INV01547,P004,B202601547,Metformin 500mg,Antidiabetic,2026-08-18,2029-08-17,6714,14214,11223,9705,Mumbai,Available
INV01548,P003,B202501548,Azithromycin 500mg,Antibiotic,2025-12-30,2027-06-23,8098,15661,5657,18102,Mumbai,Available
INV01549,P009,B202601549,Cetirizine 10mg,Antiallergic,2026-01-15,2028-01-15,5361,11106,11904,4563,Hyderabad,Available
INV01550,P004,B202501550,Metformin 500mg,Antidiabetic,2026-04-25,2029-04-24,6283,8630,4182,10731,Mumbai,Available
INV01551,P002,B202601551,Amoxicillin 500mg,Antibiotic,2025-11-14,2027-05-08,3021,11647,11564,3104,Hyderabad,Available
INV01552,P019,B202501552,Vitamin D3 60000IU,Supplement,2025-11-08,2028-11-07,4131,19942,7920,16153,Chennai,Available
INV01553,P012,B202601553,Losartan 50mg,Cardiovascular,2025-09-29,2027-09-29,8582,16055,285,24352,Chennai,Available
INV01554,P017,B202501554,Levothyroxine 50mcg,Endocrine,2026-03-23,2027-09-14,3687,13791,7964,9514,Mumbai,Available
INV01555,P009,B202601555,Cetirizine 10mg,Antiallergic,2025-08-10,2026-08-10,801,2578,1432,1947,Delhi,Available
INV01556,P009,B202501556,Cetirizine 10mg,Antiallergic,2026-07-28,2027-07-28,4233,5699,2977,6955,Delhi,Available
INV01557,P007,B202601557,Ibuprofen 400mg,Analgesic,2025-07-10,2027-07-10,8388,5038,1336,12090,Hyderabad,Available
INV01558,P012,B202501558,Losartan 50mg,Cardiovascular,2026-07-30,2027-07-30,906,11037,11835,108,Delhi,Low Stock
INV01559,P019,B202601559,Vitamin D3 60000IU,Supplement,2026-01-21,2027-01-21,4560,15631,6114,14077,Hyderabad,Available
INV01560,P004,B202501560,Metformin 500mg,Antidiabetic,2026-02-03,2027-07-28,5954,8087,4068,9973,Delhi,Available
INV01561,P001,B202601561,Paracetamol 500mg,Analgesic,2025-09-18,2027-03-12,7904,14840,5112,17632,Hyderabad,Available
INV01562,P005,B202501562,Atorvastatin 20mg,Cardiovascular,2025-05-07,2026-10-29,7726,1860,250,9336,Delhi,Available
INV01563,P005,B202601563,Atorvastatin 20mg,Cardiovascular,2026-05-14,2029-05-13,7807,9683,5253,12237,Mumbai,Available
INV01564,P004,B202501564,Metformin 500mg,Antidiabetic,2025-12-07,2028-12-06,2938,2078,2833,2183,Mumbai,Available
INV01565,P016,B202601565,Salbutamol Inhaler,Respiratory,2026-05-29,2029-05-28,4235,18134,1414,20955,Mumbai,Available
INV01566,P006,B202501566,Pantoprazole 40mg,Gastrointestinal,2026-07-08,2028-07-07,3976,3888,6158,1706,Delhi,Available
INV01567,P018,B202601567,Doxycycline 100mg,Antibiotic,2025-09-20,2026-09-20,3677,12782,2891,13568,Bangalore,Available
INV01568,P017,B202501568,Levothyroxine 50mcg,Endocrine,2025-11-15,2027-05-09,5752,15031,16,20767,Mumbai,Available
INV01569,P006,B202601569,Pantoprazole 40mg,Gastrointestinal,2025-02-25,2026-02-25,4685,11335,6092,9928,Chennai,Available
INV01570,P010,B202501570,Omeprazole 20mg,Gastrointestinal,2025-12-20,2028-12-19,6744,18307,2659,22392,Chennai,Available
INV01571,P014,B202601571,Diclofenac 50mg,Analgesic,2025-12-16,2026-12-16,5644,17311,7736,15219,Bangalore,Available
INV01572,P006,B202501572,Pantoprazole 40mg,Gastrointestinal,2025-12-08,2028-12-07,4727,17280,9551,12456,Hyderabad,Available
INV01573,P004,B202601573,Metformin 500mg,Antidiabetic,2026-06-26,2028-06-25,8563,18521,5094,21990,Bangalore,Available
INV01574,P019,B202501574,Vitamin D3 60000IU,Supplement,2025-12-17,2026-12-17,5533,1531,2047,5017,Mumbai,Available
INV01575,P010,B202601575,Omeprazole 20mg,Gastrointestinal,2025-12-06,2028-12-05,3839,14971,11305,7505,Chennai,Available
INV01576,P006,B202501576,Pantoprazole 40mg,Gastrointestinal,2026-02-11,2027-08-05,5040,13062,3519,14583,Bangalore,Available
INV01577,P017,B202601577,Levothyroxine 50mcg,Endocrine,2026-03-13,2027-03-13,4086,5972,9835,223,Kolkata,Low Stock
INV01578,P014,B202501578,Diclofenac 50mg,Analgesic,2025-09-22,2026-09-22,2845,2760,4425,1180,Bangalore,Available
INV01579,P014,B202601579,Diclofenac 50mg,Analgesic,2026-07-26,2028-01-17,6999,17704,5131,19572,Mumbai,Available
INV01580,P005,B202501580,Atorvastatin 20mg,Cardiovascular,2025-09-14,2028-09-13,6802,4829,6124,5507,Chennai,Available
INV01581,P002,B202601581,Amoxicillin 500mg,Antibiotic,2026-04-03,2027-04-03,3299,8910,6059,6150,Kolkata,Available
INV01582,P005,B202501582,Atorvastatin 20mg,Cardiovascular,2025-06-03,2026-11-25,8644,19338,5454,22528,Chennai,Available
INV01583,P019,B202601583,Vitamin D3 60000IU,Supplement,2026-05-23,2028-05-22,5636,19703,2868,22471,Mumbai,Available
INV01584,P015,B202501584,Montelukast 10mg,Respiratory,2025-01-13,2027-01-13,8617,4360,9638,3339,Mumbai,Available
INV01585,P018,B202601585,Doxycycline 100mg,Antibiotic,2026-01-16,2027-01-16,7486,2066,2323,7229,Kolkata,Available
INV01586,P018,B202501586,Doxycycline 100mg,Antibiotic,2025-01-28,2026-07-22,1394,6151,7300,245,Hyderabad,Low Stock
INV01587,P013,B202601587,Ciprofloxacin 500mg,Antibiotic,2026-04-28,2029-04-27,3864,14241,5801,12304,Bangalore,Available
INV01588,P005,B202501588,Atorvastatin 20mg,Cardiovascular,2026-03-25,2028-03-24,5450,15840,8295,12995,Mumbai,Available
INV01589,P006,B202601589,Pantoprazole 40mg,Gastrointestinal,2026-07-22,2029-07-21,790,16025,1595,15220,Kolkata,Available
INV01590,P012,B202501590,Losartan 50mg,Cardiovascular,2026-02-17,2028-02-17,6247,5763,9687,2323,Delhi,Available
INV01591,P011,B202601591,Insulin Glargine,Antidiabetic,2025-07-11,2026-07-11,5764,7557,7912,5409,Mumbai,Available
INV01592,P020,B202501592,Enoxaparin 40mg,Anticoagulant,2026-02-13,2027-08-07,7228,13316,7447,13097,Delhi,Available
INV01593,P019,B202601593,Vitamin D3 60000IU,Supplement,2025-07-10,2027-01-01,2904,11821,11855,2870,Delhi,Available
INV01594,P005,B202501594,Atorvastatin 20mg,Cardiovascular,2026-07-07,2029-07-06,4681,3785,3409,5057,Chennai,Available
INV01595,P012,B202601595,Losartan 50mg,Cardiovascular,2025-04-22,2026-04-22,9688,9497,8232,10953,Mumbai,Available
INV01596,P002,B202501596,Amoxicillin 500mg,Antibiotic,2025-09-05,2027-09-05,3667,12469,5257,10879,Mumbai,Available
INV01597,P006,B202601597,Pantoprazole 40mg,Gastrointestinal,2025-06-06,2026-11-28,7328,7409,8897,5840,Hyderabad,Available
INV01598,P007,B202501598,Ibuprofen 400mg,Analgesic,2026-07-09,2029-07-08,4307,6107,7453,2961,Bangalore,Available
INV01599,P010,B202601599,Omeprazole 20mg,Gastrointestinal,2025-12-26,2027-12-26,1517,1056,712,1861,Bangalore,Available
INV01600,P011,B202501600,Insulin Glargine,Antidiabetic,2026-07-06,2027-12-28,4810,5085,435,9460,Chennai,Available
INV01601,P006,B202601601,Pantoprazole 40mg,Gastrointestinal,2025-11-25,2027-11-25,8478,4526,6975,6029,Kolkata,Available
INV01602,P010,B202501602,Omeprazole 20mg,Gastrointestinal,2025-01-25,2026-07-19,8050,16050,3774,20326,Hyderabad,Available
INV01603,P006,B202601603,Pantoprazole 40mg,Gastrointestinal,2025-05-26,2027-05-26,8495,1885,7694,2686,Chennai,Available
INV01604,P013,B202501604,Ciprofloxacin 500mg,Antibiotic,2026-06-07,2027-06-07,7148,3418,9478,1088,Mumbai,Available
INV01605,P002,B202601605,Amoxicillin 500mg,Antibiotic,2026-03-24,2028-03-23,4909,6898,204,11603,Kolkata,Available
INV01606,P004,B202501606,Metformin 500mg,Antidiabetic,2026-05-21,2028-05-20,7010,14190,10297,10903,Bangalore,Available
INV01607,P020,B202601607,Enoxaparin 40mg,Anticoagulant,2025-01-26,2028-01-26,2982,17072,1002,19052,Mumbai,Available
INV01608,P011,B202501608,Insulin Glargine,Antidiabetic,2026-07-27,2027-07-27,846,13316,590,13572,Chennai,Available
INV01609,P001,B202601609,Paracetamol 500mg,Analgesic,2026-08-06,2028-08-05,9510,3406,3280,9636,Mumbai,Available
INV01610,P001,B202501610,Paracetamol 500mg,Analgesic,2025-03-03,2026-08-25,7502,14461,1041,20922,Bangalore,Available
INV01611,P014,B202601611,Diclofenac 50mg,Analgesic,2025-08-04,2028-08-03,3331,7894,2462,8763,Hyderabad,Available
INV01612,P015,B202501612,Montelukast 10mg,Respiratory,2025-10-10,2027-10-10,1247,11174,5504,6917,Kolkata,Available
INV01613,P009,B202601613,Cetirizine 10mg,Antiallergic,2025-03-03,2027-03-03,1922,18273,4601,15594,Chennai,Available
INV01614,P014,B202501614,Diclofenac 50mg,Analgesic,2025-10-06,2027-10-06,2235,2406,3557,1084,Kolkata,Available
INV01615,P018,B202601615,Doxycycline 100mg,Antibiotic,2025-07-03,2026-12-25,3910,14349,7484,10775,Chennai,Available
INV01616,P019,B202501616,Vitamin D3 60000IU,Supplement,2025-08-24,2027-08-24,5254,19141,4248,20147,Hyderabad,Available
INV01617,P008,B202601617,Amlodipine 5mg,Cardiovascular,2026-01-07,2029-01-06,8375,1348,4949,4774,Bangalore,Available
INV01618,P008,B202501618,Amlodipine 5mg,Cardiovascular,2026-07-21,2029-07-20,1960,3678,3926,1712,Mumbai,Available
INV01619,P009,B202601619,Cetirizine 10mg,Antiallergic,2026-06-09,2029-06-08,9055,15877,11765,13167,Chennai,Available
INV01620,P018,B202501620,Doxycycline 100mg,Antibiotic,2025-11-21,2026-11-21,8257,18666,3748,23175,Mumbai,Available
INV01621,P012,B202601621,Losartan 50mg,Cardiovascular,2026-01-26,2028-01-26,4246,17234,9764,11716,Kolkata,Available
INV01622,P012,B202501622,Losartan 50mg,Cardiovascular,2025-02-16,2028-02-16,1255,4681,1693,4243,Hyderabad,Available
INV01623,P015,B202601623,Montelukast 10mg,Respiratory,2025-09-22,2026-09-22,545,5111,3919,1737,Chennai,Available
INV01624,P006,B202501624,Pantoprazole 40mg,Gastrointestinal,2025-02-13,2027-02-13,7938,2330,8169,2099,Hyderabad,Available
INV01625,P006,B202601625,Pantoprazole 40mg,Gastrointestinal,2026-01-09,2027-01-09,3404,3638,1512,5530,Chennai,Available
INV01626,P005,B202501626,Atorvastatin 20mg,Cardiovascular,2025-01-27,2026-01-27,1324,12834,11675,2483,Hyderabad,Available
INV01627,P015,B202601627,Montelukast 10mg,Respiratory,2025-08-06,2026-08-06,7035,4988,6164,5859,Delhi,Available
INV01628,P012,B202501628,Losartan 50mg,Cardiovascular,2025-03-22,2026-09-13,7505,18722,140,26087,Mumbai,Available
INV01629,P018,B202601629,Doxycycline 100mg,Antibiotic,2025-06-22,2026-12-14,9092,19411,7864,20639,Chennai,Available
INV01630,P013,B202501630,Ciprofloxacin 500mg,Antibiotic,2025-06-20,2028-06-19,823,2112,1766,1169,Kolkata,Available
INV01631,P017,B202601631,Levothyroxine 50mcg,Endocrine,2026-02-11,2027-08-05,3920,9087,3076,9931,Mumbai,Available
INV01632,P003,B202501632,Azithromycin 500mg,Antibiotic,2025-07-11,2028-07-10,7216,3696,3124,7788,Hyderabad,Available
INV01633,P006,B202601633,Pantoprazole 40mg,Gastrointestinal,2026-02-19,2029-02-18,7247,10280,1929,15598,Bangalore,Available
INV01634,P017,B202501634,Levothyroxine 50mcg,Endocrine,2026-02-11,2028-02-11,5983,17121,9766,13338,Bangalore,Available
INV01635,P008,B202601635,Amlodipine 5mg,Cardiovascular,2025-01-26,2026-07-20,6552,4959,1727,9784,Mumbai,Available
INV01636,P011,B202501636,Insulin Glargine,Antidiabetic,2026-03-05,2027-03-05,2856,15819,8184,10491,Kolkata,Available
INV01637,P017,B202601637,Levothyroxine 50mcg,Endocrine,2026-05-19,2028-05-18,9605,8903,10838,7670,Mumbai,Available
INV01638,P009,B202501638,Cetirizine 10mg,Antiallergic,2026-02-16,2027-08-10,1897,18028,5435,14490,Kolkata,Available
INV01639,P008,B202601639,Amlodipine 5mg,Cardiovascular,2026-08-07,2028-08-06,7799,15355,2424,20730,Chennai,Available
INV01640,P019,B202501640,Vitamin D3 60000IU,Supplement,2026-02-01,2029-01-31,8538,13657,5726,16469,Kolkata,Available
INV01641,P004,B202601641,Metformin 500mg,Antidiabetic,2025-12-03,2028-12-02,9470,6075,1127,14418,Mumbai,Available
INV01642,P018,B202501642,Doxycycline 100mg,Antibiotic,2025-11-11,2026-11-11,1634,7443,3111,5966,Bangalore,Available
INV01643,P010,B202601643,Omeprazole 20mg,Gastrointestinal,2025-10-15,2026-10-15,2706,13624,11425,4905,Kolkata,Available
INV01644,P012,B202501644,Losartan 50mg,Cardiovascular,2025-01-24,2028-01-24,9530,6283,4804,11009,Bangalore,Available
INV01645,P017,B202601645,Levothyroxine 50mcg,Endocrine,2026-04-11,2027-04-11,7173,8826,6546,9453,Hyderabad,Available
INV01646,P017,B202501646,Levothyroxine 50mcg,Endocrine,2025-08-31,2028-08-30,1908,12170,3722,10356,Kolkata,Available
INV01647,P012,B202601647,Losartan 50mg,Cardiovascular,2026-03-08,2027-03-08,6930,2920,3560,6290,Hyderabad,Available
INV01648,P001,B202501648,Paracetamol 500mg,Analgesic,2025-12-18,2026-12-18,5370,15515,2138,18747,Chennai,Available
INV01649,P006,B202601649,Pantoprazole 40mg,Gastrointestinal,2025-07-18,2027-07-18,6443,13453,2343,17553,Delhi,Available
INV01650,P006,B202501650,Pantoprazole 40mg,Gastrointestinal,2025-06-16,2028-06-15,1458,8850,4528,5780,Hyderabad,Available
INV01651,P016,B202601651,Salbutamol Inhaler,Respiratory,2025-10-20,2027-10-20,4177,18039,8755,13461,Hyderabad,Available
INV01652,P020,B202501652,Enoxaparin 40mg,Anticoagulant,2026-06-04,2028-06-03,656,12232,8290,4598,Mumbai,Available
INV01653,P003,B202601653,Azithromycin 500mg,Antibiotic,2025-12-05,2028-12-04,3533,9670,13,13190,Chennai,Available
INV01654,P018,B202501654,Doxycycline 100mg,Antibiotic,2026-04-11,2027-10-03,928,10350,10607,671,Bangalore,Low Stock
INV01655,P005,B202601655,Atorvastatin 20mg,Cardiovascular,2026-05-18,2028-05-17,2118,1460,1469,2109,Delhi,Available
INV01656,P017,B202501656,Levothyroxine 50mcg,Endocrine,2026-06-15,2027-12-07,4514,18692,9323,13883,Hyderabad,Available
INV01657,P014,B202601657,Diclofenac 50mg,Analgesic,2026-03-06,2027-03-06,9791,6640,6595,9836,Mumbai,Available
INV01658,P014,B202501658,Diclofenac 50mg,Analgesic,2026-06-25,2027-12-17,4153,15276,11428,8001,Kolkata,Available
INV01659,P016,B202601659,Salbutamol Inhaler,Respiratory,2026-02-26,2029-02-25,9392,1202,6236,4358,Bangalore,Available
INV01660,P012,B202501660,Losartan 50mg,Cardiovascular,2025-08-25,2027-02-16,8965,14483,6809,16639,Kolkata,Available
INV01661,P002,B202601661,Amoxicillin 500mg,Antibiotic,2026-01-23,2027-01-23,2714,4518,3935,3297,Delhi,Available
INV01662,P016,B202501662,Salbutamol Inhaler,Respiratory,2025-09-22,2028-09-21,4049,3975,293,7731,Bangalore,Available
INV01663,P009,B202601663,Cetirizine 10mg,Antiallergic,2025-09-05,2028-09-04,1693,5984,7527,150,Bangalore,Low Stock
INV01664,P009,B202501664,Cetirizine 10mg,Antiallergic,2025-04-29,2027-04-29,9750,5314,4444,10620,Mumbai,Available
INV01665,P016,B202601665,Salbutamol Inhaler,Respiratory,2026-08-14,2027-08-14,5143,15300,105,20338,Chennai,Available
INV01666,P005,B202501666,Atorvastatin 20mg,Cardiovascular,2025-11-08,2028-11-07,6534,19793,7242,19085,Hyderabad,Available
INV01667,P014,B202601667,Diclofenac 50mg,Analgesic,2026-01-05,2027-06-29,1230,13316,6929,7617,Chennai,Available
INV01668,P003,B202501668,Azithromycin 500mg,Antibiotic,2025-11-20,2028-11-19,8967,18852,2543,25276,Hyderabad,Available
INV01669,P012,B202601669,Losartan 50mg,Cardiovascular,2025-10-05,2026-10-05,1469,3729,1763,3435,Chennai,Available
INV01670,P002,B202501670,Amoxicillin 500mg,Antibiotic,2025-03-05,2026-08-27,8801,19815,5282,23334,Bangalore,Available
INV01671,P001,B202601671,Paracetamol 500mg,Analgesic,2026-05-31,2027-11-22,1235,16835,6348,11722,Mumbai,Available
INV01672,P010,B202501672,Omeprazole 20mg,Gastrointestinal,2025-05-16,2028-05-15,7984,4782,8819,3947,Hyderabad,Available
INV01673,P010,B202601673,Omeprazole 20mg,Gastrointestinal,2026-03-26,2027-03-26,7395,5293,8390,4298,Mumbai,Available
INV01674,P001,B202501674,Paracetamol 500mg,Analgesic,2026-04-03,2027-09-25,9547,16958,2314,24191,Delhi,Available
INV01675,P008,B202601675,Amlodipine 5mg,Cardiovascular,2025-12-28,2027-12-28,3311,13377,3122,13566,Kolkata,Available
INV01676,P019,B202501676,Vitamin D3 60000IU,Supplement,2025-04-10,2027-04-10,9330,3410,8876,3864,Kolkata,Available
INV01677,P005,B202601677,Atorvastatin 20mg,Cardiovascular,2025-12-16,2028-12-15,3667,5518,3648,5537,Mumbai,Available
INV01678,P015,B202501678,Montelukast 10mg,Respiratory,2025-08-11,2027-02-02,9473,11996,11153,10316,Chennai,Available
INV01679,P018,B202601679,Doxycycline 100mg,Antibiotic,2025-04-28,2028-04-27,9471,1774,4005,7240,Mumbai,Available
INV01680,P009,B202501680,Cetirizine 10mg,Antiallergic,2026-04-13,2028-04-12,2522,12567,11696,3393,Mumbai,Available
INV01681,P019,B202601681,Vitamin D3 60000IU,Supplement,2026-01-25,2029-01-24,9077,1316,8318,2075,Hyderabad,Available
INV01682,P017,B202501682,Levothyroxine 50mcg,Endocrine,2026-04-30,2027-10-22,1129,8969,3059,7039,Delhi,Available
INV01683,P002,B202601683,Amoxicillin 500mg,Antibiotic,2025-01-27,2026-07-21,7813,6984,3881,10916,Bangalore,Available
INV01684,P006,B202501684,Pantoprazole 40mg,Gastrointestinal,2025-06-29,2026-12-21,3765,6384,6910,3239,Mumbai,Available
INV01685,P016,B202601685,Salbutamol Inhaler,Respiratory,2025-12-29,2027-12-29,6044,18535,3068,21511,Kolkata,Available
INV01686,P005,B202501686,Atorvastatin 20mg,Cardiovascular,2025-03-24,2028-03-23,9012,2761,7061,4712,Delhi,Available
INV01687,P005,B202601687,Atorvastatin 20mg,Cardiovascular,2025-11-09,2027-11-09,5954,10875,10628,6201,Hyderabad,Available
INV01688,P013,B202501688,Ciprofloxacin 500mg,Antibiotic,2025-07-09,2028-07-08,2889,17556,7586,12859,Hyderabad,Available
INV01689,P016,B202601689,Salbutamol Inhaler,Respiratory,2025-05-25,2026-11-16,3775,13953,4698,13030,Delhi,Available
INV01690,P012,B202501690,Losartan 50mg,Cardiovascular,2025-04-28,2026-04-28,3415,5224,7937,702,Mumbai,Low Stock
INV01691,P009,B202601691,Cetirizine 10mg,Antiallergic,2026-02-08,2029-02-07,7037,11472,11714,6795,Kolkata,Available
INV01692,P005,B202501692,Atorvastatin 20mg,Cardiovascular,2025-04-07,2026-09-29,8436,19329,8432,19333,Chennai,Available
INV01693,P005,B202601693,Atorvastatin 20mg,Cardiovascular,2025-12-22,2026-12-22,5627,4681,778,9530,Kolkata,Available
INV01694,P018,B202501694,Doxycycline 100mg,Antibiotic,2026-02-16,2028-02-16,2780,11862,8977,5665,Delhi,Available
INV01695,P006,B202601695,Pantoprazole 40mg,Gastrointestinal,2025-08-24,2028-08-23,2919,19267,9064,13122,Kolkata,Available
INV01696,P011,B202501696,Insulin Glargine,Antidiabetic,2025-05-15,2026-05-15,5582,8583,1364,12801,Kolkata,Available
INV01697,P020,B202601697,Enoxaparin 40mg,Anticoagulant,2025-08-13,2027-08-13,4426,10439,7488,7377,Mumbai,Available
INV01698,P017,B202501698,Levothyroxine 50mcg,Endocrine,2025-04-24,2027-04-24,9840,17151,548,26443,Bangalore,Available
INV01699,P013,B202601699,Ciprofloxacin 500mg,Antibiotic,2026-07-09,2029-07-08,9088,3844,6230,6702,Chennai,Available
INV01700,P013,B202501700,Ciprofloxacin 500mg,Antibiotic,2026-04-12,2027-04-12,4842,9511,11279,3074,Hyderabad,Available
INV01701,P007,B202601701,Ibuprofen 400mg,Analgesic,2025-01-14,2026-01-14,9819,17106,3110,23815,Chennai,Available
INV01702,P012,B202501702,Losartan 50mg,Cardiovascular,2026-06-28,2027-12-20,9947,8042,8603,9386,Mumbai,Available
INV01703,P014,B202601703,Diclofenac 50mg,Analgesic,2025-07-21,2028-07-20,6555,6486,11532,1509,Chennai,Available
INV01704,P009,B202501704,Cetirizine 10mg,Antiallergic,2025-03-23,2028-03-22,7673,13688,9998,11363,Delhi,Available
INV01705,P005,B202601705,Atorvastatin 20mg,Cardiovascular,2025-05-23,2026-05-23,1097,14845,10224,5718,Bangalore,Available
INV01706,P012,B202501706,Losartan 50mg,Cardiovascular,2025-03-16,2026-09-07,8012,16428,11385,13055,Hyderabad,Available
INV01707,P019,B202601707,Vitamin D3 60000IU,Supplement,2026-04-16,2027-10-08,3615,3043,6132,526,Hyderabad,Low Stock
INV01708,P006,B202501708,Pantoprazole 40mg,Gastrointestinal,2025-09-05,2026-09-05,8157,14264,1879,20542,Bangalore,Available
INV01709,P001,B202601709,Paracetamol 500mg,Analgesic,2026-07-24,2028-01-15,6728,3849,2442,8135,Delhi,Available
INV01710,P005,B202501710,Atorvastatin 20mg,Cardiovascular,2026-01-03,2029-01-02,3398,12549,10988,4959,Kolkata,Available
INV01711,P001,B202601711,Paracetamol 500mg,Analgesic,2025-03-08,2028-03-07,9292,7116,6241,10167,Delhi,Available
INV01712,P014,B202501712,Diclofenac 50mg,Analgesic,2026-03-27,2027-09-18,8955,2123,359,10719,Kolkata,Available
INV01713,P004,B202601713,Metformin 500mg,Antidiabetic,2026-08-20,2028-02-11,3963,1531,5186,308,Mumbai,Low Stock
INV01714,P004,B202501714,Metformin 500mg,Antidiabetic,2025-10-18,2026-10-18,8003,2389,5188,5204,Mumbai,Available
INV01715,P001,B202601715,Paracetamol 500mg,Analgesic,2025-02-01,2027-02-01,4249,3465,1067,6647,Chennai,Available
INV01716,P015,B202501716,Montelukast 10mg,Respiratory,2025-12-31,2028-12-30,1158,14069,9031,6196,Hyderabad,Available
INV01717,P011,B202601717,Insulin Glargine,Antidiabetic,2026-04-06,2028-04-05,2870,13630,9114,7386,Bangalore,Available
INV01718,P012,B202501718,Losartan 50mg,Cardiovascular,2025-10-30,2027-04-23,920,2586,2630,876,Chennai,Low Stock
INV01719,P009,B202601719,Cetirizine 10mg,Antiallergic,2026-07-18,2029-07-17,6826,12038,11575,7289,Delhi,Available
INV01720,P019,B202501720,Vitamin D3 60000IU,Supplement,2026-08-11,2027-08-11,6777,14893,9841,11829,Mumbai,Available
INV01721,P018,B202601721,Doxycycline 100mg,Antibiotic,2025-10-20,2027-04-13,1991,7103,8865,229,Chennai,Low Stock
INV01722,P015,B202501722,Montelukast 10mg,Respiratory,2026-06-22,2027-12-14,6785,8058,10176,4667,Mumbai,Available
INV01723,P018,B202601723,Doxycycline 100mg,Antibiotic,2026-03-25,2029-03-24,9295,16022,3857,21460,Delhi,Available
INV01724,P010,B202501724,Omeprazole 20mg,Gastrointestinal,2025-02-08,2027-02-08,4656,8473,1315,11814,Delhi,Available
INV01725,P012,B202601725,Losartan 50mg,Cardiovascular,2025-03-05,2027-03-05,2093,3755,2346,3502,Mumbai,Available
INV01726,P019,B202501726,Vitamin D3 60000IU,Supplement,2025-02-10,2026-08-04,7478,5746,11779,1445,Chennai,Available
INV01727,P019,B202601727,Vitamin D3 60000IU,Supplement,2026-07-24,2027-07-24,4862,15147,103,19906,Mumbai,Available
INV01728,P014,B202501728,Diclofenac 50mg,Analgesic,2026-04-21,2027-10-13,8699,13799,545,21953,Hyderabad,Available
INV01729,P019,B202601729,Vitamin D3 60000IU,Supplement,2025-01-02,2026-01-02,3773,19883,8458,15198,Bangalore,Available
INV01730,P008,B202501730,Amlodipine 5mg,Cardiovascular,2026-07-18,2027-07-18,5967,9816,9126,6657,Chennai,Available
INV01731,P017,B202601731,Levothyroxine 50mcg,Endocrine,2025-03-13,2026-09-04,7072,8961,8008,8025,Delhi,Available
INV01732,P008,B202501732,Amlodipine 5mg,Cardiovascular,2025-03-02,2028-03-01,8347,18000,3598,22749,Hyderabad,Available
INV01733,P007,B202601733,Ibuprofen 400mg,Analgesic,2025-01-19,2026-01-19,3429,19761,2456,20734,Delhi,Available
INV01734,P011,B202501734,Insulin Glargine,Antidiabetic,2025-08-04,2028-08-03,1385,17537,8925,9997,Hyderabad,Available
INV01735,P016,B202601735,Salbutamol Inhaler,Respiratory,2025-09-15,2028-09-14,847,1565,1313,1099,Kolkata,Available
INV01736,P002,B202501736,Amoxicillin 500mg,Antibiotic,2026-04-12,2029-04-11,5121,17472,9084,13509,Hyderabad,Available
INV01737,P018,B202601737,Doxycycline 100mg,Antibiotic,2026-02-24,2027-02-24,5896,13433,9617,9712,Chennai,Available
INV01738,P010,B202501738,Omeprazole 20mg,Gastrointestinal,2025-06-29,2026-06-29,1345,13157,11518,2984,Bangalore,Available
INV01739,P015,B202601739,Montelukast 10mg,Respiratory,2025-12-17,2026-12-17,2520,6404,6113,2811,Hyderabad,Available
INV01740,P017,B202501740,Levothyroxine 50mcg,Endocrine,2025-08-10,2026-08-10,1407,8605,4084,5928,Chennai,Available
INV01741,P010,B202601741,Omeprazole 20mg,Gastrointestinal,2025-04-09,2026-04-09,5882,7349,8062,5169,Kolkata,Available
INV01742,P008,B202501742,Amlodipine 5mg,Cardiovascular,2025-11-28,2028-11-27,2498,10703,3663,9538,Delhi,Available
INV01743,P015,B202601743,Montelukast 10mg,Respiratory,2025-03-26,2026-03-26,720,1229,98,1851,Chennai,Available
INV01744,P019,B202501744,Vitamin D3 60000IU,Supplement,2025-09-03,2028-09-02,7432,16345,8879,14898,Hyderabad,Available
INV01745,P011,B202601745,Insulin Glargine,Antidiabetic,2025-11-12,2027-11-12,8063,3140,7558,3645,Chennai,Available
INV01746,P003,B202501746,Azithromycin 500mg,Antibiotic,2025-09-06,2028-09-05,731,4053,3846,938,Hyderabad,Low Stock
INV01747,P015,B202601747,Montelukast 10mg,Respiratory,2026-06-25,2027-12-17,5104,9146,4475,9775,Mumbai,Available
INV01748,P012,B202501748,Losartan 50mg,Cardiovascular,2026-06-22,2029-06-21,8726,3273,3681,8318,Chennai,Available
INV01749,P011,B202601749,Insulin Glargine,Antidiabetic,2025-07-20,2027-01-11,1612,7316,3767,5161,Mumbai,Available
INV01750,P011,B202501750,Insulin Glargine,Antidiabetic,2025-06-13,2026-06-13,8932,8700,3057,14575,Delhi,Available
INV01751,P011,B202601751,Insulin Glargine,Antidiabetic,2025-12-12,2026-12-12,7370,4653,10037,1986,Mumbai,Available
INV01752,P009,B202501752,Cetirizine 10mg,Antiallergic,2025-08-22,2027-02-13,6821,10437,1521,15737,Delhi,Available
INV01753,P006,B202601753,Pantoprazole 40mg,Gastrointestinal,2025-03-06,2028-03-05,3470,12306,2062,13714,Mumbai,Available
INV01754,P008,B202501754,Amlodipine 5mg,Cardiovascular,2025-03-22,2028-03-21,3460,12072,6786,8746,Mumbai,Available
INV01755,P012,B202601755,Losartan 50mg,Cardiovascular,2025-12-06,2026-12-06,6856,3170,4361,5665,Mumbai,Available
INV01756,P009,B202501756,Cetirizine 10mg,Antiallergic,2025-02-13,2027-02-13,4476,2156,23,6609,Delhi,Available
INV01757,P014,B202601757,Diclofenac 50mg,Analgesic,2025-11-25,2027-11-25,7689,17568,11792,13465,Kolkata,Available
INV01758,P016,B202501758,Salbutamol Inhaler,Respiratory,2025-09-16,2027-09-16,6353,4219,7164,3408,Delhi,Available
INV01759,P011,B202601759,Insulin Glargine,Antidiabetic,2026-05-16,2028-05-15,9358,19554,9904,19008,Hyderabad,Available
INV01760,P004,B202501760,Metformin 500mg,Antidiabetic,2025-06-29,2027-06-29,8711,17723,8208,18226,Chennai,Available
INV01761,P020,B202601761,Enoxaparin 40mg,Anticoagulant,2026-02-16,2027-02-16,5252,7815,7644,5423,Delhi,Available
INV01762,P006,B202501762,Pantoprazole 40mg,Gastrointestinal,2025-06-29,2026-06-29,3286,16727,7862,12151,Kolkata,Available
INV01763,P019,B202601763,Vitamin D3 60000IU,Supplement,2026-05-30,2027-05-30,3672,2092,539,5225,Hyderabad,Available
INV01764,P006,B202501764,Pantoprazole 40mg,Gastrointestinal,2025-01-10,2028-01-10,5507,13461,7843,11125,Kolkata,Available
INV01765,P003,B202601765,Azithromycin 500mg,Antibiotic,2025-07-25,2027-01-16,5739,10998,9481,7256,Delhi,Available
INV01766,P005,B202501766,Atorvastatin 20mg,Cardiovascular,2025-12-05,2028-12-04,5999,12256,2112,16143,Bangalore,Available
INV01767,P005,B202601767,Atorvastatin 20mg,Cardiovascular,2025-01-16,2026-07-10,8881,9488,7744,10625,Kolkata,Available
INV01768,P016,B202501768,Salbutamol Inhaler,Respiratory,2026-01-26,2029-01-25,3165,8989,4788,7366,Chennai,Available
INV01769,P009,B202601769,Cetirizine 10mg,Antiallergic,2026-07-17,2027-07-17,2135,14607,9170,7572,Chennai,Available
INV01770,P007,B202501770,Ibuprofen 400mg,Analgesic,2025-01-06,2026-06-30,4933,8842,11065,2710,Kolkata,Available
INV01771,P016,B202601771,Salbutamol Inhaler,Respiratory,2025-01-14,2026-01-14,4622,12812,8161,9273,Hyderabad,Available
INV01772,P003,B202501772,Azithromycin 500mg,Antibiotic,2025-07-16,2028-07-15,9873,18897,7119,21651,Bangalore,Available
INV01773,P020,B202601773,Enoxaparin 40mg,Anticoagulant,2025-04-02,2026-09-24,9754,10574,2374,17954,Delhi,Available
INV01774,P002,B202501774,Amoxicillin 500mg,Antibiotic,2025-07-09,2028-07-08,3336,17960,6515,14781,Delhi,Available
INV01775,P015,B202601775,Montelukast 10mg,Respiratory,2025-11-27,2026-11-27,9233,10025,7866,11392,Delhi,Available
INV01776,P014,B202501776,Diclofenac 50mg,Analgesic,2025-08-01,2028-07-31,2631,13412,6935,9108,Delhi,Available
INV01777,P001,B202601777,Paracetamol 500mg,Analgesic,2025-08-22,2026-08-22,5280,14068,6270,13078,Chennai,Available
INV01778,P008,B202501778,Amlodipine 5mg,Cardiovascular,2025-07-03,2026-12-25,2676,16236,9717,9195,Mumbai,Available
INV01779,P016,B202601779,Salbutamol Inhaler,Respiratory,2025-01-16,2026-01-16,3188,8370,2678,8880,Delhi,Available
INV01780,P016,B202501780,Salbutamol Inhaler,Respiratory,2025-10-01,2027-03-25,1069,6326,5970,1425,Chennai,Available
INV01781,P003,B202601781,Azithromycin 500mg,Antibiotic,2025-01-12,2028-01-12,2155,11916,9924,4147,Chennai,Available
INV01782,P012,B202501782,Losartan 50mg,Cardiovascular,2025-08-14,2028-08-13,7100,16926,6166,17860,Kolkata,Available
INV01783,P016,B202601783,Salbutamol Inhaler,Respiratory,2025-02-08,2026-08-02,8093,3205,8008,3290,Mumbai,Available
INV01784,P005,B202501784,Atorvastatin 20mg,Cardiovascular,2025-11-20,2028-11-19,9028,8680,44,17664,Kolkata,Available
INV01785,P018,B202601785,Doxycycline 100mg,Antibiotic,2025-12-30,2027-12-30,5504,1237,1075,5666,Bangalore,Available
INV01786,P019,B202501786,Vitamin D3 60000IU,Supplement,2025-01-30,2027-01-30,3946,1115,4653,408,Bangalore,Low Stock
INV01787,P018,B202601787,Doxycycline 100mg,Antibiotic,2026-04-12,2029-04-11,2038,17741,7185,12594,Mumbai,Available
INV01788,P014,B202501788,Diclofenac 50mg,Analgesic,2025-07-24,2027-01-15,3238,11817,7213,7842,Hyderabad,Available
INV01789,P005,B202601789,Atorvastatin 20mg,Cardiovascular,2026-07-22,2028-07-21,8672,7273,3456,12489,Hyderabad,Available
INV01790,P011,B202501790,Insulin Glargine,Antidiabetic,2026-04-13,2028-04-12,3302,19241,6869,15674,Mumbai,Available
INV01791,P001,B202601791,Paracetamol 500mg,Analgesic,2025-12-04,2027-12-04,9323,5383,1953,12753,Kolkata,Available
INV01792,P012,B202501792,Losartan 50mg,Cardiovascular,2025-01-17,2026-01-17,5016,12733,2924,14825,Mumbai,Available
INV01793,P015,B202601793,Montelukast 10mg,Respiratory,2026-08-04,2028-01-26,4446,7861,1634,10673,Bangalore,Available
INV01794,P017,B202501794,Levothyroxine 50mcg,Endocrine,2025-01-23,2028-01-23,2849,14203,11420,5632,Chennai,Available
INV01795,P015,B202601795,Montelukast 10mg,Respiratory,2025-06-08,2027-06-08,6600,9081,456,15225,Kolkata,Available
INV01796,P004,B202501796,Metformin 500mg,Antidiabetic,2026-08-08,2029-08-07,679,15046,7609,8116,Hyderabad,Available
INV01797,P017,B202601797,Levothyroxine 50mcg,Endocrine,2025-03-08,2026-03-08,9515,15114,1346,23283,Bangalore,Available
INV01798,P006,B202501798,Pantoprazole 40mg,Gastrointestinal,2025-02-12,2026-02-12,5932,1141,2033,5040,Hyderabad,Available
INV01799,P020,B202601799,Enoxaparin 40mg,Anticoagulant,2026-08-08,2029-08-07,3748,11019,6052,8715,Kolkata,Available
INV01800,P015,B202501800,Montelukast 10mg,Respiratory,2026-06-28,2028-06-27,9233,15128,8866,15495,Delhi,Available
INV01801,P007,B202601801,Ibuprofen 400mg,Analgesic,2026-01-01,2027-06-25,6672,5841,9590,2923,Delhi,Available
INV01802,P015,B202501802,Montelukast 10mg,Respiratory,2025-05-14,2028-05-13,8125,3766,4162,7729,Chennai,Available
INV01803,P018,B202601803,Doxycycline 100mg,Antibiotic,2026-03-19,2027-09-10,3349,18290,10495,11144,Kolkata,Available
INV01804,P007,B202501804,Ibuprofen 400mg,Analgesic,2025-09-19,2026-09-19,9569,17475,2079,24965,Hyderabad,Available
INV01805,P012,B202601805,Losartan 50mg,Cardiovascular,2025-09-07,2027-03-01,3995,13805,10777,7023,Kolkata,Available
INV01806,P010,B202501806,Omeprazole 20mg,Gastrointestinal,2026-05-12,2028-05-11,2370,16087,4205,14252,Delhi,Available
INV01807,P015,B202601807,Montelukast 10mg,Respiratory,2026-07-21,2029-07-20,8124,10614,4802,13936,Mumbai,Available
INV01808,P020,B202501808,Enoxaparin 40mg,Anticoagulant,2025-05-04,2027-05-04,6956,1428,5323,3061,Hyderabad,Available
INV01809,P006,B202601809,Pantoprazole 40mg,Gastrointestinal,2026-01-09,2027-01-09,1989,9644,6795,4838,Bangalore,Available
INV01810,P008,B202501810,Amlodipine 5mg,Cardiovascular,2025-07-04,2027-07-04,3355,1035,2327,2063,Kolkata,Available
INV01811,P012,B202601811,Losartan 50mg,Cardiovascular,2025-08-06,2027-01-28,1831,5496,3209,4118,Delhi,Available
INV01812,P010,B202501812,Omeprazole 20mg,Gastrointestinal,2026-08-01,2028-07-31,718,10967,6810,4875,Bangalore,Available
INV01813,P008,B202601813,Amlodipine 5mg,Cardiovascular,2026-06-07,2027-11-29,4837,5202,772,9267,Hyderabad,Available
INV01814,P016,B202501814,Salbutamol Inhaler,Respiratory,2026-08-13,2028-08-12,8394,13339,7905,13828,Mumbai,Available
INV01815,P002,B202601815,Amoxicillin 500mg,Antibiotic,2025-09-04,2028-09-03,5595,15478,607,20466,Hyderabad,Available
INV01816,P006,B202501816,Pantoprazole 40mg,Gastrointestinal,2025-08-04,2028-08-03,4888,13582,7734,10736,Mumbai,Available
INV01817,P020,B202601817,Enoxaparin 40mg,Anticoagulant,2025-05-14,2026-05-14,7580,13422,3123,17879,Kolkata,Available
INV01818,P004,B202501818,Metformin 500mg,Antidiabetic,2025-05-31,2026-05-31,2269,14856,8442,8683,Delhi,Available
INV01819,P018,B202601819,Doxycycline 100mg,Antibiotic,2025-02-11,2027-02-11,1593,19158,7606,13145,Chennai,Available
INV01820,P012,B202501820,Losartan 50mg,Cardiovascular,2025-08-19,2027-08-19,8440,4382,10463,2359,Chennai,Available
INV01821,P002,B202601821,Amoxicillin 500mg,Antibiotic,2026-07-16,2027-07-16,6210,3462,1897,7775,Delhi,Available
INV01822,P014,B202501822,Diclofenac 50mg,Analgesic,2026-02-17,2027-08-11,8292,1936,8738,1490,Hyderabad,Available
INV01823,P013,B202601823,Ciprofloxacin 500mg,Antibiotic,2026-06-28,2027-12-20,4406,16739,10376,10769,Hyderabad,Available
INV01824,P011,B202501824,Insulin Glargine,Antidiabetic,2025-07-19,2027-07-19,4102,1099,4809,392,Delhi,Low Stock
INV01825,P010,B202601825,Omeprazole 20mg,Gastrointestinal,2025-03-06,2026-03-06,5048,13333,3124,15257,Chennai,Available
INV01826,P008,B202501826,Amlodipine 5mg,Cardiovascular,2025-01-07,2027-01-07,2220,1274,454,3040,Hyderabad,Available
INV01827,P011,B202601827,Insulin Glargine,Antidiabetic,2026-08-17,2027-08-17,1045,4634,1814,3865,Hyderabad,Available
INV01828,P007,B202501828,Ibuprofen 400mg,Analgesic,2026-08-05,2028-01-27,6530,14011,1561,18980,Hyderabad,Available
INV01829,P009,B202601829,Cetirizine 10mg,Antiallergic,2025-10-04,2026-10-04,6626,6713,3868,9471,Delhi,Available
INV01830,P019,B202501830,Vitamin D3 60000IU,Supplement,2026-06-03,2029-06-02,4428,3273,1663,6038,Mumbai,Available
INV01831,P007,B202601831,Ibuprofen 400mg,Analgesic,2025-05-05,2026-05-05,2274,13507,5892,9889,Bangalore,Available
INV01832,P012,B202501832,Losartan 50mg,Cardiovascular,2026-05-21,2027-11-12,3526,6178,3682,6022,Hyderabad,Available
INV01833,P019,B202601833,Vitamin D3 60000IU,Supplement,2026-08-19,2028-02-10,9275,17219,910,25584,Mumbai,Available
INV01834,P014,B202501834,Diclofenac 50mg,Analgesic,2025-09-11,2027-03-05,5195,14088,3525,15758,Delhi,Available
INV01835,P005,B202601835,Atorvastatin 20mg,Cardiovascular,2026-06-18,2027-06-18,1136,1716,997,1855,Delhi,Available
INV01836,P020,B202501836,Enoxaparin 40mg,Anticoagulant,2025-09-30,2026-09-30,3998,3419,3501,3916,Chennai,Available
INV01837,P001,B202601837,Paracetamol 500mg,Analgesic,2026-04-12,2027-04-12,6887,16495,9315,14067,Chennai,Available
INV01838,P014,B202501838,Diclofenac 50mg,Analgesic,2025-04-23,2026-04-23,4122,12556,7418,9260,Chennai,Available
INV01839,P007,B202601839,Ibuprofen 400mg,Analgesic,2026-06-04,2027-11-26,2839,14973,1529,16283,Mumbai,Available
INV01840,P016,B202501840,Salbutamol Inhaler,Respiratory,2026-04-08,2027-09-30,2082,1606,329,3359,Chennai,Available
INV01841,P016,B202601841,Salbutamol Inhaler,Respiratory,2025-10-31,2027-10-31,3603,4649,94,8158,Chennai,Available
INV01842,P001,B202501842,Paracetamol 500mg,Analgesic,2025-03-05,2028-03-04,6037,10304,2620,13721,Bangalore,Available
INV01843,P010,B202601843,Omeprazole 20mg,Gastrointestinal,2025-08-04,2027-08-04,2070,5397,842,6625,Mumbai,Available
INV01844,P006,B202501844,Pantoprazole 40mg,Gastrointestinal,2025-05-15,2027-05-15,5225,4990,7141,3074,Mumbai,Available
INV01845,P007,B202601845,Ibuprofen 400mg,Analgesic,2025-10-14,2026-10-14,4490,12066,1543,15013,Delhi,Available
INV01846,P001,B202501846,Paracetamol 500mg,Analgesic,2025-12-29,2026-12-29,2163,7653,6033,3783,Chennai,Available
INV01847,P010,B202601847,Omeprazole 20mg,Gastrointestinal,2025-03-20,2026-09-11,7977,2716,7653,3040,Mumbai,Available
INV01848,P001,B202501848,Paracetamol 500mg,Analgesic,2026-02-21,2027-02-21,4012,4705,5091,3626,Bangalore,Available
INV01849,P002,B202601849,Amoxicillin 500mg,Antibiotic,2025-11-15,2028-11-14,876,9754,8532,2098,Hyderabad,Available
INV01850,P010,B202501850,Omeprazole 20mg,Gastrointestinal,2026-05-19,2028-05-18,3285,15264,8109,10440,Delhi,Available
INV01851,P009,B202601851,Cetirizine 10mg,Antiallergic,2026-07-10,2029-07-09,9908,13832,4310,19430,Bangalore,Available
INV01852,P003,B202501852,Azithromycin 500mg,Antibiotic,2026-07-25,2028-01-16,1549,5243,141,6651,Delhi,Available
INV01853,P012,B202601853,Losartan 50mg,Cardiovascular,2025-08-16,2027-08-16,5064,19239,9159,15144,Bangalore,Available
INV01854,P006,B202501854,Pantoprazole 40mg,Gastrointestinal,2026-03-29,2028-03-28,7656,7368,457,14567,Chennai,Available
INV01855,P016,B202601855,Salbutamol Inhaler,Respiratory,2026-01-19,2027-07-13,580,14829,7921,7488,Chennai,Available
INV01856,P004,B202501856,Metformin 500mg,Antidiabetic,2026-03-15,2028-03-14,8646,11780,8779,11647,Mumbai,Available
INV01857,P014,B202601857,Diclofenac 50mg,Analgesic,2026-02-21,2029-02-20,8638,1060,7553,2145,Chennai,Available
INV01858,P011,B202501858,Insulin Glargine,Antidiabetic,2025-11-08,2027-11-08,4825,8864,9641,4048,Chennai,Available
INV01859,P005,B202601859,Atorvastatin 20mg,Cardiovascular,2026-05-13,2027-11-04,1804,17690,2856,16638,Hyderabad,Available
INV01860,P006,B202501860,Pantoprazole 40mg,Gastrointestinal,2025-10-22,2026-10-22,2015,8458,2282,8191,Hyderabad,Available
INV01861,P019,B202601861,Vitamin D3 60000IU,Supplement,2025-12-24,2026-12-24,1465,16465,3239,14691,Bangalore,Available
INV01862,P014,B202501862,Diclofenac 50mg,Analgesic,2026-05-18,2027-11-09,7558,9008,1305,15261,Chennai,Available
INV01863,P019,B202601863,Vitamin D3 60000IU,Supplement,2026-08-14,2027-08-14,5868,12845,948,17765,Kolkata,Available
INV01864,P003,B202501864,Azithromycin 500mg,Antibiotic,2025-06-11,2028-06-10,5783,13906,5924,13765,Chennai,Available
INV01865,P002,B202601865,Amoxicillin 500mg,Antibiotic,2026-02-10,2027-02-10,2206,10619,5380,7445,Bangalore,Available
INV01866,P016,B202501866,Salbutamol Inhaler,Respiratory,2025-07-01,2028-06-30,642,5509,1826,4325,Delhi,Available
INV01867,P009,B202601867,Cetirizine 10mg,Antiallergic,2025-04-05,2027-04-05,9604,3539,3026,10117,Mumbai,Available
INV01868,P015,B202501868,Montelukast 10mg,Respiratory,2025-03-23,2026-03-23,2734,12705,989,14450,Delhi,Available
INV01869,P009,B202601869,Cetirizine 10mg,Antiallergic,2025-07-17,2028-07-16,8279,16256,10625,13910,Hyderabad,Available
INV01870,P018,B202501870,Doxycycline 100mg,Antibiotic,2025-04-16,2026-10-08,5777,15143,6932,13988,Delhi,Available
INV01871,P008,B202601871,Amlodipine 5mg,Cardiovascular,2025-12-22,2027-06-15,5036,12129,7203,9962,Hyderabad,Available
INV01872,P003,B202501872,Azithromycin 500mg,Antibiotic,2025-06-29,2026-12-21,2028,4375,6090,313,Hyderabad,Low Stock
INV01873,P015,B202601873,Montelukast 10mg,Respiratory,2025-03-18,2028-03-17,2518,8483,8602,2399,Hyderabad,Available
INV01874,P011,B202501874,Insulin Glargine,Antidiabetic,2026-04-17,2027-04-17,741,15982,3153,13570,Kolkata,Available
INV01875,P019,B202601875,Vitamin D3 60000IU,Supplement,2026-06-13,2029-06-12,8319,8286,11907,4698,Mumbai,Available
INV01876,P012,B202501876,Losartan 50mg,Cardiovascular,2025-01-04,2028-01-04,6123,19028,4234,20917,Hyderabad,Available
INV01877,P011,B202601877,Insulin Glargine,Antidiabetic,2026-06-03,2028-06-02,8029,5074,9310,3793,Chennai,Available
INV01878,P018,B202501878,Doxycycline 100mg,Antibiotic,2025-02-04,2026-07-29,1342,8601,7546,2397,Delhi,Available
INV01879,P016,B202601879,Salbutamol Inhaler,Respiratory,2026-03-19,2029-03-18,8858,12139,10511,10486,Bangalore,Available
INV01880,P015,B202501880,Montelukast 10mg,Respiratory,2025-11-10,2028-11-09,5286,4394,7010,2670,Kolkata,Available
INV01881,P001,B202601881,Paracetamol 500mg,Analgesic,2025-02-08,2027-02-08,5778,11424,1082,16120,Delhi,Available
INV01882,P012,B202501882,Losartan 50mg,Cardiovascular,2026-05-25,2027-11-16,3805,2550,3603,2752,Delhi,Available
INV01883,P006,B202601883,Pantoprazole 40mg,Gastrointestinal,2026-03-15,2029-03-14,2154,11881,8333,5702,Bangalore,Available
INV01884,P004,B202501884,Metformin 500mg,Antidiabetic,2025-08-26,2026-08-26,3877,3800,6884,793,Delhi,Low Stock
INV01885,P007,B202601885,Ibuprofen 400mg,Analgesic,2026-04-13,2027-04-13,6171,13986,9713,10444,Hyderabad,Available
INV01886,P012,B202501886,Losartan 50mg,Cardiovascular,2026-04-06,2029-04-05,2168,19554,3287,18435,Mumbai,Available
INV01887,P004,B202601887,Metformin 500mg,Antidiabetic,2025-03-31,2026-09-22,1786,14923,7170,9539,Mumbai,Available
INV01888,P011,B202501888,Insulin Glargine,Antidiabetic,2025-12-29,2026-12-29,3321,17760,145,20936,Kolkata,Available
INV01889,P020,B202601889,Enoxaparin 40mg,Anticoagulant,2025-06-01,2026-11-23,2465,11653,2567,11551,Chennai,Available
INV01890,P008,B202501890,Amlodipine 5mg,Cardiovascular,2026-08-04,2029-08-03,4312,12323,292,16343,Bangalore,Available
INV01891,P011,B202601891,Insulin Glargine,Antidiabetic,2025-10-11,2027-04-04,1358,16958,4874,13442,Mumbai,Available
INV01892,P009,B202501892,Cetirizine 10mg,Antiallergic,2025-10-26,2027-10-26,7758,11440,1991,17207,Kolkata,Available
INV01893,P006,B202601893,Pantoprazole 40mg,Gastrointestinal,2025-01-10,2026-01-10,7853,8352,271,15934,Chennai,Available
INV01894,P007,B202501894,Ibuprofen 400mg,Analgesic,2026-08-10,2029-08-09,957,14118,7239,7836,Hyderabad,Available
INV01895,P007,B202601895,Ibuprofen 400mg,Analgesic,2025-10-22,2026-10-22,7358,6268,11249,2377,Chennai,Available
INV01896,P013,B202501896,Ciprofloxacin 500mg,Antibiotic,2025-03-13,2026-03-13,1886,10494,9375,3005,Bangalore,Available
INV01897,P015,B202601897,Montelukast 10mg,Respiratory,2025-01-29,2026-07-23,6186,16739,9323,13602,Delhi,Available
INV01898,P001,B202501898,Paracetamol 500mg,Analgesic,2025-06-26,2028-06-25,1271,14422,8447,7246,Chennai,Available
INV01899,P005,B202601899,Atorvastatin 20mg,Cardiovascular,2025-05-27,2026-05-27,4239,10955,1437,13757,Delhi,Available
INV01900,P005,B202501900,Atorvastatin 20mg,Cardiovascular,2025-12-04,2027-05-28,9570,7069,10456,6183,Hyderabad,Available
INV01901,P002,B202601901,Amoxicillin 500mg,Antibiotic,2025-04-24,2026-10-16,9064,4348,9407,4005,Chennai,Available
INV01902,P007,B202501902,Ibuprofen 400mg,Analgesic,2025-07-21,2028-07-20,7289,5539,10943,1885,Mumbai,Available
INV01903,P002,B202601903,Amoxicillin 500mg,Antibiotic,2026-05-04,2029-05-03,4707,14375,2815,16267,Kolkata,Available
INV01904,P008,B202501904,Amlodipine 5mg,Cardiovascular,2025-06-10,2027-06-10,3038,12792,8972,6858,Mumbai,Available
INV01905,P016,B202601905,Salbutamol Inhaler,Respiratory,2025-09-16,2028-09-15,3007,14390,6424,10973,Kolkata,Available
INV01906,P005,B202501906,Atorvastatin 20mg,Cardiovascular,2025-04-29,2028-04-28,9061,15200,5699,18562,Mumbai,Available
INV01907,P014,B202601907,Diclofenac 50mg,Analgesic,2026-03-25,2027-09-16,566,2397,1021,1942,Chennai,Available
INV01908,P009,B202501908,Cetirizine 10mg,Antiallergic,2026-01-07,2027-07-01,2891,15226,8682,9435,Kolkata,Available
INV01909,P017,B202601909,Levothyroxine 50mcg,Endocrine,2025-08-16,2027-08-16,3831,17584,7326,14089,Kolkata,Available
INV01910,P006,B202501910,Pantoprazole 40mg,Gastrointestinal,2025-01-09,2026-01-09,5548,19270,7525,17293,Chennai,Available
INV01911,P010,B202601911,Omeprazole 20mg,Gastrointestinal,2026-07-30,2029-07-29,2569,17382,213,19738,Delhi,Available
INV01912,P009,B202501912,Cetirizine 10mg,Antiallergic,2025-06-30,2028-06-29,6792,3628,1451,8969,Bangalore,Available
INV01913,P007,B202601913,Ibuprofen 400mg,Analgesic,2025-02-11,2026-08-05,7768,17600,9431,15937,Mumbai,Available
INV01914,P014,B202501914,Diclofenac 50mg,Analgesic,2026-07-21,2027-07-21,9094,14743,4637,19200,Mumbai,Available
INV01915,P009,B202601915,Cetirizine 10mg,Antiallergic,2025-04-05,2026-04-05,3303,1110,2212,2201,Mumbai,Available
INV01916,P007,B202501916,Ibuprofen 400mg,Analgesic,2025-04-16,2028-04-15,6946,10020,8672,8294,Mumbai,Available
INV01917,P005,B202601917,Atorvastatin 20mg,Cardiovascular,2026-02-08,2029-02-07,6680,11762,29,18413,Delhi,Available
INV01918,P013,B202501918,Ciprofloxacin 500mg,Antibiotic,2025-09-05,2026-09-05,9802,8129,3264,14667,Chennai,Available
INV01919,P010,B202601919,Omeprazole 20mg,Gastrointestinal,2025-12-01,2027-12-01,4002,3893,1321,6574,Kolkata,Available
INV01920,P011,B202501920,Insulin Glargine,Antidiabetic,2025-09-08,2027-03-02,7356,18346,9228,16474,Delhi,Available
INV01921,P010,B202601921,Omeprazole 20mg,Gastrointestinal,2026-06-04,2029-06-03,4207,19322,9930,13599,Kolkata,Available
INV01922,P002,B202501922,Amoxicillin 500mg,Antibiotic,2025-03-20,2026-09-11,7732,2485,846,9371,Bangalore,Available
INV01923,P004,B202601923,Metformin 500mg,Antidiabetic,2026-07-06,2028-07-05,7310,6558,7501,6367,Chennai,Available
INV01924,P011,B202501924,Insulin Glargine,Antidiabetic,2026-05-29,2028-05-28,3583,13135,11318,5400,Chennai,Available
INV01925,P010,B202601925,Omeprazole 20mg,Gastrointestinal,2025-12-25,2028-12-24,7612,10548,3372,14788,Kolkata,Available
INV01926,P020,B202501926,Enoxaparin 40mg,Anticoagulant,2025-02-12,2026-02-12,1593,8345,1589,8349,Kolkata,Available
INV01927,P019,B202601927,Vitamin D3 60000IU,Supplement,2025-04-19,2028-04-18,1842,15960,4385,13417,Bangalore,Available
INV01928,P009,B202501928,Cetirizine 10mg,Antiallergic,2026-05-09,2029-05-08,1650,16887,3519,15018,Mumbai,Available
INV01929,P003,B202601929,Azithromycin 500mg,Antibiotic,2026-08-07,2029-08-06,6602,14814,10484,10932,Bangalore,Available
INV01930,P005,B202501930,Atorvastatin 20mg,Cardiovascular,2025-01-23,2026-07-17,5194,1564,4471,2287,Bangalore,Available
INV01931,P016,B202601931,Salbutamol Inhaler,Respiratory,2026-02-28,2029-02-27,1623,17537,6574,12586,Kolkata,Available
INV01932,P014,B202501932,Diclofenac 50mg,Analgesic,2026-01-29,2027-01-29,7074,9526,10191,6409,Chennai,Available
INV01933,P002,B202601933,Amoxicillin 500mg,Antibiotic,2026-06-18,2027-06-18,3342,5119,8243,218,Bangalore,Low Stock
INV01934,P017,B202501934,Levothyroxine 50mcg,Endocrine,2025-05-14,2027-05-14,1358,8446,6109,3695,Chennai,Available
INV01935,P018,B202601935,Doxycycline 100mg,Antibiotic,2026-05-05,2028-05-04,3381,5963,9277,67,Delhi,Low Stock
INV01936,P019,B202501936,Vitamin D3 60000IU,Supplement,2025-09-18,2027-03-12,8345,14734,2409,20670,Delhi,Available
INV01937,P005,B202601937,Atorvastatin 20mg,Cardiovascular,2026-04-02,2027-04-02,8357,18652,278,26731,Delhi,Available
INV01938,P002,B202501938,Amoxicillin 500mg,Antibiotic,2025-08-05,2027-01-27,5437,18435,5539,18333,Mumbai,Available
INV01939,P002,B202601939,Amoxicillin 500mg,Antibiotic,2026-06-17,2027-12-09,4893,2753,2208,5438,Delhi,Available
INV01940,P019,B202501940,Vitamin D3 60000IU,Supplement,2025-07-17,2027-07-17,8819,7849,3538,13130,Bangalore,Available
INV01941,P019,B202601941,Vitamin D3 60000IU,Supplement,2025-03-08,2026-03-08,1823,14443,4378,11888,Chennai,Available
INV01942,P013,B202501942,Ciprofloxacin 500mg,Antibiotic,2025-01-10,2026-07-04,538,2245,1316,1467,Hyderabad,Available
INV01943,P002,B202601943,Amoxicillin 500mg,Antibiotic,2025-09-03,2027-02-25,9927,13570,4716,18781,Mumbai,Available
INV01944,P002,B202501944,Amoxicillin 500mg,Antibiotic,2025-08-20,2027-08-20,699,18474,6181,12992,Chennai,Available
INV01945,P006,B202601945,Pantoprazole 40mg,Gastrointestinal,2026-05-17,2027-11-08,9319,10921,7639,12601,Hyderabad,Available
INV01946,P020,B202501946,Enoxaparin 40mg,Anticoagulant,2025-04-26,2026-04-26,4678,16862,11055,10485,Kolkata,Available
INV01947,P012,B202601947,Losartan 50mg,Cardiovascular,2026-07-05,2027-12-27,5043,4434,7466,2011,Hyderabad,Available
INV01948,P004,B202501948,Metformin 500mg,Antidiabetic,2025-08-10,2027-08-10,3065,7814,3591,7288,Delhi,Available
INV01949,P015,B202601949,Montelukast 10mg,Respiratory,2026-02-10,2027-02-10,3797,13322,2595,14524,Bangalore,Available
INV01950,P007,B202501950,Ibuprofen 400mg,Analgesic,2026-02-12,2028-02-12,1733,13861,2333,13261,Chennai,Available
INV01951,P012,B202601951,Losartan 50mg,Cardiovascular,2025-03-17,2026-09-08,8276,9221,8258,9239,Chennai,Available
INV01952,P001,B202501952,Paracetamol 500mg,Analgesic,2026-07-13,2028-01-04,8038,9867,6924,10981,Mumbai,Available
INV01953,P018,B202601953,Doxycycline 100mg,Antibiotic,2025-03-12,2028-03-11,2469,17780,294,19955,Bangalore,Available
INV01954,P002,B202501954,Amoxicillin 500mg,Antibiotic,2025-11-25,2027-05-19,6180,16580,325,22435,Delhi,Available
INV01955,P015,B202601955,Montelukast 10mg,Respiratory,2025-09-12,2028-09-11,6791,1656,4574,3873,Mumbai,Available
INV01956,P003,B202501956,Azithromycin 500mg,Antibiotic,2026-07-25,2027-07-25,1292,5228,5367,1153,Delhi,Available
INV01957,P017,B202601957,Levothyroxine 50mcg,Endocrine,2025-10-04,2026-10-04,4182,4795,4997,3980,Hyderabad,Available
INV01958,P020,B202501958,Enoxaparin 40mg,Anticoagulant,2025-08-15,2027-02-06,9853,10884,2045,18692,Mumbai,Available
INV01959,P006,B202601959,Pantoprazole 40mg,Gastrointestinal,2026-03-06,2028-03-05,7438,18863,8749,17552,Mumbai,Available
INV01960,P005,B202501960,Atorvastatin 20mg,Cardiovascular,2025-11-14,2027-05-08,3474,16413,10913,8974,Mumbai,Available
INV01961,P014,B202601961,Diclofenac 50mg,Analgesic,2026-08-14,2027-08-14,3965,15019,5972,13012,Chennai,Available
INV01962,P010,B202501962,Omeprazole 20mg,Gastrointestinal,2025-02-08,2026-08-02,4343,17067,1768,19642,Bangalore,Available
INV01963,P003,B202601963,Azithromycin 500mg,Antibiotic,2025-12-07,2028-12-06,6377,16510,10215,12672,Delhi,Available
INV01964,P013,B202501964,Ciprofloxacin 500mg,Antibiotic,2025-05-26,2028-05-25,7985,17572,11805,13752,Mumbai,Available
INV01965,P003,B202601965,Azithromycin 500mg,Antibiotic,2026-05-31,2027-11-22,9606,14196,3086,20716,Mumbai,Available
INV01966,P013,B202501966,Ciprofloxacin 500mg,Antibiotic,2025-08-25,2027-02-16,2493,13342,422,15413,Bangalore,Available
INV01967,P001,B202601967,Paracetamol 500mg,Analgesic,2026-03-17,2027-03-17,4488,3305,4577,3216,Bangalore,Available
INV01968,P001,B202501968,Paracetamol 500mg,Analgesic,2025-09-04,2027-09-04,1541,10424,9696,2269,Delhi,Available
INV01969,P016,B202601969,Salbutamol Inhaler,Respiratory,2025-07-09,2028-07-08,1885,12501,5225,9161,Bangalore,Available
INV01970,P019,B202501970,Vitamin D3 60000IU,Supplement,2026-02-26,2027-02-26,997,13841,6541,8297,Bangalore,Available
INV01971,P020,B202601971,Enoxaparin 40mg,Anticoagulant,2026-03-07,2027-08-29,2765,6150,4025,4890,Bangalore,Available
INV01972,P008,B202501972,Amlodipine 5mg,Cardiovascular,2025-05-11,2026-05-11,1696,7566,3543,5719,Mumbai,Available
INV01973,P014,B202601973,Diclofenac 50mg,Analgesic,2025-11-10,2026-11-10,9738,14872,5640,18970,Bangalore,Available
INV01974,P019,B202501974,Vitamin D3 60000IU,Supplement,2026-03-23,2027-09-14,2036,3043,1472,3607,Hyderabad,Available
INV01975,P005,B202601975,Atorvastatin 20mg,Cardiovascular,2025-09-02,2026-09-02,3591,17550,10390,10751,Bangalore,Available
INV01976,P014,B202501976,Diclofenac 50mg,Analgesic,2026-08-18,2028-08-17,4208,10333,2559,11982,Mumbai,Available
INV01977,P019,B202601977,Vitamin D3 60000IU,Supplement,2026-01-03,2027-06-27,1683,18219,1950,17952,Chennai,Available
INV01978,P007,B202501978,Ibuprofen 400mg,Analgesic,2025-06-17,2026-06-17,4063,13865,5000,12928,Bangalore,Available
INV01979,P006,B202601979,Pantoprazole 40mg,Gastrointestinal,2025-04-07,2026-09-29,9075,19293,11971,16397,Bangalore,Available
INV01980,P010,B202501980,Omeprazole 20mg,Gastrointestinal,2025-01-28,2026-07-22,5979,15695,4037,17637,Bangalore,Available
INV01981,P010,B202601981,Omeprazole 20mg,Gastrointestinal,2025-09-14,2027-09-14,1448,12651,4811,9288,Chennai,Available
INV01982,P020,B202501982,Enoxaparin 40mg,Anticoagulant,2025-05-17,2028-05-16,1713,19716,5772,15657,Chennai,Available
INV01983,P016,B202601983,Salbutamol Inhaler,Respiratory,2025-12-31,2027-06-24,7665,10050,7909,9806,Delhi,Available
INV01984,P010,B202501984,Omeprazole 20mg,Gastrointestinal,2025-03-12,2026-09-03,9410,10883,7633,12660,Hyderabad,Available
INV01985,P015,B202601985,Montelukast 10mg,Respiratory,2025-10-20,2026-10-20,1888,8505,5876,4517,Hyderabad,Available
INV01986,P005,B202501986,Atorvastatin 20mg,Cardiovascular,2025-06-11,2026-12-03,7521,10482,5629,12374,Bangalore,Available
INV01987,P011,B202601987,Insulin Glargine,Antidiabetic,2026-08-01,2028-07-31,4746,6832,4079,7499,Bangalore,Available
INV01988,P001,B202501988,Paracetamol 500mg,Analgesic,2026-04-11,2029-04-10,9702,12891,11151,11442,Mumbai,Available
INV01989,P006,B202601989,Pantoprazole 40mg,Gastrointestinal,2025-05-28,2026-05-28,7579,1188,8289,478,Chennai,Low Stock
INV01990,P008,B202501990,Amlodipine 5mg,Cardiovascular,2026-02-26,2027-02-26,4598,3074,860,6812,Bangalore,Available
INV01991,P016,B202601991,Salbutamol Inhaler,Respiratory,2026-03-23,2029-03-22,9824,19331,11914,17241,Bangalore,Available
INV01992,P016,B202501992,Salbutamol Inhaler,Respiratory,2026-03-10,2027-03-10,1799,19577,10591,10785,Hyderabad,Available
INV01993,P002,B202601993,Amoxicillin 500mg,Antibiotic,2025-07-20,2026-07-20,7030,8223,588,14665,Kolkata,Available
INV01994,P017,B202501994,Levothyroxine 50mcg,Endocrine,2026-06-27,2029-06-26,634,15727,9451,6910,Chennai,Available
INV01995,P006,B202601995,Pantoprazole 40mg,Gastrointestinal,2025-08-23,2028-08-22,1126,13181,9512,4795,Chennai,Available
INV01996,P012,B202501996,Losartan 50mg,Cardiovascular,2026-04-06,2029-04-05,7776,3203,2685,8294,Hyderabad,Available
INV01997,P007,B202601997,Ibuprofen 400mg,Analgesic,2025-08-05,2026-08-05,6991,3094,7945,2140,Delhi,Available
INV01998,P020,B202501998,Enoxaparin 40mg,Anticoagulant,2025-01-04,2026-06-28,9035,10379,6731,12683,Bangalore,Available
INV01999,P016,B202601999,Salbutamol Inhaler,Respiratory,2025-06-01,2028-05-31,4053,4584,5129,3508,Mumbai,Available
INV02000,P010,B202502000,Omeprazole 20mg,Gastrointestinal,2026-07-24,2028-01-15,4278,12858,2045,15091,Chennai,Available
INV02001,P005,B202602001,Atorvastatin 20mg,Cardiovascular,2025-05-26,2026-05-26,3757,12072,8459,7370,Kolkata,Available
INV02002,P016,B202502002,Salbutamol Inhaler,Respiratory,2025-07-12,2028-07-11,2348,4977,2623,4702,Delhi,Available
INV02003,P005,B202602003,Atorvastatin 20mg,Cardiovascular,2026-06-25,2027-12-17,4223,12495,5159,11559,Mumbai,Available
INV02004,P020,B202502004,Enoxaparin 40mg,Anticoagulant,2025-09-19,2026-09-19,7438,14407,2627,19218,Kolkata,Available
INV02005,P008,B202602005,Amlodipine 5mg,Cardiovascular,2025-04-01,2026-04-01,7288,5104,5637,6755,Chennai,Available
INV02006,P018,B202502006,Doxycycline 100mg,Antibiotic,2025-10-21,2028-10-20,3375,17578,3004,17949,Bangalore,Available
INV02007,P015,B202602007,Montelukast 10mg,Respiratory,2026-03-31,2029-03-30,9255,2942,7456,4741,Chennai,Available
INV02008,P013,B202502008,Ciprofloxacin 500mg,Antibiotic,2025-01-12,2026-01-12,6870,17265,2150,21985,Bangalore,Available
INV02009,P009,B202602009,Cetirizine 10mg,Antiallergic,2025-07-08,2028-07-07,9296,11604,11397,9503,Hyderabad,Available
INV02010,P020,B202502010,Enoxaparin 40mg,Anticoagulant,2025-09-26,2027-03-20,980,4371,1040,4311,Mumbai,Available
INV02011,P004,B202602011,Metformin 500mg,Antidiabetic,2025-03-03,2027-03-03,8789,2329,6232,4886,Kolkata,Available
INV02012,P009,B202502012,Cetirizine 10mg,Antiallergic,2025-04-20,2026-04-20,9396,8699,1261,16834,Kolkata,Available
INV02013,P017,B202602013,Levothyroxine 50mcg,Endocrine,2026-02-27,2027-02-27,1283,5158,1030,5411,Delhi,Available
INV02014,P008,B202502014,Amlodipine 5mg,Cardiovascular,2026-04-05,2027-04-05,7416,18747,1567,24596,Delhi,Available
INV02015,P011,B202602015,Insulin Glargine,Antidiabetic,2025-02-26,2026-08-20,7987,17511,4421,21077,Bangalore,Available
INV02016,P005,B202502016,Atorvastatin 20mg,Cardiovascular,2026-05-22,2028-05-21,4590,1254,4574,1270,Mumbai,Available
INV02017,P011,B202602017,Insulin Glargine,Antidiabetic,2026-05-22,2028-05-21,9317,11632,4110,16839,Kolkata,Available
INV02018,P013,B202502018,Ciprofloxacin 500mg,Antibiotic,2026-04-02,2027-04-02,6875,11644,1262,17257,Hyderabad,Available
INV02019,P019,B202602019,Vitamin D3 60000IU,Supplement,2025-12-09,2028-12-08,2131,5139,6843,427,Mumbai,Low Stock
INV02020,P018,B202502020,Doxycycline 100mg,Antibiotic,2026-05-01,2027-10-23,9521,15757,1532,23746,Bangalore,Available
INV02021,P003,B202602021,Azithromycin 500mg,Antibiotic,2026-03-21,2027-03-21,3183,9254,1627,10810,Hyderabad,Available
INV02022,P014,B202502022,Diclofenac 50mg,Analgesic,2026-08-07,2028-01-29,7594,11073,5596,13071,Delhi,Available
INV02023,P020,B202602023,Enoxaparin 40mg,Anticoagulant,2025-02-05,2027-02-05,988,17626,7214,11400,Bangalore,Available
INV02024,P013,B202502024,Ciprofloxacin 500mg,Antibiotic,2025-09-19,2026-09-19,9794,8190,285,17699,Delhi,Available
INV02025,P008,B202602025,Amlodipine 5mg,Cardiovascular,2026-01-30,2027-01-30,8369,8980,5049,12300,Chennai,Available
INV02026,P011,B202502026,Insulin Glargine,Antidiabetic,2025-01-01,2027-01-01,6636,6929,2169,11396,Bangalore,Available
INV02027,P017,B202602027,Levothyroxine 50mcg,Endocrine,2025-01-03,2027-01-03,8444,7690,2402,13732,Chennai,Available
INV02028,P013,B202502028,Ciprofloxacin 500mg,Antibiotic,2025-01-09,2027-01-09,503,8593,2765,6331,Kolkata,Available
INV02029,P020,B202602029,Enoxaparin 40mg,Anticoagulant,2026-02-24,2028-02-24,716,2215,2277,654,Mumbai,Low Stock
INV02030,P011,B202502030,Insulin Glargine,Antidiabetic,2026-02-20,2027-08-14,6978,14811,2884,18905,Chennai,Available
INV02031,P004,B202602031,Metformin 500mg,Antidiabetic,2025-07-06,2028-07-05,9839,2228,7785,4282,Delhi,Available
INV02032,P013,B202502032,Ciprofloxacin 500mg,Antibiotic,2026-04-18,2027-04-18,7523,6307,1851,11979,Mumbai,Available
INV02033,P001,B202602033,Paracetamol 500mg,Analgesic,2026-01-14,2028-01-14,5371,1580,5304,1647,Bangalore,Available
INV02034,P006,B202502034,Pantoprazole 40mg,Gastrointestinal,2025-08-26,2027-08-26,4373,16516,11213,9676,Chennai,Available
INV02035,P001,B202602035,Paracetamol 500mg,Analgesic,2026-04-08,2027-04-08,8941,19595,1010,27526,Bangalore,Available
INV02036,P014,B202502036,Diclofenac 50mg,Analgesic,2025-03-27,2028-03-26,5633,11899,10324,7208,Hyderabad,Available
INV02037,P012,B202602037,Losartan 50mg,Cardiovascular,2026-08-23,2027-08-23,2159,3775,1991,3943,Bangalore,Available
INV02038,P004,B202502038,Metformin 500mg,Antidiabetic,2026-05-27,2027-11-18,3901,8959,11648,1212,Mumbai,Available
INV02039,P010,B202602039,Omeprazole 20mg,Gastrointestinal,2026-07-11,2027-07-11,5044,15217,6176,14085,Kolkata,Available
INV02040,P018,B202502040,Doxycycline 100mg,Antibiotic,2025-07-21,2028-07-20,2817,5554,8183,188,Bangalore,Low Stock
INV02041,P008,B202602041,Amlodipine 5mg,Cardiovascular,2026-01-13,2027-07-07,8526,5780,6634,7672,Bangalore,Available
INV02042,P005,B202502042,Atorvastatin 20mg,Cardiovascular,2025-04-15,2027-04-15,2425,13721,4147,11999,Delhi,Available
INV02043,P018,B202602043,Doxycycline 100mg,Antibiotic,2026-06-03,2027-06-03,7951,19158,8016,19093,Hyderabad,Available
INV02044,P014,B202502044,Diclofenac 50mg,Analgesic,2026-01-17,2028-01-17,4574,10978,7822,7730,Mumbai,Available
INV02045,P016,B202602045,Salbutamol Inhaler,Respiratory,2026-03-02,2027-08-24,6300,15374,5880,15794,Chennai,Available
INV02046,P003,B202502046,Azithromycin 500mg,Antibiotic,2025-08-20,2027-08-20,9004,13274,7964,14314,Mumbai,Available
INV02047,P015,B202602047,Montelukast 10mg,Respiratory,2025-08-02,2026-08-02,2844,12613,11543,3914,Mumbai,Available
INV02048,P018,B202502048,Doxycycline 100mg,Antibiotic,2026-04-12,2028-04-11,8141,8631,5313,11459,Chennai,Available
INV02049,P013,B202602049,Ciprofloxacin 500mg,Antibiotic,2025-11-13,2027-05-07,9771,2248,661,11358,Mumbai,Available
INV02050,P001,B202502050,Paracetamol 500mg,Analgesic,2025-07-24,2027-07-24,4349,4862,2622,6589,Delhi,Available
INV02051,P020,B202602051,Enoxaparin 40mg,Anticoagulant,2026-04-14,2028-04-13,1812,5610,3270,4152,Hyderabad,Available
INV02052,P014,B202502052,Diclofenac 50mg,Analgesic,2025-08-08,2028-08-07,3056,10431,8574,4913,Hyderabad,Available
INV02053,P016,B202602053,Salbutamol Inhaler,Respiratory,2025-12-18,2027-12-18,4818,18767,9263,14322,Hyderabad,Available
INV02054,P012,B202502054,Losartan 50mg,Cardiovascular,2026-06-26,2027-12-18,5596,15334,3279,17651,Delhi,Available
INV02055,P012,B202602055,Losartan 50mg,Cardiovascular,2025-04-17,2026-04-17,5849,4397,9717,529,Delhi,Low Stock
INV02056,P015,B202502056,Montelukast 10mg,Respiratory,2025-08-27,2027-02-18,5122,14507,4771,14858,Hyderabad,Available
INV02057,P003,B202602057,Azithromycin 500mg,Antibiotic,2025-11-22,2027-11-22,5503,5843,2807,8539,Mumbai,Available
INV02058,P007,B202502058,Ibuprofen 400mg,Analgesic,2025-05-03,2028-05-02,3632,5761,5698,3695,Chennai,Available
INV02059,P010,B202602059,Omeprazole 20mg,Gastrointestinal,2026-02-05,2027-02-05,5560,2265,1076,6749,Delhi,Available
INV02060,P005,B202502060,Atorvastatin 20mg,Cardiovascular,2025-01-22,2026-01-22,7842,12149,4581,15410,Kolkata,Available
INV02061,P008,B202602061,Amlodipine 5mg,Cardiovascular,2026-06-11,2027-12-03,739,3094,1049,2784,Hyderabad,Available
INV02062,P004,B202502062,Metformin 500mg,Antidiabetic,2025-08-19,2028-08-18,2404,5476,7843,37,Hyderabad,Low Stock
INV02063,P017,B202602063,Levothyroxine 50mcg,Endocrine,2026-01-08,2029-01-07,5784,12276,2710,15350,Delhi,Available
INV02064,P014,B202502064,Diclofenac 50mg,Analgesic,2026-08-16,2027-08-16,1989,1368,2654,703,Bangalore,Low Stock
INV02065,P019,B202602065,Vitamin D3 60000IU,Supplement,2025-08-07,2027-01-29,9763,14687,6567,17883,Kolkata,Available
INV02066,P016,B202502066,Salbutamol Inhaler,Respiratory,2026-01-18,2027-07-12,9868,14668,11348,13188,Kolkata,Available
INV02067,P011,B202602067,Insulin Glargine,Antidiabetic,2025-08-03,2028-08-02,9992,3317,7661,5648,Delhi,Available
INV02068,P015,B202502068,Montelukast 10mg,Respiratory,2026-08-09,2028-01-31,9770,13219,990,21999,Delhi,Available
INV02069,P003,B202602069,Azithromycin 500mg,Antibiotic,2026-07-28,2029-07-27,9095,12448,4760,16783,Mumbai,Available
INV02070,P019,B202502070,Vitamin D3 60000IU,Supplement,2025-04-01,2028-03-31,4509,12217,8004,8722,Bangalore,Available
INV02071,P003,B202602071,Azithromycin 500mg,Antibiotic,2025-04-07,2028-04-06,1230,12607,1296,12541,Chennai,Available
INV02072,P020,B202502072,Enoxaparin 40mg,Anticoagulant,2025-09-06,2026-09-06,4726,14126,8729,10123,Delhi,Available
INV02073,P012,B202602073,Losartan 50mg,Cardiovascular,2026-01-14,2027-01-14,2463,18687,6952,14198,Kolkata,Available
INV02074,P013,B202502074,Ciprofloxacin 500mg,Antibiotic,2025-10-01,2027-10-01,7071,4537,5364,6244,Chennai,Available
INV02075,P002,B202602075,Amoxicillin 500mg,Antibiotic,2025-02-13,2026-02-13,6116,5530,5081,6565,Bangalore,Available
INV02076,P006,B202502076,Pantoprazole 40mg,Gastrointestinal,2025-01-11,2028-01-11,4932,4342,4880,4394,Kolkata,Available
INV02077,P017,B202602077,Levothyroxine 50mcg,Endocrine,2026-06-15,2027-12-07,3925,7008,3336,7597,Kolkata,Available
INV02078,P003,B202502078,Azithromycin 500mg,Antibiotic,2026-05-26,2029-05-25,8519,12923,10268,11174,Bangalore,Available
INV02079,P017,B202602079,Levothyroxine 50mcg,Endocrine,2025-11-03,2028-11-02,1315,18671,6885,13101,Bangalore,Available
INV02080,P011,B202502080,Insulin Glargine,Antidiabetic,2025-01-23,2026-01-23,5551,16502,1298,20755,Hyderabad,Available
INV02081,P008,B202602081,Amlodipine 5mg,Cardiovascular,2025-11-21,2026-11-21,6571,10460,11548,5483,Hyderabad,Available
INV02082,P010,B202502082,Omeprazole 20mg,Gastrointestinal,2025-02-18,2028-02-18,8422,7742,5526,10638,Kolkata,Available
INV02083,P006,B202602083,Pantoprazole 40mg,Gastrointestinal,2025-05-22,2026-05-22,7221,5010,1063,11168,Bangalore,Available
INV02084,P020,B202502084,Enoxaparin 40mg,Anticoagulant,2026-06-08,2029-06-07,3134,9402,5889,6647,Delhi,Available
INV02085,P001,B202602085,Paracetamol 500mg,Analgesic,2025-12-25,2026-12-25,3113,6555,6521,3147,Kolkata,Available
INV02086,P014,B202502086,Diclofenac 50mg,Analgesic,2025-09-19,2027-09-19,5368,3807,8784,391,Kolkata,Low Stock
INV02087,P005,B202602087,Atorvastatin 20mg,Cardiovascular,2025-03-11,2026-03-11,6477,1559,828,7208,Delhi,Available
INV02088,P003,B202502088,Azithromycin 500mg,Antibiotic,2025-02-11,2026-02-11,7205,7904,3413,11696,Delhi,Available
INV02089,P004,B202602089,Metformin 500mg,Antidiabetic,2025-11-09,2027-05-03,6908,12855,8100,11663,Hyderabad,Available
INV02090,P003,B202502090,Azithromycin 500mg,Antibiotic,2025-11-17,2026-11-17,4816,12882,9852,7846,Delhi,Available
INV02091,P020,B202602091,Enoxaparin 40mg,Anticoagulant,2025-12-01,2027-05-25,2834,13790,9729,6895,Hyderabad,Available
INV02092,P002,B202502092,Amoxicillin 500mg,Antibiotic,2025-01-07,2027-01-07,6799,3287,227,9859,Delhi,Available
INV02093,P008,B202602093,Amlodipine 5mg,Cardiovascular,2025-09-08,2027-03-02,7322,15148,626,21844,Bangalore,Available
INV02094,P012,B202502094,Losartan 50mg,Cardiovascular,2025-12-28,2026-12-28,2002,13965,5456,10511,Bangalore,Available
INV02095,P013,B202602095,Ciprofloxacin 500mg,Antibiotic,2025-02-14,2026-02-14,7275,5225,762,11738,Kolkata,Available
INV02096,P005,B202502096,Atorvastatin 20mg,Cardiovascular,2025-11-05,2028-11-04,9905,16384,4076,22213,Kolkata,Available
INV02097,P001,B202602097,Paracetamol 500mg,Analgesic,2025-07-15,2026-07-15,5516,17941,9280,14177,Kolkata,Available
INV02098,P003,B202502098,Azithromycin 500mg,Antibiotic,2026-03-28,2028-03-27,4836,2852,803,6885,Kolkata,Available
INV02099,P006,B202602099,Pantoprazole 40mg,Gastrointestinal,2026-01-18,2029-01-17,5186,4988,4932,5242,Hyderabad,Available
INV02100,P004,B202502100,Metformin 500mg,Antidiabetic,2026-05-02,2027-10-24,7006,14816,6593,15229,Delhi,Available
INV02101,P004,B202602101,Metformin 500mg,Antidiabetic,2025-11-14,2028-11-13,2355,5408,5359,2404,Kolkata,Available
INV02102,P008,B202502102,Amlodipine 5mg,Cardiovascular,2026-05-12,2027-05-12,5912,18932,5299,19545,Delhi,Available
INV02103,P004,B202602103,Metformin 500mg,Antidiabetic,2025-11-13,2027-11-13,9824,4818,4397,10245,Delhi,Available
INV02104,P019,B202502104,Vitamin D3 60000IU,Supplement,2025-05-23,2027-05-23,8854,13029,5122,16761,Hyderabad,Available
INV02105,P006,B202602105,Pantoprazole 40mg,Gastrointestinal,2025-02-01,2026-02-01,4659,3669,84,8244,Chennai,Available
INV02106,P002,B202502106,Amoxicillin 500mg,Antibiotic,2025-03-26,2027-03-26,9258,14765,390,23633,Hyderabad,Available
INV02107,P015,B202602107,Montelukast 10mg,Respiratory,2026-03-16,2027-09-07,9523,17881,8918,18486,Chennai,Available
INV02108,P016,B202502108,Salbutamol Inhaler,Respiratory,2025-03-31,2027-03-31,9430,5270,175,14525,Mumbai,Available
INV02109,P006,B202602109,Pantoprazole 40mg,Gastrointestinal,2026-07-24,2028-01-15,6782,19657,9469,16970,Chennai,Available
INV02110,P020,B202502110,Enoxaparin 40mg,Anticoagulant,2026-02-18,2027-02-18,7405,7112,3971,10546,Delhi,Available
INV02111,P007,B202602111,Ibuprofen 400mg,Analgesic,2025-01-15,2028-01-15,5927,13730,9705,9952,Delhi,Available
INV02112,P013,B202502112,Ciprofloxacin 500mg,Antibiotic,2026-04-21,2027-10-13,8371,14758,2185,20944,Bangalore,Available
INV02113,P018,B202602113,Doxycycline 100mg,Antibiotic,2026-06-21,2029-06-20,1458,18017,10362,9113,Chennai,Available
INV02114,P010,B202502114,Omeprazole 20mg,Gastrointestinal,2025-11-02,2027-04-26,777,10513,2677,8613,Hyderabad,Available
INV02115,P002,B202602115,Amoxicillin 500mg,Antibiotic,2025-10-02,2026-10-02,8573,17901,9612,16862,Hyderabad,Available
INV02116,P004,B202502116,Metformin 500mg,Antidiabetic,2025-10-30,2027-10-30,695,17280,5263,12712,Chennai,Available
INV02117,P002,B202602117,Amoxicillin 500mg,Antibiotic,2025-09-13,2027-03-07,956,14442,11174,4224,Delhi,Available
INV02118,P008,B202502118,Amlodipine 5mg,Cardiovascular,2026-01-17,2027-07-11,3918,15431,7091,12258,Hyderabad,Available
INV02119,P009,B202602119,Cetirizine 10mg,Antiallergic,2026-05-16,2028-05-15,1222,17284,8889,9617,Hyderabad,Available
INV02120,P020,B202502120,Enoxaparin 40mg,Anticoagulant,2026-07-26,2029-07-25,4089,18553,9677,12965,Kolkata,Available
INV02121,P011,B202602121,Insulin Glargine,Antidiabetic,2025-06-17,2026-06-17,9684,10546,11135,9095,Delhi,Available
INV02122,P011,B202502122,Insulin Glargine,Antidiabetic,2025-02-13,2026-08-07,5784,3076,1435,7425,Delhi,Available
INV02123,P005,B202602123,Atorvastatin 20mg,Cardiovascular,2026-02-25,2027-08-19,4338,3230,3073,4495,Delhi,Available
INV02124,P012,B202502124,Losartan 50mg,Cardiovascular,2025-06-12,2026-06-12,9381,19200,10850,17731,Hyderabad,Available
INV02125,P013,B202602125,Ciprofloxacin 500mg,Antibiotic,2025-03-26,2028-03-25,552,9943,8993,1502,Chennai,Available
INV02126,P018,B202502126,Doxycycline 100mg,Antibiotic,2025-10-25,2026-10-25,574,3892,257,4209,Mumbai,Available
INV02127,P002,B202602127,Amoxicillin 500mg,Antibiotic,2025-04-22,2026-10-14,7491,13811,696,20606,Kolkata,Available
INV02128,P011,B202502128,Insulin Glargine,Antidiabetic,2025-07-29,2027-01-20,8560,9834,2950,15444,Mumbai,Available
INV02129,P002,B202602129,Amoxicillin 500mg,Antibiotic,2025-04-02,2026-09-24,2592,7636,662,9566,Delhi,Available
INV02130,P003,B202502130,Azithromycin 500mg,Antibiotic,2025-05-11,2028-05-10,556,6316,3437,3435,Hyderabad,Available
INV02131,P007,B202602131,Ibuprofen 400mg,Analgesic,2025-03-18,2026-09-09,7674,12170,11090,8754,Chennai,Available
INV02132,P016,B202502132,Salbutamol Inhaler,Respiratory,2025-09-17,2027-09-17,5993,16452,6013,16432,Mumbai,Available
INV02133,P002,B202602133,Amoxicillin 500mg,Antibiotic,2026-05-31,2027-11-22,8086,13885,20,21951,Delhi,Available
INV02134,P010,B202502134,Omeprazole 20mg,Gastrointestinal,2025-05-24,2026-11-15,6561,2638,5578,3621,Kolkata,Available
INV02135,P002,B202602135,Amoxicillin 500mg,Antibiotic,2025-01-05,2026-01-05,7437,17108,11859,12686,Bangalore,Available
INV02136,P010,B202502136,Omeprazole 20mg,Gastrointestinal,2025-01-29,2026-07-23,3425,12511,10908,5028,Chennai,Available
INV02137,P002,B202602137,Amoxicillin 500mg,Antibiotic,2025-05-25,2026-11-16,2881,7711,6431,4161,Chennai,Available
INV02138,P019,B202502138,Vitamin D3 60000IU,Supplement,2026-02-26,2027-08-20,2249,8158,8322,2085,Kolkata,Available
INV02139,P008,B202602139,Amlodipine 5mg,Cardiovascular,2025-04-16,2026-04-16,1231,13101,7077,7255,Delhi,Available
INV02140,P001,B202502140,Paracetamol 500mg,Analgesic,2025-09-20,2026-09-20,3697,12822,3308,13211,Delhi,Available
INV02141,P006,B202602141,Pantoprazole 40mg,Gastrointestinal,2025-11-03,2027-04-27,4145,3394,4344,3195,Kolkata,Available
INV02142,P013,B202502142,Ciprofloxacin 500mg,Antibiotic,2026-03-24,2029-03-23,863,16063,2909,14017,Delhi,Available
INV02143,P020,B202602143,Enoxaparin 40mg,Anticoagulant,2026-06-21,2027-12-13,8462,12754,1599,19617,Hyderabad,Available
INV02144,P020,B202502144,Enoxaparin 40mg,Anticoagulant,2026-07-04,2029-07-03,4150,7097,9065,2182,Bangalore,Available
INV02145,P018,B202602145,Doxycycline 100mg,Antibiotic,2025-12-29,2027-12-29,4665,19607,8995,15277,Bangalore,Available
INV02146,P011,B202502146,Insulin Glargine,Antidiabetic,2026-05-31,2027-05-31,7501,5649,6078,7072,Kolkata,Available
INV02147,P010,B202602147,Omeprazole 20mg,Gastrointestinal,2025-01-23,2026-01-23,7499,18688,3503,22684,Kolkata,Available
INV02148,P010,B202502148,Omeprazole 20mg,Gastrointestinal,2025-02-05,2027-02-05,9751,5751,11528,3974,Delhi,Available
INV02149,P008,B202602149,Amlodipine 5mg,Cardiovascular,2026-02-21,2027-08-15,1308,17545,4487,14366,Delhi,Available
INV02150,P015,B202502150,Montelukast 10mg,Respiratory,2025-02-19,2027-02-19,3970,11348,5485,9833,Chennai,Available
INV02151,P004,B202602151,Metformin 500mg,Antidiabetic,2025-03-06,2026-08-28,1623,5612,4757,2478,Chennai,Available
INV02152,P014,B202502152,Diclofenac 50mg,Analgesic,2025-07-10,2028-07-09,4358,4439,6653,2144,Delhi,Available
INV02153,P008,B202602153,Amlodipine 5mg,Cardiovascular,2026-02-01,2028-02-01,2625,3228,3026,2827,Bangalore,Available
INV02154,P013,B202502154,Ciprofloxacin 500mg,Antibiotic,2025-09-21,2026-09-21,6187,8136,4661,9662,Hyderabad,Available
INV02155,P014,B202602155,Diclofenac 50mg,Analgesic,2026-06-26,2028-06-25,2749,16835,1450,18134,Hyderabad,Available
INV02156,P001,B202502156,Paracetamol 500mg,Analgesic,2026-05-25,2027-05-25,5689,4640,2192,8137,Delhi,Available
INV02157,P017,B202602157,Levothyroxine 50mcg,Endocrine,2025-01-11,2026-01-11,3224,18928,698,21454,Hyderabad,Available
INV02158,P009,B202502158,Cetirizine 10mg,Antiallergic,2025-07-15,2026-07-15,5632,12543,2124,16051,Chennai,Available
INV02159,P002,B202602159,Amoxicillin 500mg,Antibiotic,2026-03-15,2027-09-06,2631,4731,6394,968,Delhi,Low Stock
INV02160,P014,B202502160,Diclofenac 50mg,Analgesic,2025-05-03,2026-05-03,862,9375,3342,6895,Chennai,Available
INV02161,P016,B202602161,Salbutamol Inhaler,Respiratory,2025-07-06,2026-12-28,4125,13827,7555,10397,Delhi,Available
INV02162,P002,B202502162,Amoxicillin 500mg,Antibiotic,2025-07-22,2028-07-21,3747,4315,1609,6453,Bangalore,Available
INV02163,P016,B202602163,Salbutamol Inhaler,Respiratory,2025-01-04,2027-01-04,4296,2799,6274,821,Chennai,Low Stock
INV02164,P017,B202502164,Levothyroxine 50mcg,Endocrine,2026-07-16,2029-07-15,7156,11142,8364,9934,Mumbai,Available
INV02165,P004,B202602165,Metformin 500mg,Antidiabetic,2025-08-20,2027-02-11,941,17102,10915,7128,Mumbai,Available
INV02166,P010,B202502166,Omeprazole 20mg,Gastrointestinal,2026-05-20,2027-11-11,7038,10788,3253,14573,Chennai,Available
INV02167,P004,B202602167,Metformin 500mg,Antidiabetic,2025-05-15,2027-05-15,7244,19135,8529,17850,Bangalore,Available
INV02168,P017,B202502168,Levothyroxine 50mcg,Endocrine,2025-09-06,2026-09-06,6001,4237,4259,5979,Mumbai,Available
INV02169,P002,B202602169,Amoxicillin 500mg,Antibiotic,2026-05-26,2028-05-25,9669,9832,7139,12362,Chennai,Available
INV02170,P005,B202502170,Atorvastatin 20mg,Cardiovascular,2026-06-30,2027-06-30,9962,13150,6225,16887,Hyderabad,Available
INV02171,P012,B202602171,Losartan 50mg,Cardiovascular,2025-11-28,2028-11-27,8431,10175,4678,13928,Mumbai,Available
INV02172,P008,B202502172,Amlodipine 5mg,Cardiovascular,2025-01-09,2026-01-09,7639,5827,4935,8531,Chennai,Available
INV02173,P013,B202602173,Ciprofloxacin 500mg,Antibiotic,2025-08-05,2028-08-04,2003,9980,1267,10716,Delhi,Available
INV02174,P002,B202502174,Amoxicillin 500mg,Antibiotic,2026-07-19,2028-07-18,2832,12640,4200,11272,Delhi,Available
INV02175,P004,B202602175,Metformin 500mg,Antidiabetic,2025-10-28,2026-10-28,1954,12096,6007,8043,Hyderabad,Available
INV02176,P002,B202502176,Amoxicillin 500mg,Antibiotic,2025-09-12,2028-09-11,7227,2102,8750,579,Mumbai,Low Stock
INV02177,P012,B202602177,Losartan 50mg,Cardiovascular,2025-01-01,2026-06-25,7969,7283,1994,13258,Bangalore,Available
INV02178,P019,B202502178,Vitamin D3 60000IU,Supplement,2026-05-03,2027-05-03,9290,16595,4319,21566,Delhi,Available
INV02179,P006,B202602179,Pantoprazole 40mg,Gastrointestinal,2025-05-30,2027-05-30,2423,7748,3638,6533,Bangalore,Available
INV02180,P017,B202502180,Levothyroxine 50mcg,Endocrine,2026-02-09,2029-02-08,5477,4330,2741,7066,Mumbai,Available
INV02181,P019,B202602181,Vitamin D3 60000IU,Supplement,2025-05-23,2027-05-23,1665,19164,7758,13071,Mumbai,Available
INV02182,P007,B202502182,Ibuprofen 400mg,Analgesic,2025-08-01,2026-08-01,6198,17454,2894,20758,Chennai,Available
INV02183,P012,B202602183,Losartan 50mg,Cardiovascular,2026-04-10,2029-04-09,872,1403,2082,193,Bangalore,Low Stock
INV02184,P012,B202502184,Losartan 50mg,Cardiovascular,2026-03-28,2028-03-27,558,1201,1178,581,Kolkata,Low Stock
INV02185,P007,B202602185,Ibuprofen 400mg,Analgesic,2025-11-23,2028-11-22,8339,11270,7866,11743,Kolkata,Available
INV02186,P016,B202502186,Salbutamol Inhaler,Respiratory,2025-09-07,2027-09-07,3625,18499,1122,21002,Hyderabad,Available
INV02187,P007,B202602187,Ibuprofen 400mg,Analgesic,2025-05-02,2027-05-02,7269,17919,6017,19171,Delhi,Available
INV02188,P012,B202502188,Losartan 50mg,Cardiovascular,2025-01-03,2027-01-03,720,11401,11998,123,Chennai,Low Stock
INV02189,P011,B202602189,Insulin Glargine,Antidiabetic,2025-07-11,2028-07-10,8661,7992,1292,15361,Delhi,Available
INV02190,P013,B202502190,Ciprofloxacin 500mg,Antibiotic,2026-07-15,2029-07-14,2676,5801,8452,25,Hyderabad,Low Stock
INV02191,P010,B202602191,Omeprazole 20mg,Gastrointestinal,2025-07-03,2026-12-25,5861,6556,4954,7463,Mumbai,Available
INV02192,P003,B202502192,Azithromycin 500mg,Antibiotic,2026-04-18,2029-04-17,5174,4889,6471,3592,Delhi,Available
INV02193,P012,B202602193,Losartan 50mg,Cardiovascular,2025-12-23,2027-12-23,887,2888,361,3414,Bangalore,Available
INV02194,P020,B202502194,Enoxaparin 40mg,Anticoagulant,2026-03-15,2028-03-14,7139,1637,1872,6904,Chennai,Available
INV02195,P010,B202602195,Omeprazole 20mg,Gastrointestinal,2025-11-02,2028-11-01,1214,16175,8169,9220,Mumbai,Available
INV02196,P010,B202502196,Omeprazole 20mg,Gastrointestinal,2025-02-14,2026-02-14,2840,17677,1352,19165,Hyderabad,Available
INV02197,P003,B202602197,Azithromycin 500mg,Antibiotic,2025-06-20,2026-06-20,3091,14751,9210,8632,Mumbai,Available
INV02198,P015,B202502198,Montelukast 10mg,Respiratory,2026-01-07,2029-01-06,8144,5357,7064,6437,Chennai,Available
INV02199,P007,B202602199,Ibuprofen 400mg,Analgesic,2025-12-10,2027-06-03,3432,4787,291,7928,Chennai,Available
INV02200,P017,B202502200,Levothyroxine 50mcg,Endocrine,2026-01-27,2027-01-27,678,13003,2399,11282,Delhi,Available
INV02201,P020,B202602201,Enoxaparin 40mg,Anticoagulant,2025-01-03,2027-01-03,9947,7352,9772,7527,Chennai,Available
INV02202,P010,B202502202,Omeprazole 20mg,Gastrointestinal,2025-07-04,2027-07-04,6385,10055,2312,14128,Chennai,Available
INV02203,P005,B202602203,Atorvastatin 20mg,Cardiovascular,2025-03-22,2026-03-22,4740,3281,2691,5330,Hyderabad,Available
INV02204,P010,B202502204,Omeprazole 20mg,Gastrointestinal,2026-04-12,2027-10-04,5793,3718,1075,8436,Kolkata,Available
INV02205,P013,B202602205,Ciprofloxacin 500mg,Antibiotic,2025-01-10,2027-01-10,595,2466,1143,1918,Delhi,Available
INV02206,P013,B202502206,Ciprofloxacin 500mg,Antibiotic,2026-04-20,2027-04-20,2321,11131,10425,3027,Chennai,Available
INV02207,P014,B202602207,Diclofenac 50mg,Analgesic,2025-02-26,2028-02-26,9852,12064,4040,17876,Delhi,Available
INV02208,P013,B202502208,Ciprofloxacin 500mg,Antibiotic,2026-07-12,2027-07-12,5395,14480,4188,15687,Kolkata,Available
INV02209,P002,B202602209,Amoxicillin 500mg,Antibiotic,2025-03-05,2028-03-04,1695,8951,2992,7654,Chennai,Available
INV02210,P001,B202502210,Paracetamol 500mg,Analgesic,2025-08-03,2028-08-02,4004,12369,11857,4516,Delhi,Available
INV02211,P016,B202602211,Salbutamol Inhaler,Respiratory,2026-07-30,2028-07-29,8405,10657,9771,9291,Delhi,Available
INV02212,P007,B202502212,Ibuprofen 400mg,Analgesic,2025-12-01,2027-05-25,4272,6543,5311,5504,Mumbai,Available
INV02213,P013,B202602213,Ciprofloxacin 500mg,Antibiotic,2025-08-10,2027-02-01,1830,8345,3622,6553,Kolkata,Available
INV02214,P009,B202502214,Cetirizine 10mg,Antiallergic,2025-01-13,2026-07-07,7430,4141,1886,9685,Mumbai,Available
INV02215,P008,B202602215,Amlodipine 5mg,Cardiovascular,2025-10-16,2026-10-16,7347,5065,8535,3877,Delhi,Available
INV02216,P005,B202502216,Atorvastatin 20mg,Cardiovascular,2025-10-09,2026-10-09,7167,6772,4602,9337,Bangalore,Available
INV02217,P008,B202602217,Amlodipine 5mg,Cardiovascular,2025-08-26,2026-08-26,9804,6316,2173,13947,Delhi,Available
INV02218,P007,B202502218,Ibuprofen 400mg,Analgesic,2025-09-30,2027-09-30,1243,10674,258,11659,Bangalore,Available
INV02219,P002,B202602219,Amoxicillin 500mg,Antibiotic,2025-04-08,2026-09-30,9385,18218,1238,26365,Kolkata,Available
INV02220,P013,B202502220,Ciprofloxacin 500mg,Antibiotic,2025-11-29,2028-11-28,5102,6043,5903,5242,Chennai,Available
INV02221,P014,B202602221,Diclofenac 50mg,Analgesic,2025-04-12,2028-04-11,3205,16580,3742,16043,Bangalore,Available
INV02222,P020,B202502222,Enoxaparin 40mg,Anticoagulant,2025-12-20,2026-12-20,503,3455,672,3286,Kolkata,Available
INV02223,P004,B202602223,Metformin 500mg,Antidiabetic,2025-04-08,2028-04-07,8854,4970,7806,6018,Delhi,Available
INV02224,P012,B202502224,Losartan 50mg,Cardiovascular,2025-07-06,2028-07-05,8870,14794,10838,12826,Bangalore,Available
INV02225,P014,B202602225,Diclofenac 50mg,Analgesic,2026-08-23,2028-08-22,9448,7619,10760,6307,Kolkata,Available
INV02226,P013,B202502226,Ciprofloxacin 500mg,Antibiotic,2026-02-27,2028-02-27,3511,11189,11550,3150,Bangalore,Available
INV02227,P005,B202602227,Atorvastatin 20mg,Cardiovascular,2025-10-27,2027-04-20,6426,7850,7905,6371,Bangalore,Available
INV02228,P007,B202502228,Ibuprofen 400mg,Analgesic,2026-02-20,2027-08-14,7280,13090,3942,16428,Mumbai,Available
INV02229,P020,B202602229,Enoxaparin 40mg,Anticoagulant,2026-08-01,2027-08-01,7202,10329,15,17516,Delhi,Available
INV02230,P001,B202502230,Paracetamol 500mg,Analgesic,2025-07-11,2027-07-11,8221,8840,9705,7356,Kolkata,Available
INV02231,P009,B202602231,Cetirizine 10mg,Antiallergic,2025-04-14,2027-04-14,631,17972,4657,13946,Chennai,Available
INV02232,P015,B202502232,Montelukast 10mg,Respiratory,2025-10-11,2028-10-10,8065,17790,1126,24729,Mumbai,Available
INV02233,P020,B202602233,Enoxaparin 40mg,Anticoagulant,2026-05-03,2027-10-25,1168,6362,4309,3221,Delhi,Available
INV02234,P019,B202502234,Vitamin D3 60000IU,Supplement,2025-02-25,2026-08-19,3085,19242,1993,20334,Hyderabad,Available
INV02235,P006,B202602235,Pantoprazole 40mg,Gastrointestinal,2025-03-05,2027-03-05,5485,11596,10887,6194,Mumbai,Available
INV02236,P007,B202502236,Ibuprofen 400mg,Analgesic,2025-08-14,2028-08-13,5520,4214,6715,3019,Chennai,Available
INV02237,P005,B202602237,Atorvastatin 20mg,Cardiovascular,2025-12-01,2027-12-01,2162,1173,2395,940,Delhi,Low Stock
INV02238,P015,B202502238,Montelukast 10mg,Respiratory,2025-08-15,2027-08-15,9826,5284,7834,7276,Bangalore,Available
INV02239,P002,B202602239,Amoxicillin 500mg,Antibiotic,2026-07-29,2027-07-29,6730,10770,9711,7789,Delhi,Available
INV02240,P014,B202502240,Diclofenac 50mg,Analgesic,2026-06-21,2029-06-20,7358,4087,1939,9506,Mumbai,Available
INV02241,P014,B202602241,Diclofenac 50mg,Analgesic,2026-02-05,2029-02-04,1482,4295,866,4911,Delhi,Available
INV02242,P013,B202502242,Ciprofloxacin 500mg,Antibiotic,2025-03-11,2028-03-10,3383,13548,9020,7911,Bangalore,Available
INV02243,P018,B202602243,Doxycycline 100mg,Antibiotic,2026-08-06,2029-08-05,1825,8460,2392,7893,Mumbai,Available
INV02244,P020,B202502244,Enoxaparin 40mg,Anticoagulant,2026-04-03,2029-04-02,4508,18795,11041,12262,Chennai,Available
INV02245,P017,B202602245,Levothyroxine 50mcg,Endocrine,2026-01-27,2027-01-27,3203,15607,3922,14888,Hyderabad,Available
INV02246,P019,B202502246,Vitamin D3 60000IU,Supplement,2025-10-21,2028-10-20,3199,7830,3786,7243,Mumbai,Available
INV02247,P009,B202602247,Cetirizine 10mg,Antiallergic,2025-06-28,2028-06-27,3598,9389,10328,2659,Mumbai,Available
INV02248,P001,B202502248,Paracetamol 500mg,Analgesic,2025-01-01,2026-06-25,6661,18914,1569,24006,Delhi,Available
INV02249,P006,B202602249,Pantoprazole 40mg,Gastrointestinal,2025-09-28,2027-03-22,3467,1346,355,4458,Delhi,Available
INV02250,P005,B202502250,Atorvastatin 20mg,Cardiovascular,2025-07-16,2026-07-16,971,3407,1652,2726,Bangalore,Available
INV02251,P005,B202602251,Atorvastatin 20mg,Cardiovascular,2025-07-01,2026-12-23,604,3230,3643,191,Chennai,Low Stock
INV02252,P003,B202502252,Azithromycin 500mg,Antibiotic,2025-06-20,2026-12-12,9104,17711,9245,17570,Bangalore,Available
INV02253,P010,B202602253,Omeprazole 20mg,Gastrointestinal,2025-10-18,2027-10-18,8526,7098,6684,8940,Hyderabad,Available
INV02254,P005,B202502254,Atorvastatin 20mg,Cardiovascular,2025-07-07,2027-07-07,4659,13946,8294,10311,Mumbai,Available
INV02255,P020,B202602255,Enoxaparin 40mg,Anticoagulant,2025-01-28,2028-01-28,574,8265,7296,1543,Chennai,Available
INV02256,P007,B202502256,Ibuprofen 400mg,Analgesic,2026-06-16,2027-06-16,6872,10852,2486,15238,Kolkata,Available
INV02257,P016,B202602257,Salbutamol Inhaler,Respiratory,2025-01-06,2026-01-06,1033,8893,4140,5786,Chennai,Available
INV02258,P014,B202502258,Diclofenac 50mg,Analgesic,2025-01-10,2026-07-04,7956,18054,3506,22504,Bangalore,Available
INV02259,P004,B202602259,Metformin 500mg,Antidiabetic,2025-07-24,2027-01-15,3838,2720,2230,4328,Hyderabad,Available
INV02260,P010,B202502260,Omeprazole 20mg,Gastrointestinal,2025-02-17,2028-02-17,4462,7040,10427,1075,Chennai,Available
INV02261,P003,B202602261,Azithromycin 500mg,Antibiotic,2025-03-29,2026-03-29,5827,7740,4501,9066,Delhi,Available
INV02262,P011,B202502262,Insulin Glargine,Antidiabetic,2025-01-01,2026-01-01,7997,19116,10046,17067,Kolkata,Available
INV02263,P010,B202602263,Omeprazole 20mg,Gastrointestinal,2026-05-11,2029-05-10,8982,3838,1760,11060,Mumbai,Available
INV02264,P011,B202502264,Insulin Glargine,Antidiabetic,2026-07-29,2028-01-20,8400,17861,11583,14678,Hyderabad,Available
INV02265,P005,B202602265,Atorvastatin 20mg,Cardiovascular,2025-05-12,2027-05-12,7024,8735,1066,14693,Delhi,Available
INV02266,P015,B202502266,Montelukast 10mg,Respiratory,2025-10-12,2027-04-05,6126,13558,7095,12589,Kolkata,Available
INV02267,P007,B202602267,Ibuprofen 400mg,Analgesic,2026-01-01,2028-12-31,2520,6350,436,8434,Mumbai,Available
INV02268,P001,B202502268,Paracetamol 500mg,Analgesic,2026-03-24,2027-03-24,7078,12017,11855,7240,Mumbai,Available
INV02269,P007,B202602269,Ibuprofen 400mg,Analgesic,2025-05-26,2027-05-26,2583,3154,5442,295,Chennai,Low Stock
INV02270,P003,B202502270,Azithromycin 500mg,Antibiotic,2026-01-06,2027-06-30,2210,9958,9452,2716,Bangalore,Available
INV02271,P008,B202602271,Amlodipine 5mg,Cardiovascular,2026-07-07,2027-12-29,1441,9143,7223,3361,Kolkata,Available
INV02272,P013,B202502272,Ciprofloxacin 500mg,Antibiotic,2025-01-31,2028-01-31,7911,13377,10759,10529,Chennai,Available
INV02273,P005,B202602273,Atorvastatin 20mg,Cardiovascular,2025-09-10,2027-09-10,5143,13137,8420,9860,Bangalore,Available
INV02274,P012,B202502274,Losartan 50mg,Cardiovascular,2025-01-24,2027-01-24,4511,4905,9330,86,Hyderabad,Low Stock
INV02275,P002,B202602275,Amoxicillin 500mg,Antibiotic,2025-08-04,2028-08-03,588,10364,4571,6381,Kolkata,Available
INV02276,P001,B202502276,Paracetamol 500mg,Analgesic,2025-01-11,2027-01-11,2204,14377,3337,13244,Delhi,Available
INV02277,P001,B202602277,Paracetamol 500mg,Analgesic,2026-02-21,2028-02-21,500,6050,389,6161,Bangalore,Available
INV02278,P014,B202502278,Diclofenac 50mg,Analgesic,2025-09-14,2028-09-13,2949,14637,7382,10204,Delhi,Available
INV02279,P017,B202602279,Levothyroxine 50mcg,Endocrine,2026-03-01,2028-02-29,7526,9493,8693,8326,Kolkata,Available
INV02280,P015,B202502280,Montelukast 10mg,Respiratory,2025-12-31,2026-12-31,4648,2202,711,6139,Mumbai,Available
INV02281,P010,B202602281,Omeprazole 20mg,Gastrointestinal,2025-11-13,2028-11-12,7745,9035,4016,12764,Chennai,Available
INV02282,P006,B202502282,Pantoprazole 40mg,Gastrointestinal,2026-06-15,2029-06-14,6984,5737,7461,5260,Chennai,Available
INV02283,P002,B202602283,Amoxicillin 500mg,Antibiotic,2025-04-17,2027-04-17,3915,14483,4813,13585,Kolkata,Available
INV02284,P006,B202502284,Pantoprazole 40mg,Gastrointestinal,2025-08-05,2026-08-05,2851,5474,6350,1975,Mumbai,Available
INV02285,P005,B202602285,Atorvastatin 20mg,Cardiovascular,2025-07-08,2027-07-08,7963,19599,568,26994,Kolkata,Available
INV02286,P008,B202502286,Amlodipine 5mg,Cardiovascular,2026-04-30,2027-04-30,6448,18683,469,24662,Chennai,Available
INV02287,P003,B202602287,Azithromycin 500mg,Antibiotic,2026-08-13,2028-08-12,9147,18056,3790,23413,Mumbai,Available
INV02288,P014,B202502288,Diclofenac 50mg,Analgesic,2025-04-15,2026-10-07,1441,17876,2974,16343,Mumbai,Available
INV02289,P010,B202602289,Omeprazole 20mg,Gastrointestinal,2025-08-14,2028-08-13,9184,11885,10041,11028,Bangalore,Available
INV02290,P020,B202502290,Enoxaparin 40mg,Anticoagulant,2025-03-11,2026-03-11,711,5623,5303,1031,Hyderabad,Available
INV02291,P016,B202602291,Salbutamol Inhaler,Respiratory,2025-09-12,2026-09-12,4995,5414,3034,7375,Delhi,Available
INV02292,P016,B202502292,Salbutamol Inhaler,Respiratory,2025-12-19,2026-12-19,7316,14234,2845,18705,Kolkata,Available
INV02293,P017,B202602293,Levothyroxine 50mcg,Endocrine,2025-12-29,2027-06-22,3864,9349,2254,10959,Hyderabad,Available
INV02294,P003,B202502294,Azithromycin 500mg,Antibiotic,2025-04-03,2027-04-03,1719,9913,4993,6639,Bangalore,Available
INV02295,P017,B202602295,Levothyroxine 50mcg,Endocrine,2026-08-14,2028-08-13,6878,5421,10131,2168,Chennai,Available
INV02296,P009,B202502296,Cetirizine 10mg,Antiallergic,2026-02-28,2029-02-27,6227,4791,3641,7377,Hyderabad,Available
INV02297,P007,B202602297,Ibuprofen 400mg,Analgesic,2026-06-19,2027-06-19,8972,6417,5988,9401,Delhi,Available
INV02298,P003,B202502298,Azithromycin 500mg,Antibiotic,2025-04-21,2026-10-13,1069,15329,6555,9843,Kolkata,Available
INV02299,P018,B202602299,Doxycycline 100mg,Antibiotic,2025-07-28,2028-07-27,1081,9164,6821,3424,Mumbai,Available
INV02300,P015,B202502300,Montelukast 10mg,Respiratory,2026-05-31,2027-11-22,3107,12079,10422,4764,Kolkata,Available
INV02301,P017,B202602301,Levothyroxine 50mcg,Endocrine,2025-05-27,2026-05-27,5943,8641,7332,7252,Kolkata,Available
INV02302,P011,B202502302,Insulin Glargine,Antidiabetic,2025-08-02,2028-08-01,4672,12495,1623,15544,Delhi,Available
INV02303,P009,B202602303,Cetirizine 10mg,Antiallergic,2025-03-15,2026-03-15,7181,4431,1534,10078,Bangalore,Available
INV02304,P001,B202502304,Paracetamol 500mg,Analgesic,2025-09-18,2027-03-12,6431,11877,6442,11866,Kolkata,Available
INV02305,P005,B202602305,Atorvastatin 20mg,Cardiovascular,2026-03-04,2027-03-04,8562,7891,4157,12296,Bangalore,Available
INV02306,P011,B202502306,Insulin Glargine,Antidiabetic,2025-08-28,2028-08-27,2191,8930,10011,1110,Chennai,Available
INV02307,P016,B202602307,Salbutamol Inhaler,Respiratory,2025-11-12,2028-11-11,2627,16383,6965,12045,Mumbai,Available
INV02308,P005,B202502308,Atorvastatin 20mg,Cardiovascular,2025-11-09,2026-11-09,7290,5482,4671,8101,Hyderabad,Available
INV02309,P010,B202602309,Omeprazole 20mg,Gastrointestinal,2025-08-11,2026-08-11,8942,15429,4654,19717,Bangalore,Available
INV02310,P017,B202502310,Levothyroxine 50mcg,Endocrine,2026-02-23,2028-02-23,6244,1144,3501,3887,Hyderabad,Available
INV02311,P014,B202602311,Diclofenac 50mg,Analgesic,2026-07-13,2028-07-12,6240,13682,11155,8767,Bangalore,Available
INV02312,P007,B202502312,Ibuprofen 400mg,Analgesic,2025-06-11,2027-06-11,4755,15669,5669,14755,Kolkata,Available
INV02313,P016,B202602313,Salbutamol Inhaler,Respiratory,2025-01-11,2028-01-11,9547,1824,4453,6918,Kolkata,Available
INV02314,P017,B202502314,Levothyroxine 50mcg,Endocrine,2025-10-08,2027-10-08,781,11728,7996,4513,Mumbai,Available
INV02315,P007,B202602315,Ibuprofen 400mg,Analgesic,2026-05-13,2027-11-04,3008,8121,5478,5651,Hyderabad,Available
INV02316,P012,B202502316,Losartan 50mg,Cardiovascular,2026-06-01,2028-05-31,2697,9961,6524,6134,Chennai,Available
INV02317,P016,B202602317,Salbutamol Inhaler,Respiratory,2025-10-19,2027-04-12,6764,3389,6845,3308,Kolkata,Available
INV02318,P015,B202502318,Montelukast 10mg,Respiratory,2025-09-18,2028-09-17,5556,11274,10226,6604,Hyderabad,Available
INV02319,P016,B202602319,Salbutamol Inhaler,Respiratory,2026-02-12,2028-02-12,1232,15549,2627,14154,Kolkata,Available
INV02320,P016,B202502320,Salbutamol Inhaler,Respiratory,2025-08-07,2027-01-29,742,10463,649,10556,Kolkata,Available
INV02321,P013,B202602321,Ciprofloxacin 500mg,Antibiotic,2025-05-22,2028-05-21,685,11437,1336,10786,Bangalore,Available
INV02322,P005,B202502322,Atorvastatin 20mg,Cardiovascular,2025-06-26,2027-06-26,8963,15741,8879,15825,Delhi,Available
INV02323,P008,B202602323,Amlodipine 5mg,Cardiovascular,2025-06-03,2028-06-02,5457,11722,179,17000,Mumbai,Available
INV02324,P014,B202502324,Diclofenac 50mg,Analgesic,2025-10-25,2027-10-25,8193,1414,8689,918,Chennai,Low Stock
INV02325,P009,B202602325,Cetirizine 10mg,Antiallergic,2026-04-04,2027-04-04,3428,3047,4114,2361,Kolkata,Available
INV02326,P013,B202502326,Ciprofloxacin 500mg,Antibiotic,2026-03-03,2027-03-03,9374,4672,6316,7730,Chennai,Available
INV02327,P018,B202602327,Doxycycline 100mg,Antibiotic,2026-07-15,2028-07-14,5975,8925,6814,8086,Chennai,Available
INV02328,P013,B202502328,Ciprofloxacin 500mg,Antibiotic,2025-12-22,2027-06-15,2359,2029,1846,2542,Mumbai,Available
INV02329,P013,B202602329,Ciprofloxacin 500mg,Antibiotic,2026-06-25,2028-06-24,8147,11984,11130,9001,Kolkata,Available
INV02330,P004,B202502330,Metformin 500mg,Antidiabetic,2026-01-19,2028-01-19,9735,12110,191,21654,Hyderabad,Available
INV02331,P003,B202602331,Azithromycin 500mg,Antibiotic,2025-05-01,2026-05-01,7930,10389,8062,10257,Kolkata,Available
INV02332,P013,B202502332,Ciprofloxacin 500mg,Antibiotic,2025-10-15,2027-04-08,7668,10629,9083,9214,Bangalore,Available
INV02333,P004,B202602333,Metformin 500mg,Antidiabetic,2025-03-19,2027-03-19,5423,7022,3716,8729,Delhi,Available
INV02334,P020,B202502334,Enoxaparin 40mg,Anticoagulant,2026-08-21,2028-02-12,6870,2587,8941,516,Bangalore,Low Stock
INV02335,P007,B202602335,Ibuprofen 400mg,Analgesic,2026-03-12,2029-03-11,2129,13559,2253,13435,Bangalore,Available
INV02336,P009,B202502336,Cetirizine 10mg,Antiallergic,2025-12-12,2027-06-05,9745,12715,5260,17200,Mumbai,Available
INV02337,P010,B202602337,Omeprazole 20mg,Gastrointestinal,2025-03-08,2027-03-08,7955,9003,5110,11848,Kolkata,Available
INV02338,P013,B202502338,Ciprofloxacin 500mg,Antibiotic,2025-06-28,2026-06-28,8321,12902,7514,13709,Hyderabad,Available
INV02339,P004,B202602339,Metformin 500mg,Antidiabetic,2025-10-24,2028-10-23,3328,11014,11956,2386,Hyderabad,Available
INV02340,P005,B202502340,Atorvastatin 20mg,Cardiovascular,2025-05-22,2028-05-21,5523,18442,11374,12591,Mumbai,Available
INV02341,P002,B202602341,Amoxicillin 500mg,Antibiotic,2025-07-02,2027-07-02,4120,1042,5107,55,Hyderabad,Low Stock
INV02342,P013,B202502342,Ciprofloxacin 500mg,Antibiotic,2026-07-23,2028-07-22,7097,1682,6117,2662,Kolkata,Available
INV02343,P019,B202602343,Vitamin D3 60000IU,Supplement,2025-02-20,2026-02-20,946,18441,3298,16089,Delhi,Available
INV02344,P010,B202502344,Omeprazole 20mg,Gastrointestinal,2026-02-18,2029-02-17,3575,16012,3491,16096,Hyderabad,Available
INV02345,P003,B202602345,Azithromycin 500mg,Antibiotic,2025-08-12,2027-08-12,7913,17119,6325,18707,Mumbai,Available
INV02346,P004,B202502346,Metformin 500mg,Antidiabetic,2026-07-03,2027-12-25,7764,12893,11178,9479,Kolkata,Available
INV02347,P015,B202602347,Montelukast 10mg,Respiratory,2026-02-02,2027-02-02,653,11375,8460,3568,Chennai,Available
INV02348,P006,B202502348,Pantoprazole 40mg,Gastrointestinal,2025-10-29,2028-10-28,1409,8294,9165,538,Hyderabad,Low Stock
INV02349,P007,B202602349,Ibuprofen 400mg,Analgesic,2025-10-08,2027-10-08,2924,16054,2830,16148,Mumbai,Available
INV02350,P012,B202502350,Losartan 50mg,Cardiovascular,2025-01-08,2028-01-08,6854,16864,3298,20420,Mumbai,Available
INV02351,P018,B202602351,Doxycycline 100mg,Antibiotic,2025-02-10,2026-08-04,5098,9502,5205,9395,Chennai,Available
INV02352,P004,B202502352,Metformin 500mg,Antidiabetic,2026-06-19,2029-06-18,2204,19509,3144,18569,Bangalore,Available
INV02353,P008,B202602353,Amlodipine 5mg,Cardiovascular,2026-04-23,2029-04-22,6634,16413,3137,19910,Kolkata,Available
INV02354,P013,B202502354,Ciprofloxacin 500mg,Antibiotic,2025-03-22,2026-03-22,3039,2318,1514,3843,Kolkata,Available
INV02355,P005,B202602355,Atorvastatin 20mg,Cardiovascular,2026-01-17,2029-01-16,2905,14228,5400,11733,Hyderabad,Available
INV02356,P020,B202502356,Enoxaparin 40mg,Anticoagulant,2026-01-30,2027-07-24,8215,18109,9378,16946,Kolkata,Available
INV02357,P007,B202602357,Ibuprofen 400mg,Analgesic,2025-07-26,2026-07-26,7112,16260,7926,15446,Delhi,Available
INV02358,P016,B202502358,Salbutamol Inhaler,Respiratory,2025-04-19,2026-10-11,7217,1992,8389,820,Hyderabad,Low Stock
INV02359,P016,B202602359,Salbutamol Inhaler,Respiratory,2026-01-05,2029-01-04,7864,10801,9073,9592,Mumbai,Available
INV02360,P012,B202502360,Losartan 50mg,Cardiovascular,2026-07-04,2027-07-04,3880,1328,2783,2425,Chennai,Available
INV02361,P001,B202602361,Paracetamol 500mg,Analgesic,2025-11-26,2027-05-20,7936,5182,1953,11165,Bangalore,Available
INV02362,P009,B202502362,Cetirizine 10mg,Antiallergic,2025-10-20,2028-10-19,4926,4260,6421,2765,Bangalore,Available
INV02363,P007,B202602363,Ibuprofen 400mg,Analgesic,2026-01-28,2027-07-22,6148,9613,11425,4336,Hyderabad,Available
INV02364,P019,B202502364,Vitamin D3 60000IU,Supplement,2026-01-11,2028-01-11,2103,1364,2534,933,Mumbai,Low Stock
INV02365,P007,B202602365,Ibuprofen 400mg,Analgesic,2026-06-22,2027-12-14,4620,14760,11546,7834,Kolkata,Available
INV02366,P014,B202502366,Diclofenac 50mg,Analgesic,2025-03-08,2026-03-08,7082,10676,1597,16161,Chennai,Available
INV02367,P019,B202602367,Vitamin D3 60000IU,Supplement,2025-02-09,2028-02-09,3774,8558,8605,3727,Hyderabad,Available
INV02368,P004,B202502368,Metformin 500mg,Antidiabetic,2026-08-02,2028-01-24,2111,14108,2600,13619,Chennai,Available
INV02369,P002,B202602369,Amoxicillin 500mg,Antibiotic,2025-11-08,2027-05-02,9591,10904,11104,9391,Hyderabad,Available
INV02370,P010,B202502370,Omeprazole 20mg,Gastrointestinal,2026-05-04,2027-05-04,9314,15686,8123,16877,Hyderabad,Available
INV02371,P017,B202602371,Levothyroxine 50mcg,Endocrine,2026-05-21,2027-11-12,6078,2152,3243,4987,Bangalore,Available
INV02372,P012,B202502372,Losartan 50mg,Cardiovascular,2025-11-26,2027-11-26,6933,18570,2360,23143,Hyderabad,Available
INV02373,P005,B202602373,Atorvastatin 20mg,Cardiovascular,2026-07-11,2027-07-11,797,4048,3727,1118,Delhi,Available
INV02374,P019,B202502374,Vitamin D3 60000IU,Supplement,2025-05-03,2026-10-25,5776,2388,7499,665,Chennai,Low Stock
INV02375,P003,B202602375,Azithromycin 500mg,Antibiotic,2026-05-21,2027-11-12,3694,18977,6223,16448,Hyderabad,Available
INV02376,P017,B202502376,Levothyroxine 50mcg,Endocrine,2026-03-06,2027-03-06,6935,12951,3304,16582,Mumbai,Available
INV02377,P017,B202602377,Levothyroxine 50mcg,Endocrine,2025-04-15,2027-04-15,8399,18799,3896,23302,Hyderabad,Available
INV02378,P019,B202502378,Vitamin D3 60000IU,Supplement,2025-10-05,2027-10-05,5374,10776,7495,8655,Mumbai,Available
INV02379,P008,B202602379,Amlodipine 5mg,Cardiovascular,2025-08-29,2027-08-29,8271,11548,8130,11689,Mumbai,Available
INV02380,P016,B202502380,Salbutamol Inhaler,Respiratory,2025-08-25,2027-02-16,1024,5967,5163,1828,Bangalore,Available
INV02381,P005,B202602381,Atorvastatin 20mg,Cardiovascular,2026-04-11,2029-04-10,4445,8731,6111,7065,Chennai,Available
INV02382,P010,B202502382,Omeprazole 20mg,Gastrointestinal,2025-04-15,2026-10-07,2919,13994,1712,15201,Delhi,Available
INV02383,P003,B202602383,Azithromycin 500mg,Antibiotic,2026-08-07,2028-08-06,1819,19220,6882,14157,Delhi,Available
INV02384,P002,B202502384,Amoxicillin 500mg,Antibiotic,2025-04-23,2028-04-22,4942,12710,11846,5806,Mumbai,Available
INV02385,P008,B202602385,Amlodipine 5mg,Cardiovascular,2026-04-27,2027-04-27,4822,17241,2733,19330,Hyderabad,Available
INV02386,P010,B202502386,Omeprazole 20mg,Gastrointestinal,2025-02-14,2026-02-14,2888,18060,2662,18286,Chennai,Available
INV02387,P009,B202602387,Cetirizine 10mg,Antiallergic,2026-04-02,2027-09-24,8808,8046,9499,7355,Chennai,Available
INV02388,P009,B202502388,Cetirizine 10mg,Antiallergic,2026-02-05,2027-02-05,5216,8094,11453,1857,Kolkata,Available
INV02389,P016,B202602389,Salbutamol Inhaler,Respiratory,2026-07-24,2029-07-23,7795,12283,2453,17625,Chennai,Available
INV02390,P004,B202502390,Metformin 500mg,Antidiabetic,2025-04-22,2028-04-21,1587,3696,2700,2583,Delhi,Available
INV02391,P001,B202602391,Paracetamol 500mg,Analgesic,2025-08-15,2026-08-15,3369,4436,5287,2518,Mumbai,Available
INV02392,P020,B202502392,Enoxaparin 40mg,Anticoagulant,2025-01-05,2028-01-05,9143,10237,8392,10988,Mumbai,Available
INV02393,P012,B202602393,Losartan 50mg,Cardiovascular,2026-06-29,2028-06-28,5992,19748,5960,19780,Hyderabad,Available
INV02394,P014,B202502394,Diclofenac 50mg,Analgesic,2026-02-20,2027-02-20,7423,2211,3083,6551,Kolkata,Available
INV02395,P013,B202602395,Ciprofloxacin 500mg,Antibiotic,2025-12-31,2027-12-31,2066,19266,3576,17756,Chennai,Available
INV02396,P020,B202502396,Enoxaparin 40mg,Anticoagulant,2025-05-25,2027-05-25,902,13086,5292,8696,Bangalore,Available
INV02397,P014,B202602397,Diclofenac 50mg,Analgesic,2026-08-05,2027-08-05,8982,17028,6573,19437,Kolkata,Available
INV02398,P007,B202502398,Ibuprofen 400mg,Analgesic,2026-03-09,2028-03-08,6015,16834,10516,12333,Chennai,Available
INV02399,P012,B202602399,Losartan 50mg,Cardiovascular,2026-08-10,2028-08-09,6550,4587,3577,7560,Kolkata,Available
INV02400,P010,B202502400,Omeprazole 20mg,Gastrointestinal,2025-11-03,2028-11-02,3598,6041,85,9554,Hyderabad,Available
INV02401,P011,B202602401,Insulin Glargine,Antidiabetic,2026-03-11,2027-09-02,4722,5211,8111,1822,Delhi,Available
INV02402,P003,B202502402,Azithromycin 500mg,Antibiotic,2026-01-01,2027-06-25,8719,6094,10377,4436,Chennai,Available
INV02403,P003,B202602403,Azithromycin 500mg,Antibiotic,2026-04-01,2028-03-31,4832,4053,4247,4638,Delhi,Available
INV02404,P003,B202502404,Azithromycin 500mg,Antibiotic,2025-07-24,2027-07-24,5752,19855,2601,23006,Chennai,Available
INV02405,P009,B202602405,Cetirizine 10mg,Antiallergic,2025-05-14,2028-05-13,6420,11173,3539,14054,Kolkata,Available
INV02406,P001,B202502406,Paracetamol 500mg,Analgesic,2025-03-11,2026-03-11,6704,2949,7695,1958,Hyderabad,Available
INV02407,P014,B202602407,Diclofenac 50mg,Analgesic,2026-04-23,2029-04-22,3282,2419,4316,1385,Mumbai,Available
INV02408,P019,B202502408,Vitamin D3 60000IU,Supplement,2025-04-23,2027-04-23,1631,10223,12,11842,Chennai,Available
INV02409,P013,B202602409,Ciprofloxacin 500mg,Antibiotic,2025-02-28,2026-08-22,4568,13799,5986,12381,Mumbai,Available
INV02410,P017,B202502410,Levothyroxine 50mcg,Endocrine,2025-11-08,2028-11-07,8911,17117,11467,14561,Chennai,Available
INV02411,P012,B202602411,Losartan 50mg,Cardiovascular,2025-11-15,2026-11-15,8365,14172,10480,12057,Chennai,Available
INV02412,P010,B202502412,Omeprazole 20mg,Gastrointestinal,2025-06-27,2028-06-26,7470,17622,7020,18072,Delhi,Available
INV02413,P001,B202602413,Paracetamol 500mg,Analgesic,2025-02-11,2027-02-11,2632,2558,4030,1160,Delhi,Available
INV02414,P003,B202502414,Azithromycin 500mg,Antibiotic,2025-10-27,2027-04-20,535,12492,4760,8267,Kolkata,Available
INV02415,P003,B202602415,Azithromycin 500mg,Antibiotic,2026-05-24,2027-05-24,7761,15869,4892,18738,Hyderabad,Available
INV02416,P003,B202502416,Azithromycin 500mg,Antibiotic,2025-07-23,2027-07-23,7387,4444,131,11700,Delhi,Available
INV02417,P012,B202602417,Losartan 50mg,Cardiovascular,2026-08-12,2029-08-11,5728,12245,7747,10226,Mumbai,Available
INV02418,P014,B202502418,Diclofenac 50mg,Analgesic,2025-04-28,2028-04-27,8686,9265,5480,12471,Mumbai,Available
INV02419,P017,B202602419,Levothyroxine 50mcg,Endocrine,2025-04-16,2026-10-08,6340,14175,3549,16966,Bangalore,Available
INV02420,P011,B202502420,Insulin Glargine,Antidiabetic,2026-01-19,2029-01-18,528,1333,719,1142,Delhi,Available
INV02421,P001,B202602421,Paracetamol 500mg,Analgesic,2025-04-15,2026-10-07,3154,14501,416,17239,Kolkata,Available
INV02422,P004,B202502422,Metformin 500mg,Antidiabetic,2025-09-22,2028-09-21,6795,19972,235,26532,Chennai,Available
INV02423,P002,B202602423,Amoxicillin 500mg,Antibiotic,2026-01-03,2027-06-27,7882,3362,10081,1163,Mumbai,Available
INV02424,P011,B202502424,Insulin Glargine,Antidiabetic,2025-12-09,2026-12-09,3449,14479,11530,6398,Kolkata,Available
INV02425,P011,B202602425,Insulin Glargine,Antidiabetic,2025-06-04,2026-11-26,4903,8547,4335,9115,Kolkata,Available
INV02426,P008,B202502426,Amlodipine 5mg,Cardiovascular,2025-01-18,2027-01-18,6818,8190,7560,7448,Kolkata,Available
INV02427,P019,B202602427,Vitamin D3 60000IU,Supplement,2026-04-19,2028-04-18,762,10732,9409,2085,Kolkata,Available
INV02428,P016,B202502428,Salbutamol Inhaler,Respiratory,2026-08-15,2028-08-14,1542,10440,3819,8163,Kolkata,Available
INV02429,P016,B202602429,Salbutamol Inhaler,Respiratory,2025-09-12,2027-03-06,2015,1820,1200,2635,Hyderabad,Available
INV02430,P006,B202502430,Pantoprazole 40mg,Gastrointestinal,2026-08-23,2028-08-22,5738,4398,8526,1610,Delhi,Available
INV02431,P011,B202602431,Insulin Glargine,Antidiabetic,2025-10-07,2027-10-07,8477,14683,5820,17340,Chennai,Available
INV02432,P019,B202502432,Vitamin D3 60000IU,Supplement,2025-07-15,2028-07-14,6265,4520,10429,356,Chennai,Low Stock
INV02433,P008,B202602433,Amlodipine 5mg,Cardiovascular,2025-05-09,2028-05-08,8322,1845,6464,3703,Bangalore,Available
INV02434,P006,B202502434,Pantoprazole 40mg,Gastrointestinal,2025-12-07,2026-12-07,5369,9162,6978,7553,Chennai,Available
INV02435,P004,B202602435,Metformin 500mg,Antidiabetic,2026-04-23,2027-04-23,817,9482,3113,7186,Hyderabad,Available
INV02436,P009,B202502436,Cetirizine 10mg,Antiallergic,2026-06-06,2028-06-05,7415,3841,853,10403,Mumbai,Available
INV02437,P016,B202602437,Salbutamol Inhaler,Respiratory,2026-06-16,2027-06-16,5027,8534,8930,4631,Hyderabad,Available
INV02438,P010,B202502438,Omeprazole 20mg,Gastrointestinal,2026-05-25,2027-11-16,7922,12817,7169,13570,Hyderabad,Available
INV02439,P020,B202602439,Enoxaparin 40mg,Anticoagulant,2025-05-30,2028-05-29,9899,10716,10428,10187,Chennai,Available
INV02440,P015,B202502440,Montelukast 10mg,Respiratory,2025-02-11,2026-02-11,1161,1574,2287,448,Hyderabad,Low Stock
INV02441,P001,B202602441,Paracetamol 500mg,Analgesic,2026-07-17,2028-01-08,8255,19250,6277,21228,Kolkata,Available
INV02442,P020,B202502442,Enoxaparin 40mg,Anticoagulant,2025-03-28,2026-03-28,4014,11624,9433,6205,Hyderabad,Available
INV02443,P004,B202602443,Metformin 500mg,Antidiabetic,2025-07-03,2026-12-25,9432,8524,10420,7536,Bangalore,Available
INV02444,P003,B202502444,Azithromycin 500mg,Antibiotic,2026-04-28,2027-04-28,1284,12296,1767,11813,Bangalore,Available
INV02445,P009,B202602445,Cetirizine 10mg,Antiallergic,2025-11-27,2027-11-27,6053,1448,2182,5319,Mumbai,Available
INV02446,P006,B202502446,Pantoprazole 40mg,Gastrointestinal,2025-12-02,2026-12-02,6504,18778,7929,17353,Mumbai,Available
INV02447,P009,B202602447,Cetirizine 10mg,Antiallergic,2025-12-18,2027-12-18,3365,1729,3580,1514,Delhi,Available
INV02448,P003,B202502448,Azithromycin 500mg,Antibiotic,2026-01-11,2027-01-11,6610,15142,186,21566,Chennai,Available
INV02449,P003,B202602449,Azithromycin 500mg,Antibiotic,2025-06-09,2027-06-09,3873,19564,11488,11949,Kolkata,Available
INV02450,P003,B202502450,Azithromycin 500mg,Antibiotic,2025-04-16,2026-04-16,6061,9171,8951,6281,Hyderabad,Available
INV02451,P004,B202602451,Metformin 500mg,Antidiabetic,2026-01-25,2028-01-25,7061,6929,6317,7673,Kolkata,Available
INV02452,P013,B202502452,Ciprofloxacin 500mg,Antibiotic,2026-07-14,2028-01-05,926,15448,5525,10849,Bangalore,Available
INV02453,P003,B202602453,Azithromycin 500mg,Antibiotic,2025-07-07,2026-07-07,7002,12612,3956,15658,Bangalore,Available
INV02454,P002,B202502454,Amoxicillin 500mg,Antibiotic,2026-07-22,2028-01-13,1519,14519,10440,5598,Bangalore,Available
INV02455,P019,B202602455,Vitamin D3 60000IU,Supplement,2026-03-11,2027-09-02,7867,8979,7624,9222,Bangalore,Available
INV02456,P005,B202502456,Atorvastatin 20mg,Cardiovascular,2026-04-10,2029-04-09,603,5074,3449,2228,Kolkata,Available
INV02457,P014,B202602457,Diclofenac 50mg,Analgesic,2026-02-28,2027-08-22,1019,15553,9592,6980,Mumbai,Available
INV02458,P011,B202502458,Insulin Glargine,Antidiabetic,2025-05-22,2026-11-13,2798,8990,1580,10208,Delhi,Available
INV02459,P005,B202602459,Atorvastatin 20mg,Cardiovascular,2026-03-11,2028-03-10,9012,5202,3275,10939,Hyderabad,Available
INV02460,P013,B202502460,Ciprofloxacin 500mg,Antibiotic,2025-03-06,2027-03-06,8281,13821,1616,20486,Mumbai,Available
INV02461,P011,B202602461,Insulin Glargine,Antidiabetic,2025-08-23,2027-02-14,7743,16858,3600,21001,Hyderabad,Available
INV02462,P005,B202502462,Atorvastatin 20mg,Cardiovascular,2025-08-30,2027-08-30,7279,6084,2596,10767,Bangalore,Available
INV02463,P002,B202602463,Amoxicillin 500mg,Antibiotic,2025-01-31,2026-01-31,7103,15710,11678,11135,Delhi,Available
INV02464,P010,B202502464,Omeprazole 20mg,Gastrointestinal,2026-06-24,2027-06-24,6488,16544,6031,17001,Hyderabad,Available
INV02465,P013,B202602465,Ciprofloxacin 500mg,Antibiotic,2026-08-21,2027-08-21,5851,1964,1818,5997,Chennai,Available
INV02466,P010,B202502466,Omeprazole 20mg,Gastrointestinal,2025-04-30,2026-10-22,1649,15810,11315,6144,Bangalore,Available
INV02467,P005,B202602467,Atorvastatin 20mg,Cardiovascular,2026-05-30,2029-05-29,7790,14586,10337,12039,Mumbai,Available
INV02468,P018,B202502468,Doxycycline 100mg,Antibiotic,2026-06-16,2027-06-16,1193,10899,9100,2992,Kolkata,Available
INV02469,P003,B202602469,Azithromycin 500mg,Antibiotic,2025-08-15,2028-08-14,1073,14736,3499,12310,Bangalore,Available
INV02470,P005,B202502470,Atorvastatin 20mg,Cardiovascular,2026-03-22,2029-03-21,1272,9813,2230,8855,Chennai,Available
INV02471,P016,B202602471,Salbutamol Inhaler,Respiratory,2026-08-01,2028-01-23,3342,6887,7787,2442,Mumbai,Available
INV02472,P001,B202502472,Paracetamol 500mg,Analgesic,2026-07-23,2027-07-23,9318,4075,6458,6935,Hyderabad,Available
INV02473,P014,B202602473,Diclofenac 50mg,Analgesic,2025-08-30,2027-02-21,5032,19446,2944,21534,Hyderabad,Available
INV02474,P002,B202502474,Amoxicillin 500mg,Antibiotic,2026-03-20,2028-03-19,6283,1449,6113,1619,Chennai,Available
INV02475,P019,B202602475,Vitamin D3 60000IU,Supplement,2026-07-12,2028-01-03,7249,8650,7152,8747,Hyderabad,Available
INV02476,P014,B202502476,Diclofenac 50mg,Analgesic,2026-07-26,2028-07-25,9248,18703,1426,26525,Kolkata,Available
INV02477,P017,B202602477,Levothyroxine 50mcg,Endocrine,2025-09-14,2027-09-14,6362,15942,9634,12670,Bangalore,Available
INV02478,P001,B202502478,Paracetamol 500mg,Analgesic,2025-05-28,2027-05-28,8568,13405,1630,20343,Chennai,Available
INV02479,P010,B202602479,Omeprazole 20mg,Gastrointestinal,2025-08-10,2028-08-09,3308,12755,2185,13878,Mumbai,Available
INV02480,P012,B202502480,Losartan 50mg,Cardiovascular,2026-01-10,2029-01-09,3258,18024,9800,11482,Mumbai,Available
INV02481,P003,B202602481,Azithromycin 500mg,Antibiotic,2025-06-04,2027-06-04,7994,12633,8700,11927,Bangalore,Available
INV02482,P011,B202502482,Insulin Glargine,Antidiabetic,2026-06-09,2027-12-01,9040,3352,11745,647,Chennai,Low Stock
INV02483,P013,B202602483,Ciprofloxacin 500mg,Antibiotic,2026-01-06,2029-01-05,4080,4133,7546,667,Bangalore,Low Stock
INV02484,P014,B202502484,Diclofenac 50mg,Analgesic,2025-06-09,2028-06-08,9750,10014,6399,13365,Mumbai,Available
INV02485,P009,B202602485,Cetirizine 10mg,Antiallergic,2026-07-17,2028-01-08,9618,13358,11530,11446,Delhi,Available
INV02486,P017,B202502486,Levothyroxine 50mcg,Endocrine,2025-10-21,2027-04-14,2946,4995,299,7642,Mumbai,Available
INV02487,P020,B202602487,Enoxaparin 40mg,Anticoagulant,2026-07-17,2028-07-16,3954,10887,9081,5760,Bangalore,Available
INV02488,P019,B202502488,Vitamin D3 60000IU,Supplement,2026-06-07,2029-06-06,1396,19006,7362,13040,Delhi,Available
INV02489,P004,B202602489,Metformin 500mg,Antidiabetic,2025-10-23,2027-04-16,9883,7454,2618,14719,Kolkata,Available
INV02490,P004,B202502490,Metformin 500mg,Antidiabetic,2026-06-27,2029-06-26,3420,14095,9561,7954,Delhi,Available
INV02491,P014,B202602491,Diclofenac 50mg,Analgesic,2025-03-21,2027-03-21,5376,11763,11331,5808,Chennai,Available
INV02492,P013,B202502492,Ciprofloxacin 500mg,Antibiotic,2025-08-31,2027-02-22,691,11471,3029,9133,Kolkata,Available
INV02493,P016,B202602493,Salbutamol Inhaler,Respiratory,2026-07-02,2029-07-01,4301,9139,7297,6143,Mumbai,Available
INV02494,P006,B202502494,Pantoprazole 40mg,Gastrointestinal,2026-03-01,2027-08-23,9448,5177,5325,9300,Delhi,Available
INV02495,P019,B202602495,Vitamin D3 60000IU,Supplement,2025-12-13,2026-12-13,3709,17836,3265,18280,Mumbai,Available
INV02496,P004,B202502496,Metformin 500mg,Antidiabetic,2026-03-08,2027-03-08,3994,14518,10746,7766,Hyderabad,Available
INV02497,P007,B202602497,Ibuprofen 400mg,Analgesic,2025-03-12,2026-09-03,9990,6780,3119,13651,Mumbai,Available
INV02498,P018,B202502498,Doxycycline 100mg,Antibiotic,2025-11-25,2027-11-25,7915,14587,7186,15316,Delhi,Available
INV02499,P011,B202602499,Insulin Glargine,Antidiabetic,2025-04-19,2026-10-11,8547,1748,8524,1771,Delhi,Available
INV02500,P007,B202502500,Ibuprofen 400mg,Analgesic,2025-03-10,2028-03-09,506,11318,1920,9904,Kolkata,Available
INV02501,P004,B202602501,Metformin 500mg,Antidiabetic,2026-04-27,2028-04-26,889,14681,10552,5018,Hyderabad,Available
INV02502,P020,B202502502,Enoxaparin 40mg,Anticoagulant,2026-04-25,2028-04-24,3692,3278,2992,3978,Chennai,Available
INV02503,P012,B202602503,Losartan 50mg,Cardiovascular,2026-01-24,2029-01-23,3719,1709,4799,629,Delhi,Low Stock
INV02504,P012,B202502504,Losartan 50mg,Cardiovascular,2025-12-10,2028-12-09,7809,13732,9384,12157,Hyderabad,Available
INV02505,P015,B202602505,Montelukast 10mg,Respiratory,2026-08-09,2027-08-09,5925,13943,6201,13667,Kolkata,Available
INV02506,P009,B202502506,Cetirizine 10mg,Antiallergic,2025-05-11,2026-05-11,8569,14038,6936,15671,Mumbai,Available
INV02507,P009,B202602507,Cetirizine 10mg,Antiallergic,2026-07-15,2028-07-14,9669,16229,9212,16686,Delhi,Available
INV02508,P005,B202502508,Atorvastatin 20mg,Cardiovascular,2026-01-28,2028-01-28,5459,1388,6574,273,Chennai,Low Stock
INV02509,P008,B202602509,Amlodipine 5mg,Cardiovascular,2025-10-24,2026-10-24,9399,5382,4533,10248,Mumbai,Available
INV02510,P006,B202502510,Pantoprazole 40mg,Gastrointestinal,2026-01-16,2029-01-15,8625,11083,1571,18137,Kolkata,Available
INV02511,P006,B202602511,Pantoprazole 40mg,Gastrointestinal,2026-07-01,2027-12-23,5425,9297,5469,9253,Bangalore,Available
INV02512,P012,B202502512,Losartan 50mg,Cardiovascular,2025-08-30,2028-08-29,5034,19329,3560,20803,Hyderabad,Available
INV02513,P001,B202602513,Paracetamol 500mg,Analgesic,2026-03-20,2027-03-20,3211,18301,7332,14180,Delhi,Available
INV02514,P017,B202502514,Levothyroxine 50mcg,Endocrine,2026-04-08,2029-04-07,6820,9526,1568,14778,Mumbai,Available
INV02515,P015,B202602515,Montelukast 10mg,Respiratory,2025-06-02,2027-06-02,1767,2147,1428,2486,Hyderabad,Available
INV02516,P018,B202502516,Doxycycline 100mg,Antibiotic,2025-08-15,2027-02-06,4333,7028,10427,934,Chennai,Low Stock
INV02517,P004,B202602517,Metformin 500mg,Antidiabetic,2025-05-10,2026-05-10,2934,13475,11231,5178,Mumbai,Available
INV02518,P002,B202502518,Amoxicillin 500mg,Antibiotic,2025-01-29,2026-07-23,3014,11958,1419,13553,Hyderabad,Available
INV02519,P012,B202602519,Losartan 50mg,Cardiovascular,2025-06-18,2026-12-10,2607,1978,1583,3002,Hyderabad,Available
INV02520,P018,B202502520,Doxycycline 100mg,Antibiotic,2026-06-20,2027-12-12,3236,8939,7295,4880,Mumbai,Available
INV02521,P016,B202602521,Salbutamol Inhaler,Respiratory,2026-08-02,2028-01-24,1614,3295,4280,629,Mumbai,Low Stock
INV02522,P007,B202502522,Ibuprofen 400mg,Analgesic,2026-01-07,2029-01-06,4534,6989,9941,1582,Bangalore,Available
INV02523,P017,B202602523,Levothyroxine 50mcg,Endocrine,2025-11-09,2026-11-09,2664,13905,9036,7533,Hyderabad,Available
INV02524,P014,B202502524,Diclofenac 50mg,Analgesic,2026-08-17,2028-08-16,7173,4676,7554,4295,Chennai,Available
INV02525,P003,B202602525,Azithromycin 500mg,Antibiotic,2025-07-06,2028-07-05,9988,4291,8781,5498,Delhi,Available
INV02526,P012,B202502526,Losartan 50mg,Cardiovascular,2025-11-03,2028-11-02,4729,12197,8031,8895,Delhi,Available
INV02527,P018,B202602527,Doxycycline 100mg,Antibiotic,2025-05-23,2028-05-22,6942,19242,4496,21688,Mumbai,Available
INV02528,P001,B202502528,Paracetamol 500mg,Analgesic,2026-07-09,2029-07-08,3315,1985,3693,1607,Chennai,Available
INV02529,P011,B202602529,Insulin Glargine,Antidiabetic,2025-04-05,2028-04-04,4609,14767,10309,9067,Delhi,Available
INV02530,P002,B202502530,Amoxicillin 500mg,Antibiotic,2026-06-17,2028-06-16,8997,12640,10890,10747,Kolkata,Available
INV02531,P005,B202602531,Atorvastatin 20mg,Cardiovascular,2025-04-14,2026-04-14,8098,5567,5401,8264,Chennai,Available
INV02532,P009,B202502532,Cetirizine 10mg,Antiallergic,2025-02-07,2026-08-01,1398,8326,7164,2560,Delhi,Available
INV02533,P014,B202602533,Diclofenac 50mg,Analgesic,2025-03-06,2028-03-05,4538,6453,7166,3825,Bangalore,Available
INV02534,P010,B202502534,Omeprazole 20mg,Gastrointestinal,2025-09-11,2026-09-11,9546,7898,489,16955,Mumbai,Available
INV02535,P020,B202602535,Enoxaparin 40mg,Anticoagulant,2026-02-06,2028-02-06,9058,2594,6413,5239,Hyderabad,Available
INV02536,P014,B202502536,Diclofenac 50mg,Analgesic,2026-05-27,2027-05-27,2002,19135,5904,15233,Hyderabad,Available
INV02537,P004,B202602537,Metformin 500mg,Antidiabetic,2025-08-01,2026-08-01,2617,4477,600,6494,Kolkata,Available
INV02538,P016,B202502538,Salbutamol Inhaler,Respiratory,2026-07-19,2027-07-19,3240,6371,5368,4243,Hyderabad,Available
INV02539,P005,B202602539,Atorvastatin 20mg,Cardiovascular,2026-08-08,2028-01-30,7920,5350,11159,2111,Chennai,Available
INV02540,P018,B202502540,Doxycycline 100mg,Antibiotic,2025-11-06,2028-11-05,3945,10102,739,13308,Hyderabad,Available
INV02541,P016,B202602541,Salbutamol Inhaler,Respiratory,2025-07-16,2026-07-16,3278,7703,7875,3106,Bangalore,Available
INV02542,P001,B202502542,Paracetamol 500mg,Analgesic,2026-03-11,2027-03-11,4487,13975,6170,12292,Bangalore,Available
INV02543,P015,B202602543,Montelukast 10mg,Respiratory,2025-01-29,2026-01-29,1537,10739,8288,3988,Delhi,Available
INV02544,P003,B202502544,Azithromycin 500mg,Antibiotic,2025-07-26,2026-07-26,3755,5375,6760,2370,Chennai,Available
INV02545,P017,B202602545,Levothyroxine 50mcg,Endocrine,2025-05-01,2026-05-01,836,17027,10871,6992,Hyderabad,Available
INV02546,P018,B202502546,Doxycycline 100mg,Antibiotic,2025-11-14,2026-11-14,3473,6041,7265,2249,Hyderabad,Available
INV02547,P004,B202602547,Metformin 500mg,Antidiabetic,2026-03-08,2027-08-30,2875,16349,11178,8046,Delhi,Available
INV02548,P017,B202502548,Levothyroxine 50mcg,Endocrine,2026-05-20,2028-05-19,8382,1169,337,9214,Kolkata,Available
INV02549,P003,B202602549,Azithromycin 500mg,Antibiotic,2026-03-13,2027-09-04,7985,13639,861,20763,Mumbai,Available
INV02550,P015,B202502550,Montelukast 10mg,Respiratory,2026-07-07,2029-07-06,8973,19177,10731,17419,Delhi,Available
INV02551,P007,B202602551,Ibuprofen 400mg,Analgesic,2025-11-01,2028-10-31,4541,16786,8416,12911,Hyderabad,Available
INV02552,P019,B202502552,Vitamin D3 60000IU,Supplement,2026-05-23,2028-05-22,2344,5318,6432,1230,Bangalore,Available
INV02553,P010,B202602553,Omeprazole 20mg,Gastrointestinal,2026-01-07,2027-01-07,8714,10924,791,18847,Hyderabad,Available
INV02554,P008,B202502554,Amlodipine 5mg,Cardiovascular,2025-05-14,2028-05-13,3925,10532,6423,8034,Hyderabad,Available
INV02555,P012,B202602555,Losartan 50mg,Cardiovascular,2025-08-01,2026-08-01,4377,12093,1407,15063,Chennai,Available
INV02556,P014,B202502556,Diclofenac 50mg,Analgesic,2025-07-05,2027-07-05,3385,13307,1847,14845,Delhi,Available
INV02557,P002,B202602557,Amoxicillin 500mg,Antibiotic,2025-01-11,2026-07-05,2157,10324,1987,10494,Hyderabad,Available
INV02558,P002,B202502558,Amoxicillin 500mg,Antibiotic,2026-06-17,2028-06-16,2567,3282,4973,876,Chennai,Low Stock
INV02559,P018,B202602559,Doxycycline 100mg,Antibiotic,2025-04-18,2026-10-10,1624,9044,1734,8934,Bangalore,Available
INV02560,P011,B202502560,Insulin Glargine,Antidiabetic,2026-08-11,2028-08-10,7691,16427,11667,12451,Bangalore,Available
INV02561,P006,B202602561,Pantoprazole 40mg,Gastrointestinal,2026-01-05,2029-01-04,7852,14825,3749,18928,Mumbai,Available
INV02562,P002,B202502562,Amoxicillin 500mg,Antibiotic,2025-07-08,2026-07-08,9413,2739,4361,7791,Kolkata,Available
INV02563,P020,B202602563,Enoxaparin 40mg,Anticoagulant,2025-08-15,2027-02-06,5472,16622,9225,12869,Delhi,Available
INV02564,P008,B202502564,Amlodipine 5mg,Cardiovascular,2025-08-12,2027-08-12,8435,2456,8374,2517,Mumbai,Available
INV02565,P003,B202602565,Azithromycin 500mg,Antibiotic,2025-02-27,2026-08-21,2858,2978,1712,4124,Kolkata,Available
INV02566,P015,B202502566,Montelukast 10mg,Respiratory,2025-05-06,2027-05-06,4791,15195,2967,17019,Bangalore,Available
INV02567,P007,B202602567,Ibuprofen 400mg,Analgesic,2026-08-20,2028-08-19,1017,19533,9909,10641,Delhi,Available
INV02568,P015,B202502568,Montelukast 10mg,Respiratory,2025-04-21,2027-04-21,9174,9338,467,18045,Chennai,Available
INV02569,P015,B202602569,Montelukast 10mg,Respiratory,2026-03-20,2028-03-19,1803,3176,3947,1032,Kolkata,Available
INV02570,P002,B202502570,Amoxicillin 500mg,Antibiotic,2025-12-15,2027-12-15,3825,13257,10971,6111,Chennai,Available
INV02571,P004,B202602571,Metformin 500mg,Antidiabetic,2025-10-05,2028-10-04,2750,17228,5888,14090,Delhi,Available
INV02572,P006,B202502572,Pantoprazole 40mg,Gastrointestinal,2026-07-06,2028-07-05,5961,9788,1071,14678,Chennai,Available
INV02573,P007,B202602573,Ibuprofen 400mg,Analgesic,2025-05-25,2028-05-24,2400,13972,5690,10682,Chennai,Available
INV02574,P002,B202502574,Amoxicillin 500mg,Antibiotic,2026-04-10,2027-04-10,8771,7720,83,16408,Mumbai,Available
INV02575,P002,B202602575,Amoxicillin 500mg,Antibiotic,2025-06-11,2027-06-11,5826,14467,10541,9752,Mumbai,Available
INV02576,P011,B202502576,Insulin Glargine,Antidiabetic,2025-02-04,2026-07-29,7380,2177,3433,6124,Bangalore,Available
INV02577,P018,B202602577,Doxycycline 100mg,Antibiotic,2025-12-03,2027-12-03,6995,5262,596,11661,Mumbai,Available
INV02578,P004,B202502578,Metformin 500mg,Antidiabetic,2025-07-13,2027-01-04,7929,7076,1816,13189,Kolkata,Available
INV02579,P001,B202602579,Paracetamol 500mg,Analgesic,2025-05-03,2026-10-25,1094,18090,4236,14948,Chennai,Available
INV02580,P003,B202502580,Azithromycin 500mg,Antibiotic,2025-11-09,2026-11-09,2700,8741,9871,1570,Hyderabad,Available
INV02581,P016,B202602581,Salbutamol Inhaler,Respiratory,2025-02-25,2026-08-19,6241,9897,6020,10118,Chennai,Available
INV02582,P002,B202502582,Amoxicillin 500mg,Antibiotic,2026-02-22,2029-02-21,7778,6409,4211,9976,Kolkata,Available
INV02583,P016,B202602583,Salbutamol Inhaler,Respiratory,2026-07-13,2029-07-12,4624,3459,1847,6236,Hyderabad,Available
INV02584,P017,B202502584,Levothyroxine 50mcg,Endocrine,2025-06-15,2026-12-07,8588,4107,7964,4731,Delhi,Available
INV02585,P020,B202602585,Enoxaparin 40mg,Anticoagulant,2025-10-21,2027-10-21,8576,19843,8752,19667,Chennai,Available
INV02586,P018,B202502586,Doxycycline 100mg,Antibiotic,2026-08-11,2028-08-10,3277,13201,2834,13644,Delhi,Available
INV02587,P009,B202602587,Cetirizine 10mg,Antiallergic,2026-08-16,2028-08-15,9613,16355,10187,15781,Hyderabad,Available
INV02588,P016,B202502588,Salbutamol Inhaler,Respiratory,2025-05-31,2027-05-31,5118,5935,10886,167,Kolkata,Low Stock
INV02589,P012,B202602589,Losartan 50mg,Cardiovascular,2025-01-07,2026-01-07,2660,19467,4845,17282,Bangalore,Available
INV02590,P012,B202502590,Losartan 50mg,Cardiovascular,2026-07-25,2028-07-24,4718,4340,7960,1098,Bangalore,Available
INV02591,P019,B202602591,Vitamin D3 60000IU,Supplement,2025-05-14,2026-05-14,3813,1094,68,4839,Hyderabad,Available
INV02592,P014,B202502592,Diclofenac 50mg,Analgesic,2026-05-04,2027-05-04,6623,7677,5195,9105,Mumbai,Available
INV02593,P018,B202602593,Doxycycline 100mg,Antibiotic,2025-11-04,2027-11-04,8668,13488,1792,20364,Hyderabad,Available
INV02594,P007,B202502594,Ibuprofen 400mg,Analgesic,2025-02-28,2027-02-28,5206,1840,2822,4224,Chennai,Available
INV02595,P019,B202602595,Vitamin D3 60000IU,Supplement,2026-08-01,2029-07-31,6273,18617,11479,13411,Delhi,Available
INV02596,P009,B202502596,Cetirizine 10mg,Antiallergic,2026-08-03,2028-01-25,2080,3018,2893,2205,Bangalore,Available
INV02597,P003,B202602597,Azithromycin 500mg,Antibiotic,2025-05-27,2027-05-27,5042,10713,6092,9663,Kolkata,Available
INV02598,P005,B202502598,Atorvastatin 20mg,Cardiovascular,2025-10-12,2027-10-12,3102,4443,352,7193,Hyderabad,Available
INV02599,P006,B202602599,Pantoprazole 40mg,Gastrointestinal,2025-04-28,2026-10-20,7119,16723,6199,17643,Bangalore,Available
INV02600,P015,B202502600,Montelukast 10mg,Respiratory,2025-04-02,2026-04-02,5900,9082,3742,11240,Kolkata,Available
INV02601,P002,B202602601,Amoxicillin 500mg,Antibiotic,2025-02-02,2027-02-02,4475,16230,484,20221,Mumbai,Available
INV02602,P003,B202502602,Azithromycin 500mg,Antibiotic,2025-01-25,2026-07-19,7481,3992,9664,1809,Delhi,Available
INV02603,P010,B202602603,Omeprazole 20mg,Gastrointestinal,2026-07-08,2027-12-30,2404,15940,1286,17058,Kolkata,Available
INV02604,P017,B202502604,Levothyroxine 50mcg,Endocrine,2026-08-10,2028-02-01,6411,17770,1579,22602,Hyderabad,Available
INV02605,P010,B202602605,Omeprazole 20mg,Gastrointestinal,2026-01-12,2028-01-12,9272,10297,2060,17509,Hyderabad,Available
INV02606,P017,B202502606,Levothyroxine 50mcg,Endocrine,2025-10-04,2027-10-04,5847,16446,2621,19672,Hyderabad,Available
INV02607,P015,B202602607,Montelukast 10mg,Respiratory,2025-09-18,2028-09-17,1724,6166,7576,314,Kolkata,Low Stock
INV02608,P002,B202502608,Amoxicillin 500mg,Antibiotic,2026-05-06,2027-05-06,1642,18065,1512,18195,Hyderabad,Available
INV02609,P003,B202602609,Azithromycin 500mg,Antibiotic,2025-12-25,2026-12-25,3231,7200,6767,3664,Mumbai,Available
INV02610,P004,B202502610,Metformin 500mg,Antidiabetic,2025-10-06,2027-03-30,3860,11136,3914,11082,Mumbai,Available
INV02611,P016,B202602611,Salbutamol Inhaler,Respiratory,2025-06-01,2026-11-23,1832,14265,8474,7623,Chennai,Available
INV02612,P004,B202502612,Metformin 500mg,Antidiabetic,2025-09-28,2027-03-22,7755,7401,4991,10165,Mumbai,Available
INV02613,P016,B202602613,Salbutamol Inhaler,Respiratory,2026-02-26,2029-02-25,4565,16573,10453,10685,Delhi,Available
INV02614,P014,B202502614,Diclofenac 50mg,Analgesic,2026-06-30,2029-06-29,3126,14611,5351,12386,Bangalore,Available
INV02615,P008,B202602615,Amlodipine 5mg,Cardiovascular,2026-08-10,2029-08-09,7973,19817,6873,20917,Chennai,Available
INV02616,P004,B202502616,Metformin 500mg,Antidiabetic,2025-06-29,2026-06-29,9407,12672,11192,10887,Mumbai,Available
INV02617,P009,B202602617,Cetirizine 10mg,Antiallergic,2026-02-10,2028-02-10,4038,7034,5678,5394,Bangalore,Available
INV02618,P004,B202502618,Metformin 500mg,Antidiabetic,2025-01-27,2026-01-27,2387,2437,267,4557,Chennai,Available
INV02619,P004,B202602619,Metformin 500mg,Antidiabetic,2025-11-30,2026-11-30,9498,5540,8994,6044,Delhi,Available
INV02620,P016,B202502620,Salbutamol Inhaler,Respiratory,2026-01-13,2028-01-13,7836,16494,4559,19771,Kolkata,Available
INV02621,P020,B202602621,Enoxaparin 40mg,Anticoagulant,2026-03-10,2029-03-09,1503,11266,7812,4957,Kolkata,Available
INV02622,P003,B202502622,Azithromycin 500mg,Antibiotic,2026-04-29,2027-04-29,3902,14165,3492,14575,Kolkata,Available
INV02623,P019,B202602623,Vitamin D3 60000IU,Supplement,2025-04-06,2026-09-28,1204,14492,10639,5057,Delhi,Available
INV02624,P003,B202502624,Azithromycin 500mg,Antibiotic,2025-04-15,2026-04-15,5155,14700,1800,18055,Kolkata,Available
INV02625,P006,B202602625,Pantoprazole 40mg,Gastrointestinal,2025-11-05,2027-11-05,5629,10080,4042,11667,Mumbai,Available
INV02626,P005,B202502626,Atorvastatin 20mg,Cardiovascular,2025-06-26,2028-06-25,8885,17137,3971,22051,Hyderabad,Available
INV02627,P002,B202602627,Amoxicillin 500mg,Antibiotic,2025-06-14,2027-06-14,3044,14936,607,17373,Mumbai,Available
INV02628,P006,B202502628,Pantoprazole 40mg,Gastrointestinal,2025-10-24,2026-10-24,4478,15980,10284,10174,Hyderabad,Available
INV02629,P009,B202602629,Cetirizine 10mg,Antiallergic,2026-02-19,2027-08-13,5660,7489,10050,3099,Delhi,Available
INV02630,P020,B202502630,Enoxaparin 40mg,Anticoagulant,2026-04-13,2027-10-05,3614,2678,3917,2375,Chennai,Available
INV02631,P008,B202602631,Amlodipine 5mg,Cardiovascular,2025-01-13,2028-01-13,2618,12063,639,14042,Bangalore,Available
INV02632,P018,B202502632,Doxycycline 100mg,Antibiotic,2026-02-08,2027-02-08,1456,10362,8041,3777,Mumbai,Available
INV02633,P018,B202602633,Doxycycline 100mg,Antibiotic,2026-01-27,2028-01-27,3252,13957,10485,6724,Bangalore,Available
INV02634,P015,B202502634,Montelukast 10mg,Respiratory,2026-06-12,2027-12-04,7776,7802,2314,13264,Chennai,Available
INV02635,P007,B202602635,Ibuprofen 400mg,Analgesic,2026-03-31,2027-09-22,4290,14017,4096,14211,Chennai,Available
INV02636,P001,B202502636,Paracetamol 500mg,Analgesic,2025-01-08,2026-01-08,2934,2024,1887,3071,Bangalore,Available
INV02637,P016,B202602637,Salbutamol Inhaler,Respiratory,2025-04-02,2028-04-01,8643,14193,9578,13258,Chennai,Available
INV02638,P017,B202502638,Levothyroxine 50mcg,Endocrine,2025-11-30,2027-11-30,4956,12857,4576,13237,Bangalore,Available
INV02639,P019,B202602639,Vitamin D3 60000IU,Supplement,2026-02-24,2028-02-24,3160,15646,6231,12575,Bangalore,Available
INV02640,P020,B202502640,Enoxaparin 40mg,Anticoagulant,2026-08-19,2029-08-18,5012,5430,115,10327,Chennai,Available
INV02641,P018,B202602641,Doxycycline 100mg,Antibiotic,2025-03-04,2027-03-04,754,15756,338,16172,Kolkata,Available
INV02642,P004,B202502642,Metformin 500mg,Antidiabetic,2025-08-29,2027-08-29,8540,7903,11765,4678,Bangalore,Available
INV02643,P010,B202602643,Omeprazole 20mg,Gastrointestinal,2026-08-16,2028-02-07,5567,9446,4726,10287,Chennai,Available
INV02644,P011,B202502644,Insulin Glargine,Antidiabetic,2026-03-05,2028-03-04,9976,9934,9553,10357,Delhi,Available
INV02645,P017,B202602645,Levothyroxine 50mcg,Endocrine,2026-06-16,2027-06-16,3366,6730,4916,5180,Mumbai,Available
INV02646,P001,B202502646,Paracetamol 500mg,Analgesic,2026-06-22,2029-06-21,6210,6812,9919,3103,Hyderabad,Available
INV02647,P007,B202602647,Ibuprofen 400mg,Analgesic,2026-08-22,2029-08-21,6052,4215,1263,9004,Kolkata,Available
INV02648,P006,B202502648,Pantoprazole 40mg,Gastrointestinal,2026-02-13,2027-08-07,5218,19736,7116,17838,Mumbai,Available
INV02649,P009,B202602649,Cetirizine 10mg,Antiallergic,2025-05-19,2027-05-19,5913,2805,3529,5189,Delhi,Available
INV02650,P002,B202502650,Amoxicillin 500mg,Antibiotic,2026-08-09,2029-08-08,6551,1298,4066,3783,Kolkata,Available
INV02651,P001,B202602651,Paracetamol 500mg,Analgesic,2026-04-21,2029-04-20,1220,5377,4774,1823,Kolkata,Available
INV02652,P016,B202502652,Salbutamol Inhaler,Respiratory,2025-11-12,2027-11-12,5485,11976,9247,8214,Bangalore,Available
INV02653,P005,B202602653,Atorvastatin 20mg,Cardiovascular,2025-02-05,2028-02-05,7409,2009,994,8424,Hyderabad,Available
INV02654,P005,B202502654,Atorvastatin 20mg,Cardiovascular,2025-11-08,2027-05-02,3898,4119,5206,2811,Chennai,Available
INV02655,P013,B202602655,Ciprofloxacin 500mg,Antibiotic,2026-04-30,2029-04-29,8501,13379,594,21286,Mumbai,Available
INV02656,P009,B202502656,Cetirizine 10mg,Antiallergic,2026-03-04,2029-03-03,6583,7901,9453,5031,Chennai,Available
INV02657,P016,B202602657,Salbutamol Inhaler,Respiratory,2025-12-20,2027-12-20,3798,8597,3317,9078,Hyderabad,Available
INV02658,P014,B202502658,Diclofenac 50mg,Analgesic,2025-08-19,2026-08-19,833,17343,5224,12952,Delhi,Available
INV02659,P019,B202602659,Vitamin D3 60000IU,Supplement,2025-03-08,2028-03-07,7184,13163,5173,15174,Chennai,Available
INV02660,P005,B202502660,Atorvastatin 20mg,Cardiovascular,2025-07-01,2028-06-30,3120,14674,11164,6630,Delhi,Available
INV02661,P006,B202602661,Pantoprazole 40mg,Gastrointestinal,2026-05-25,2029-05-24,5667,3183,3907,4943,Mumbai,Available
INV02662,P004,B202502662,Metformin 500mg,Antidiabetic,2025-08-30,2026-08-30,7080,9207,8767,7520,Mumbai,Available
INV02663,P015,B202602663,Montelukast 10mg,Respiratory,2026-03-16,2027-03-16,4700,15250,7118,12832,Hyderabad,Available
INV02664,P017,B202502664,Levothyroxine 50mcg,Endocrine,2025-04-30,2028-04-29,7215,7128,2334,12009,Kolkata,Available
INV02665,P011,B202602665,Insulin Glargine,Antidiabetic,2026-04-29,2029-04-28,1146,13992,4010,11128,Kolkata,Available
INV02666,P005,B202502666,Atorvastatin 20mg,Cardiovascular,2025-01-21,2027-01-21,5744,11551,3159,14136,Mumbai,Available
INV02667,P020,B202602667,Enoxaparin 40mg,Anticoagulant,2026-04-04,2029-04-03,3666,17534,4593,16607,Kolkata,Available
INV02668,P018,B202502668,Doxycycline 100mg,Antibiotic,2025-04-09,2028-04-08,6270,15751,6948,15073,Hyderabad,Available
INV02669,P020,B202602669,Enoxaparin 40mg,Anticoagulant,2025-03-09,2028-03-08,2487,15928,5073,13342,Hyderabad,Available
INV02670,P005,B202502670,Atorvastatin 20mg,Cardiovascular,2025-07-11,2028-07-10,7809,13744,7558,13995,Mumbai,Available
INV02671,P019,B202602671,Vitamin D3 60000IU,Supplement,2025-06-14,2028-06-13,4116,7487,5524,6079,Chennai,Available
INV02672,P015,B202502672,Montelukast 10mg,Respiratory,2026-04-06,2027-04-06,2030,17128,11771,7387,Bangalore,Available
INV02673,P019,B202602673,Vitamin D3 60000IU,Supplement,2025-06-07,2028-06-06,9940,13101,2282,20759,Chennai,Available
INV02674,P003,B202502674,Azithromycin 500mg,Antibiotic,2025-07-20,2027-07-20,1142,8469,7662,1949,Bangalore,Available
INV02675,P008,B202602675,Amlodipine 5mg,Cardiovascular,2025-01-03,2027-01-03,1252,6338,3968,3622,Hyderabad,Available
INV02676,P005,B202502676,Atorvastatin 20mg,Cardiovascular,2026-05-16,2029-05-15,1267,17293,5618,12942,Bangalore,Available
INV02677,P019,B202602677,Vitamin D3 60000IU,Supplement,2025-07-22,2027-01-13,1892,17840,3440,16292,Delhi,Available
INV02678,P005,B202502678,Atorvastatin 20mg,Cardiovascular,2026-06-22,2029-06-21,5279,7564,7861,4982,Mumbai,Available
INV02679,P019,B202602679,Vitamin D3 60000IU,Supplement,2026-02-09,2027-02-09,8312,4664,3614,9362,Mumbai,Available
INV02680,P005,B202502680,Atorvastatin 20mg,Cardiovascular,2026-07-20,2029-07-19,1979,7083,3360,5702,Chennai,Available
INV02681,P012,B202602681,Losartan 50mg,Cardiovascular,2026-02-11,2027-02-11,5383,5007,2373,8017,Chennai,Available
INV02682,P003,B202502682,Azithromycin 500mg,Antibiotic,2025-01-19,2026-07-13,7490,10708,1936,16262,Chennai,Available
INV02683,P008,B202602683,Amlodipine 5mg,Cardiovascular,2026-03-02,2027-03-02,9165,6387,11651,3901,Mumbai,Available
INV02684,P015,B202502684,Montelukast 10mg,Respiratory,2025-10-29,2026-10-29,1433,8697,1955,8175,Delhi,Available
INV02685,P003,B202602685,Azithromycin 500mg,Antibiotic,2025-12-21,2026-12-21,2223,7974,5944,4253,Mumbai,Available
INV02686,P007,B202502686,Ibuprofen 400mg,Analgesic,2025-07-24,2027-01-15,4335,16846,6936,14245,Mumbai,Available
INV02687,P015,B202602687,Montelukast 10mg,Respiratory,2025-11-13,2028-11-12,5847,5104,6165,4786,Chennai,Available
INV02688,P005,B202502688,Atorvastatin 20mg,Cardiovascular,2025-05-02,2027-05-02,8903,7358,6082,10179,Delhi,Available
INV02689,P014,B202602689,Diclofenac 50mg,Analgesic,2025-03-29,2026-09-20,9945,17882,9265,18562,Bangalore,Available
INV02690,P009,B202502690,Cetirizine 10mg,Antiallergic,2025-01-31,2026-07-25,8717,8368,2021,15064,Chennai,Available
INV02691,P016,B202602691,Salbutamol Inhaler,Respiratory,2026-01-29,2029-01-28,7170,13059,10668,9561,Hyderabad,Available
INV02692,P010,B202502692,Omeprazole 20mg,Gastrointestinal,2025-12-04,2027-12-04,5026,9389,1984,12431,Delhi,Available
INV02693,P003,B202602693,Azithromycin 500mg,Antibiotic,2025-10-12,2027-04-05,7879,10055,63,17871,Delhi,Available
INV02694,P005,B202502694,Atorvastatin 20mg,Cardiovascular,2025-08-17,2027-02-08,2082,18963,3043,18002,Delhi,Available
INV02695,P017,B202602695,Levothyroxine 50mcg,Endocrine,2025-08-07,2028-08-06,4341,18989,5422,17908,Bangalore,Available
INV02696,P018,B202502696,Doxycycline 100mg,Antibiotic,2026-06-03,2029-06-02,1677,17039,4099,14617,Kolkata,Available
INV02697,P020,B202602697,Enoxaparin 40mg,Anticoagulant,2025-04-30,2026-10-22,3052,6788,5865,3975,Mumbai,Available
INV02698,P014,B202502698,Diclofenac 50mg,Analgesic,2026-02-09,2027-02-09,917,15180,2179,13918,Hyderabad,Available
INV02699,P013,B202602699,Ciprofloxacin 500mg,Antibiotic,2025-06-07,2026-06-07,3414,10930,10152,4192,Kolkata,Available
INV02700,P015,B202502700,Montelukast 10mg,Respiratory,2026-06-24,2028-06-23,4379,16576,3628,17327,Chennai,Available
INV02701,P020,B202602701,Enoxaparin 40mg,Anticoagulant,2025-08-22,2027-08-22,7924,15887,2475,21336,Kolkata,Available
INV02702,P011,B202502702,Insulin Glargine,Antidiabetic,2025-01-26,2026-01-26,7412,9109,1295,15226,Delhi,Available
INV02703,P012,B202602703,Losartan 50mg,Cardiovascular,2025-02-17,2026-08-11,4895,15827,7820,12902,Bangalore,Available
INV02704,P013,B202502704,Ciprofloxacin 500mg,Antibiotic,2026-06-26,2027-06-26,9874,2811,7472,5213,Mumbai,Available
INV02705,P015,B202602705,Montelukast 10mg,Respiratory,2026-05-21,2029-05-20,8763,16509,3715,21557,Mumbai,Available
INV02706,P015,B202502706,Montelukast 10mg,Respiratory,2025-04-12,2027-04-12,5537,19686,596,24627,Bangalore,Available
INV02707,P001,B202602707,Paracetamol 500mg,Analgesic,2025-11-25,2027-11-25,6129,5600,3608,8121,Mumbai,Available
INV02708,P001,B202502708,Paracetamol 500mg,Analgesic,2026-03-28,2027-03-28,6836,9619,11986,4469,Chennai,Available
INV02709,P010,B202602709,Omeprazole 20mg,Gastrointestinal,2026-02-25,2027-02-25,2219,10480,10296,2403,Chennai,Available
INV02710,P008,B202502710,Amlodipine 5mg,Cardiovascular,2025-06-20,2028-06-19,5872,3245,2050,7067,Kolkata,Available
INV02711,P018,B202602711,Doxycycline 100mg,Antibiotic,2026-06-30,2027-06-30,8316,3127,9256,2187,Kolkata,Available
INV02712,P008,B202502712,Amlodipine 5mg,Cardiovascular,2025-04-27,2027-04-27,1150,12008,3979,9179,Mumbai,Available
INV02713,P017,B202602713,Levothyroxine 50mcg,Endocrine,2026-08-19,2028-02-10,3259,16855,4958,15156,Hyderabad,Available
INV02714,P019,B202502714,Vitamin D3 60000IU,Supplement,2026-08-19,2028-02-10,2001,3901,3533,2369,Hyderabad,Available
INV02715,P013,B202602715,Ciprofloxacin 500mg,Antibiotic,2026-04-01,2027-04-01,8669,1554,1170,9053,Chennai,Available
INV02716,P013,B202502716,Ciprofloxacin 500mg,Antibiotic,2026-08-11,2028-08-10,4463,13707,9145,9025,Chennai,Available
INV02717,P008,B202602717,Amlodipine 5mg,Cardiovascular,2026-07-30,2028-01-21,3792,6277,3018,7051,Hyderabad,Available
INV02718,P012,B202502718,Losartan 50mg,Cardiovascular,2026-03-14,2027-09-05,9267,10001,5604,13664,Bangalore,Available
INV02719,P019,B202602719,Vitamin D3 60000IU,Supplement,2025-03-30,2026-03-30,9386,10871,819,19438,Mumbai,Available
INV02720,P012,B202502720,Losartan 50mg,Cardiovascular,2025-01-07,2028-01-07,6851,1225,4995,3081,Hyderabad,Available
INV02721,P015,B202602721,Montelukast 10mg,Respiratory,2025-08-15,2026-08-15,5315,9418,4099,10634,Kolkata,Available
INV02722,P013,B202502722,Ciprofloxacin 500mg,Antibiotic,2025-10-20,2026-10-20,5903,1484,6536,851,Bangalore,Low Stock
INV02723,P014,B202602723,Diclofenac 50mg,Analgesic,2025-07-27,2027-07-27,3936,1496,5153,279,Chennai,Low Stock
INV02724,P001,B202502724,Paracetamol 500mg,Analgesic,2025-01-20,2027-01-20,9588,11979,128,21439,Chennai,Available
INV02725,P009,B202602725,Cetirizine 10mg,Antiallergic,2026-01-19,2027-07-13,577,1348,1216,709,Delhi,Low Stock
INV02726,P007,B202502726,Ibuprofen 400mg,Analgesic,2025-02-19,2028-02-19,1936,4579,2947,3568,Chennai,Available
INV02727,P020,B202602727,Enoxaparin 40mg,Anticoagulant,2026-01-11,2029-01-10,6697,17110,2111,21696,Bangalore,Available
INV02728,P014,B202502728,Diclofenac 50mg,Analgesic,2026-08-09,2028-08-08,3760,10299,1346,12713,Mumbai,Available
INV02729,P014,B202602729,Diclofenac 50mg,Analgesic,2025-04-10,2026-10-02,3254,10325,9166,4413,Kolkata,Available
INV02730,P009,B202502730,Cetirizine 10mg,Antiallergic,2026-05-12,2028-05-11,9258,15062,6610,17710,Chennai,Available
INV02731,P007,B202602731,Ibuprofen 400mg,Analgesic,2026-02-09,2028-02-09,6303,2957,4801,4459,Chennai,Available
INV02732,P004,B202502732,Metformin 500mg,Antidiabetic,2026-04-18,2029-04-17,5618,19321,10294,14645,Mumbai,Available
INV02733,P018,B202602733,Doxycycline 100mg,Antibiotic,2026-07-14,2027-07-14,9981,1094,5385,5690,Kolkata,Available
INV02734,P015,B202502734,Montelukast 10mg,Respiratory,2025-06-10,2027-06-10,2539,5508,7336,711,Bangalore,Low Stock
INV02735,P020,B202602735,Enoxaparin 40mg,Anticoagulant,2025-09-30,2026-09-30,7979,1916,3217,6678,Hyderabad,Available
INV02736,P016,B202502736,Salbutamol Inhaler,Respiratory,2025-08-27,2027-08-27,1185,14215,8531,6869,Hyderabad,Available
INV02737,P018,B202602737,Doxycycline 100mg,Antibiotic,2025-10-10,2027-10-10,2226,18724,2959,17991,Delhi,Available
INV02738,P002,B202502738,Amoxicillin 500mg,Antibiotic,2025-01-27,2026-01-27,9457,4999,10555,3901,Delhi,Available
INV02739,P002,B202602739,Amoxicillin 500mg,Antibiotic,2025-09-22,2027-03-16,3036,12478,10334,5180,Kolkata,Available
INV02740,P011,B202502740,Insulin Glargine,Antidiabetic,2026-06-21,2029-06-20,1336,13064,9280,5120,Bangalore,Available
INV02741,P013,B202602741,Ciprofloxacin 500mg,Antibiotic,2026-07-03,2027-12-25,8646,18744,7623,19767,Delhi,Available
INV02742,P011,B202502742,Insulin Glargine,Antidiabetic,2025-09-03,2027-02-25,5463,10161,9913,5711,Chennai,Available
INV02743,P007,B202602743,Ibuprofen 400mg,Analgesic,2025-11-04,2026-11-04,2172,8008,592,9588,Kolkata,Available
INV02744,P003,B202502744,Azithromycin 500mg,Antibiotic,2025-07-15,2027-01-06,2465,7987,7518,2934,Kolkata,Available
INV02745,P004,B202602745,Metformin 500mg,Antidiabetic,2025-05-24,2026-11-15,3536,16200,2676,17060,Mumbai,Available
INV02746,P011,B202502746,Insulin Glargine,Antidiabetic,2025-08-17,2027-08-17,8096,11110,5482,13724,Kolkata,Available
INV02747,P020,B202602747,Enoxaparin 40mg,Anticoagulant,2026-08-21,2027-08-21,8456,18076,9664,16868,Chennai,Available
INV02748,P008,B202502748,Amlodipine 5mg,Cardiovascular,2026-03-12,2028-03-11,8399,7678,8912,7165,Chennai,Available
INV02749,P017,B202602749,Levothyroxine 50mcg,Endocrine,2025-04-14,2028-04-13,2558,18805,464,20899,Hyderabad,Available
INV02750,P013,B202502750,Ciprofloxacin 500mg,Antibiotic,2025-11-23,2027-11-23,4334,1063,3334,2063,Delhi,Available
INV02751,P011,B202602751,Insulin Glargine,Antidiabetic,2025-08-15,2028-08-14,8028,4443,466,12005,Hyderabad,Available
INV02752,P001,B202502752,Paracetamol 500mg,Analgesic,2026-03-02,2028-03-01,4898,12241,9700,7439,Chennai,Available
INV02753,P009,B202602753,Cetirizine 10mg,Antiallergic,2025-12-22,2027-12-22,9519,15469,3772,21216,Kolkata,Available
INV02754,P008,B202502754,Amlodipine 5mg,Cardiovascular,2026-03-31,2029-03-30,8185,3043,2309,8919,Chennai,Available
INV02755,P003,B202602755,Azithromycin 500mg,Antibiotic,2025-01-07,2026-07-01,5122,3440,1313,7249,Mumbai,Available
INV02756,P012,B202502756,Losartan 50mg,Cardiovascular,2025-11-23,2028-11-22,9818,1627,7878,3567,Bangalore,Available
INV02757,P008,B202602757,Amlodipine 5mg,Cardiovascular,2025-07-25,2027-07-25,2930,17998,4599,16329,Chennai,Available
INV02758,P020,B202502758,Enoxaparin 40mg,Anticoagulant,2025-11-03,2026-11-03,7164,9042,4060,12146,Mumbai,Available
INV02759,P006,B202602759,Pantoprazole 40mg,Gastrointestinal,2025-06-18,2028-06-17,3146,9714,8577,4283,Hyderabad,Available
INV02760,P013,B202502760,Ciprofloxacin 500mg,Antibiotic,2026-06-22,2029-06-21,771,8696,2,9465,Delhi,Available
INV02761,P007,B202602761,Ibuprofen 400mg,Analgesic,2026-06-21,2027-06-21,8588,7503,11041,5050,Hyderabad,Available
INV02762,P006,B202502762,Pantoprazole 40mg,Gastrointestinal,2025-07-30,2028-07-29,7473,16512,6635,17350,Chennai,Available
INV02763,P013,B202602763,Ciprofloxacin 500mg,Antibiotic,2026-02-05,2029-02-04,9842,11941,5299,16484,Delhi,Available
INV02764,P015,B202502764,Montelukast 10mg,Respiratory,2026-08-15,2028-08-14,9569,14910,11421,13058,Chennai,Available
INV02765,P018,B202602765,Doxycycline 100mg,Antibiotic,2025-04-25,2028-04-24,3816,16154,4707,15263,Mumbai,Available
INV02766,P015,B202502766,Montelukast 10mg,Respiratory,2025-11-21,2027-11-21,1250,16834,4901,13183,Chennai,Available
INV02767,P006,B202602767,Pantoprazole 40mg,Gastrointestinal,2025-12-24,2027-12-24,1829,10010,7523,4316,Kolkata,Available
INV02768,P018,B202502768,Doxycycline 100mg,Antibiotic,2025-08-19,2027-08-19,2159,18017,10417,9759,Kolkata,Available
INV02769,P010,B202602769,Omeprazole 20mg,Gastrointestinal,2025-08-04,2028-08-03,7371,5029,6480,5920,Delhi,Available
INV02770,P010,B202502770,Omeprazole 20mg,Gastrointestinal,2025-08-11,2026-08-11,4410,5672,3029,7053,Hyderabad,Available
INV02771,P008,B202602771,Amlodipine 5mg,Cardiovascular,2026-01-14,2027-07-08,1849,16222,5177,12894,Delhi,Available
INV02772,P011,B202502772,Insulin Glargine,Antidiabetic,2025-10-31,2027-04-24,7679,17244,10847,14076,Mumbai,Available
INV02773,P007,B202602773,Ibuprofen 400mg,Analgesic,2025-02-19,2026-08-13,9926,5945,10140,5731,Chennai,Available
INV02774,P014,B202502774,Diclofenac 50mg,Analgesic,2025-12-06,2028-12-05,1435,3435,953,3917,Chennai,Available
INV02775,P009,B202602775,Cetirizine 10mg,Antiallergic,2025-05-05,2026-05-05,5145,8574,2135,11584,Bangalore,Available
INV02776,P016,B202502776,Salbutamol Inhaler,Respiratory,2026-04-13,2027-04-13,5190,5811,4498,6503,Bangalore,Available
INV02777,P019,B202602777,Vitamin D3 60000IU,Supplement,2026-03-09,2029-03-08,3310,17585,6219,14676,Hyderabad,Available
INV02778,P007,B202502778,Ibuprofen 400mg,Analgesic,2026-05-02,2029-05-01,7342,5303,7773,4872,Kolkata,Available
INV02779,P001,B202602779,Paracetamol 500mg,Analgesic,2025-07-12,2026-07-12,1486,19959,2883,18562,Hyderabad,Available
INV02780,P002,B202502780,Amoxicillin 500mg,Antibiotic,2026-08-12,2028-02-03,8018,5755,7691,6082,Kolkata,Available
INV02781,P014,B202602781,Diclofenac 50mg,Analgesic,2025-11-07,2026-11-07,2717,12340,5415,9642,Bangalore,Available
INV02782,P004,B202502782,Metformin 500mg,Antidiabetic,2025-09-17,2026-09-17,5763,6712,3498,8977,Bangalore,Available
INV02783,P011,B202602783,Insulin Glargine,Antidiabetic,2025-04-24,2027-04-24,9412,18333,8002,19743,Chennai,Available
INV02784,P019,B202502784,Vitamin D3 60000IU,Supplement,2026-02-14,2027-08-08,5258,17284,8016,14526,Mumbai,Available
INV02785,P004,B202602785,Metformin 500mg,Antidiabetic,2025-03-28,2026-09-19,8145,11499,715,18929,Kolkata,Available
INV02786,P009,B202502786,Cetirizine 10mg,Antiallergic,2025-08-23,2028-08-22,4081,12727,11055,5753,Delhi,Available
INV02787,P013,B202602787,Ciprofloxacin 500mg,Antibiotic,2025-08-01,2028-07-31,1213,6251,7397,67,Mumbai,Low Stock
INV02788,P004,B202502788,Metformin 500mg,Antidiabetic,2025-09-06,2027-02-28,5490,5482,4381,6591,Kolkata,Available
INV02789,P002,B202602789,Amoxicillin 500mg,Antibiotic,2026-04-04,2027-04-04,4845,13698,11466,7077,Hyderabad,Available
INV02790,P002,B202502790,Amoxicillin 500mg,Antibiotic,2026-03-27,2029-03-26,5868,2148,4013,4003,Mumbai,Available
INV02791,P010,B202602791,Omeprazole 20mg,Gastrointestinal,2025-02-02,2026-07-27,9991,1870,10846,1015,Delhi,Available
INV02792,P012,B202502792,Losartan 50mg,Cardiovascular,2026-07-15,2027-07-15,9852,6259,4189,11922,Mumbai,Available
INV02793,P013,B202602793,Ciprofloxacin 500mg,Antibiotic,2025-07-13,2028-07-12,702,13666,7875,6493,Delhi,Available
INV02794,P013,B202502794,Ciprofloxacin 500mg,Antibiotic,2026-03-25,2029-03-24,2574,10060,6746,5888,Mumbai,Available
INV02795,P020,B202602795,Enoxaparin 40mg,Anticoagulant,2025-11-03,2027-11-03,2349,8900,7037,4212,Mumbai,Available
INV02796,P016,B202502796,Salbutamol Inhaler,Respiratory,2025-03-24,2026-03-24,3720,7049,8782,1987,Kolkata,Available
INV02797,P010,B202602797,Omeprazole 20mg,Gastrointestinal,2025-10-31,2027-04-24,5552,14423,8669,11306,Kolkata,Available
INV02798,P012,B202502798,Losartan 50mg,Cardiovascular,2025-07-24,2026-07-24,7035,16276,6629,16682,Kolkata,Available
INV02799,P007,B202602799,Ibuprofen 400mg,Analgesic,2025-02-01,2027-02-01,1651,2598,2983,1266,Mumbai,Available
INV02800,P013,B202502800,Ciprofloxacin 500mg,Antibiotic,2026-03-25,2027-09-16,6305,11246,6960,10591,Chennai,Available
INV02801,P008,B202602801,Amlodipine 5mg,Cardiovascular,2025-10-30,2027-10-30,1831,5020,612,6239,Hyderabad,Available
INV02802,P009,B202502802,Cetirizine 10mg,Antiallergic,2026-07-17,2029-07-16,7747,11598,2430,16915,Mumbai,Available
INV02803,P016,B202602803,Salbutamol Inhaler,Respiratory,2026-06-30,2029-06-29,4192,10246,6110,8328,Bangalore,Available
INV02804,P003,B202502804,Azithromycin 500mg,Antibiotic,2025-01-28,2027-01-28,2631,14306,4503,12434,Chennai,Available
INV02805,P003,B202602805,Azithromycin 500mg,Antibiotic,2025-07-15,2026-07-15,4642,11678,2020,14300,Chennai,Available
INV02806,P020,B202502806,Enoxaparin 40mg,Anticoagulant,2025-01-26,2026-01-26,9546,13331,11036,11841,Chennai,Available
INV02807,P015,B202602807,Montelukast 10mg,Respiratory,2025-04-05,2027-04-05,3970,16839,517,20292,Bangalore,Available
INV02808,P012,B202502808,Losartan 50mg,Cardiovascular,2026-08-06,2029-08-05,6139,9168,3275,12032,Kolkata,Available
INV02809,P004,B202602809,Metformin 500mg,Antidiabetic,2025-03-17,2027-03-17,4228,10420,10824,3824,Hyderabad,Available
INV02810,P018,B202502810,Doxycycline 100mg,Antibiotic,2025-05-08,2026-10-30,542,13894,10302,4134,Kolkata,Available
INV02811,P004,B202602811,Metformin 500mg,Antidiabetic,2026-04-06,2027-04-06,6471,14346,1831,18986,Bangalore,Available
INV02812,P002,B202502812,Amoxicillin 500mg,Antibiotic,2026-03-02,2028-03-01,1633,10505,9550,2588,Hyderabad,Available
INV02813,P013,B202602813,Ciprofloxacin 500mg,Antibiotic,2025-06-25,2026-12-17,4225,7692,5905,6012,Hyderabad,Available
INV02814,P008,B202502814,Amlodipine 5mg,Cardiovascular,2026-01-09,2027-07-03,6736,3199,1367,8568,Kolkata,Available
INV02815,P010,B202602815,Omeprazole 20mg,Gastrointestinal,2026-01-01,2028-01-01,1888,19473,5086,16275,Kolkata,Available
INV02816,P009,B202502816,Cetirizine 10mg,Antiallergic,2025-09-01,2027-09-01,2313,12569,11800,3082,Delhi,Available
INV02817,P002,B202602817,Amoxicillin 500mg,Antibiotic,2026-02-23,2027-02-23,1481,6407,2405,5483,Bangalore,Available
INV02818,P001,B202502818,Paracetamol 500mg,Analgesic,2026-04-19,2027-10-11,2398,9159,8008,3549,Chennai,Available
INV02819,P006,B202602819,Pantoprazole 40mg,Gastrointestinal,2025-04-11,2028-04-10,6499,19677,3680,22496,Bangalore,Available
INV02820,P008,B202502820,Amlodipine 5mg,Cardiovascular,2025-07-16,2027-07-16,7303,2359,5679,3983,Mumbai,Available
INV02821,P013,B202602821,Ciprofloxacin 500mg,Antibiotic,2025-08-23,2027-08-23,7300,6574,2390,11484,Chennai,Available
INV02822,P019,B202502822,Vitamin D3 60000IU,Supplement,2025-09-24,2028-09-23,2256,16560,11859,6957,Hyderabad,Available
INV02823,P003,B202602823,Azithromycin 500mg,Antibiotic,2026-02-03,2029-02-02,1289,13174,10456,4007,Bangalore,Available
INV02824,P011,B202502824,Insulin Glargine,Antidiabetic,2025-02-16,2026-02-16,5120,7221,1021,11320,Chennai,Available
INV02825,P005,B202602825,Atorvastatin 20mg,Cardiovascular,2026-06-07,2027-06-07,5437,14814,5764,14487,Mumbai,Available
INV02826,P016,B202502826,Salbutamol Inhaler,Respiratory,2025-01-08,2028-01-08,7054,15532,5052,17534,Mumbai,Available
INV02827,P012,B202602827,Losartan 50mg,Cardiovascular,2026-01-21,2029-01-20,8645,2023,1619,9049,Kolkata,Available
INV02828,P008,B202502828,Amlodipine 5mg,Cardiovascular,2025-12-15,2026-12-15,1494,8769,7362,2901,Chennai,Available
INV02829,P018,B202602829,Doxycycline 100mg,Antibiotic,2025-04-29,2026-04-29,5648,11392,439,16601,Mumbai,Available
INV02830,P018,B202502830,Doxycycline 100mg,Antibiotic,2025-04-09,2028-04-08,4749,10964,7699,8014,Chennai,Available
INV02831,P013,B202602831,Ciprofloxacin 500mg,Antibiotic,2025-03-04,2026-08-26,8530,1762,7362,2930,Delhi,Available
INV02832,P003,B202502832,Azithromycin 500mg,Antibiotic,2025-03-15,2028-03-14,794,1428,37,2185,Delhi,Available
INV02833,P019,B202602833,Vitamin D3 60000IU,Supplement,2025-04-14,2028-04-13,7333,5365,844,11854,Mumbai,Available
INV02834,P002,B202502834,Amoxicillin 500mg,Antibiotic,2025-03-10,2026-09-01,8249,19887,7534,20602,Hyderabad,Available
INV02835,P007,B202602835,Ibuprofen 400mg,Analgesic,2026-01-03,2027-01-03,5427,15610,10106,10931,Bangalore,Available
INV02836,P006,B202502836,Pantoprazole 40mg,Gastrointestinal,2025-06-02,2027-06-02,2260,19062,11006,10316,Hyderabad,Available
INV02837,P009,B202602837,Cetirizine 10mg,Antiallergic,2025-09-21,2026-09-21,8944,15808,3990,20762,Delhi,Available
INV02838,P008,B202502838,Amlodipine 5mg,Cardiovascular,2025-05-17,2026-11-08,1517,16381,7858,10040,Kolkata,Available
INV02839,P001,B202602839,Paracetamol 500mg,Analgesic,2026-01-14,2028-01-14,6425,19805,4680,21550,Bangalore,Available
INV02840,P001,B202502840,Paracetamol 500mg,Analgesic,2025-10-23,2026-10-23,1840,3801,1562,4079,Bangalore,Available
INV02841,P010,B202602841,Omeprazole 20mg,Gastrointestinal,2026-01-28,2027-07-22,1795,11876,1027,12644,Chennai,Available
INV02842,P008,B202502842,Amlodipine 5mg,Cardiovascular,2025-09-03,2026-09-03,3187,3771,3883,3075,Bangalore,Available
INV02843,P014,B202602843,Diclofenac 50mg,Analgesic,2025-06-03,2027-06-03,5600,13035,9097,9538,Delhi,Available
INV02844,P018,B202502844,Doxycycline 100mg,Antibiotic,2025-06-05,2028-06-04,3758,12936,5904,10790,Kolkata,Available
INV02845,P006,B202602845,Pantoprazole 40mg,Gastrointestinal,2025-11-08,2026-11-08,6517,1701,3383,4835,Bangalore,Available
INV02846,P007,B202502846,Ibuprofen 400mg,Analgesic,2025-10-18,2027-04-11,4166,3818,5706,2278,Chennai,Available
INV02847,P010,B202602847,Omeprazole 20mg,Gastrointestinal,2025-02-03,2026-02-03,6910,18650,10374,15186,Mumbai,Available
INV02848,P010,B202502848,Omeprazole 20mg,Gastrointestinal,2025-04-08,2026-04-08,7775,9140,5962,10953,Mumbai,Available
INV02849,P007,B202602849,Ibuprofen 400mg,Analgesic,2026-08-15,2029-08-14,7067,8394,8657,6804,Mumbai,Available
INV02850,P011,B202502850,Insulin Glargine,Antidiabetic,2025-03-29,2027-03-29,1074,14729,7244,8559,Bangalore,Available
INV02851,P011,B202602851,Insulin Glargine,Antidiabetic,2025-05-14,2026-11-05,623,14715,6118,9220,Mumbai,Available
INV02852,P018,B202502852,Doxycycline 100mg,Antibiotic,2026-01-22,2028-01-22,1897,10504,8408,3993,Kolkata,Available
INV02853,P013,B202602853,Ciprofloxacin 500mg,Antibiotic,2025-04-14,2027-04-14,1208,6946,7480,674,Chennai,Low Stock
INV02854,P019,B202502854,Vitamin D3 60000IU,Supplement,2025-07-31,2027-07-31,7150,5673,11312,1511,Kolkata,Available
INV02855,P003,B202602855,Azithromycin 500mg,Antibiotic,2026-04-05,2027-09-27,6902,11534,2675,15761,Bangalore,Available
INV02856,P011,B202502856,Insulin Glargine,Antidiabetic,2026-05-18,2029-05-17,3110,17345,4271,16184,Delhi,Available
INV02857,P007,B202602857,Ibuprofen 400mg,Analgesic,2025-11-10,2027-11-10,7128,9965,6339,10754,Delhi,Available
INV02858,P009,B202502858,Cetirizine 10mg,Antiallergic,2025-11-11,2026-11-11,8764,3395,10476,1683,Chennai,Available
INV02859,P019,B202602859,Vitamin D3 60000IU,Supplement,2025-01-15,2026-01-15,996,8934,8984,946,Chennai,Low Stock
INV02860,P015,B202502860,Montelukast 10mg,Respiratory,2026-05-25,2027-05-25,7983,6929,8291,6621,Chennai,Available
INV02861,P014,B202602861,Diclofenac 50mg,Analgesic,2025-09-08,2027-09-08,4954,12938,5506,12386,Mumbai,Available
INV02862,P005,B202502862,Atorvastatin 20mg,Cardiovascular,2025-08-21,2027-08-21,8768,2957,2143,9582,Delhi,Available
INV02863,P015,B202602863,Montelukast 10mg,Respiratory,2025-04-12,2026-10-04,942,1999,421,2520,Chennai,Available
INV02864,P018,B202502864,Doxycycline 100mg,Antibiotic,2025-10-27,2026-10-27,9254,6289,1856,13687,Bangalore,Available
INV02865,P008,B202602865,Amlodipine 5mg,Cardiovascular,2026-03-18,2027-09-09,4732,7465,11324,873,Chennai,Low Stock
INV02866,P014,B202502866,Diclofenac 50mg,Analgesic,2025-09-20,2027-09-20,8908,13476,9766,12618,Bangalore,Available
INV02867,P018,B202602867,Doxycycline 100mg,Antibiotic,2026-07-25,2028-07-24,9587,11787,3313,18061,Delhi,Available
INV02868,P013,B202502868,Ciprofloxacin 500mg,Antibiotic,2025-03-28,2026-03-28,3268,11402,1776,12894,Chennai,Available
INV02869,P003,B202602869,Azithromycin 500mg,Antibiotic,2026-07-18,2028-07-17,3722,8078,8184,3616,Bangalore,Available
INV02870,P015,B202502870,Montelukast 10mg,Respiratory,2025-11-28,2026-11-28,9025,12952,1964,20013,Delhi,Available
INV02871,P009,B202602871,Cetirizine 10mg,Antiallergic,2026-04-04,2027-09-26,10000,18620,482,28138,Mumbai,Available
INV02872,P005,B202502872,Atorvastatin 20mg,Cardiovascular,2025-09-28,2026-09-28,5589,3934,5934,3589,Mumbai,Available
INV02873,P020,B202602873,Enoxaparin 40mg,Anticoagulant,2026-06-12,2028-06-11,4763,14602,8022,11343,Bangalore,Available
INV02874,P008,B202502874,Amlodipine 5mg,Cardiovascular,2026-08-19,2028-02-10,625,16851,11195,6281,Delhi,Available
INV02875,P013,B202602875,Ciprofloxacin 500mg,Antibiotic,2025-07-30,2027-01-21,9185,17303,5982,20506,Hyderabad,Available
INV02876,P004,B202502876,Metformin 500mg,Antidiabetic,2025-01-07,2026-07-01,5762,13819,9661,9920,Mumbai,Available
INV02877,P004,B202602877,Metformin 500mg,Antidiabetic,2026-05-22,2029-05-21,5565,1744,3419,3890,Delhi,Available
INV02878,P018,B202502878,Doxycycline 100mg,Antibiotic,2025-11-01,2027-04-25,4110,8874,196,12788,Bangalore,Available
INV02879,P016,B202602879,Salbutamol Inhaler,Respiratory,2025-08-06,2028-08-05,4272,19941,2167,22046,Hyderabad,Available
INV02880,P012,B202502880,Losartan 50mg,Cardiovascular,2026-04-27,2027-04-27,5277,5250,7761,2766,Delhi,Available
INV02881,P014,B202602881,Diclofenac 50mg,Analgesic,2025-06-11,2026-12-03,6577,7705,8286,5996,Bangalore,Available
INV02882,P007,B202502882,Ibuprofen 400mg,Analgesic,2025-03-03,2026-03-03,2993,10300,1733,11560,Bangalore,Available
INV02883,P018,B202602883,Doxycycline 100mg,Antibiotic,2025-11-06,2027-11-06,7399,2930,6408,3921,Kolkata,Available
INV02884,P009,B202502884,Cetirizine 10mg,Antiallergic,2026-06-02,2029-06-01,5691,2933,5325,3299,Kolkata,Available
INV02885,P012,B202602885,Losartan 50mg,Cardiovascular,2026-04-26,2028-04-25,4487,18966,1834,21619,Mumbai,Available
INV02886,P004,B202502886,Metformin 500mg,Antidiabetic,2026-01-28,2029-01-27,9979,5440,8732,6687,Kolkata,Available
INV02887,P017,B202602887,Levothyroxine 50mcg,Endocrine,2025-10-29,2026-10-29,4886,15745,7434,13197,Mumbai,Available
INV02888,P005,B202502888,Atorvastatin 20mg,Cardiovascular,2026-01-27,2027-07-21,4985,18832,109,23708,Hyderabad,Available
INV02889,P019,B202602889,Vitamin D3 60000IU,Supplement,2026-07-07,2027-12-29,9945,5020,622,14343,Hyderabad,Available
INV02890,P011,B202502890,Insulin Glargine,Antidiabetic,2025-01-04,2026-01-04,8014,12813,7264,13563,Kolkata,Available
INV02891,P005,B202602891,Atorvastatin 20mg,Cardiovascular,2026-06-23,2027-12-15,9286,15881,2560,22607,Hyderabad,Available
INV02892,P011,B202502892,Insulin Glargine,Antidiabetic,2025-10-29,2026-10-29,2973,18089,9045,12017,Hyderabad,Available
INV02893,P015,B202602893,Montelukast 10mg,Respiratory,2025-04-03,2026-09-25,615,13335,2183,11767,Hyderabad,Available
INV02894,P004,B202502894,Metformin 500mg,Antidiabetic,2025-04-21,2026-04-21,5768,17487,3618,19637,Chennai,Available
INV02895,P011,B202602895,Insulin Glargine,Antidiabetic,2025-06-02,2026-06-02,7941,1435,3958,5418,Bangalore,Available
INV02896,P016,B202502896,Salbutamol Inhaler,Respiratory,2026-08-17,2028-02-08,3479,11728,6024,9183,Mumbai,Available
INV02897,P008,B202602897,Amlodipine 5mg,Cardiovascular,2025-04-23,2026-10-15,6064,14954,9010,12008,Delhi,Available
INV02898,P016,B202502898,Salbutamol Inhaler,Respiratory,2025-12-22,2027-06-15,3857,10856,3692,11021,Chennai,Available
INV02899,P004,B202602899,Metformin 500mg,Antidiabetic,2025-02-02,2026-07-27,1183,4640,2191,3632,Bangalore,Available
INV02900,P005,B202502900,Atorvastatin 20mg,Cardiovascular,2025-11-23,2027-05-17,9016,2781,8491,3306,Delhi,Available
INV02901,P013,B202602901,Ciprofloxacin 500mg,Antibiotic,2026-02-08,2027-02-08,8023,7296,7806,7513,Hyderabad,Available
INV02902,P008,B202502902,Amlodipine 5mg,Cardiovascular,2026-02-25,2029-02-24,8841,14801,6462,17180,Delhi,Available
INV02903,P020,B202602903,Enoxaparin 40mg,Anticoagulant,2025-05-05,2028-05-04,6665,12707,7101,12271,Chennai,Available
INV02904,P014,B202502904,Diclofenac 50mg,Analgesic,2025-02-26,2028-02-26,7423,18386,11238,14571,Kolkata,Available
INV02905,P001,B202602905,Paracetamol 500mg,Analgesic,2026-01-14,2029-01-13,9677,11437,10937,10177,Kolkata,Available
INV02906,P001,B202502906,Paracetamol 500mg,Analgesic,2026-06-15,2028-06-14,5950,4391,9500,841,Hyderabad,Low Stock
INV02907,P009,B202602907,Cetirizine 10mg,Antiallergic,2025-06-28,2028-06-27,5090,3166,89,8167,Kolkata,Available
INV02908,P005,B202502908,Atorvastatin 20mg,Cardiovascular,2026-04-08,2027-04-08,9020,13361,2697,19684,Kolkata,Available
INV02909,P006,B202602909,Pantoprazole 40mg,Gastrointestinal,2026-08-22,2028-08-21,4761,2111,1787,5085,Bangalore,Available
INV02910,P018,B202502910,Doxycycline 100mg,Antibiotic,2025-03-02,2026-03-02,1682,19511,11647,9546,Chennai,Available
INV02911,P002,B202602911,Amoxicillin 500mg,Antibiotic,2025-10-30,2028-10-29,1418,16078,218,17278,Chennai,Available
INV02912,P011,B202502912,Insulin Glargine,Antidiabetic,2026-06-17,2027-12-09,7961,17011,3899,21073,Delhi,Available
INV02913,P010,B202602913,Omeprazole 20mg,Gastrointestinal,2025-09-17,2028-09-16,2647,3273,2844,3076,Chennai,Available
INV02914,P004,B202502914,Metformin 500mg,Antidiabetic,2025-07-24,2027-07-24,5030,12509,6336,11203,Chennai,Available
INV02915,P018,B202602915,Doxycycline 100mg,Antibiotic,2025-09-27,2027-03-21,3147,9431,10037,2541,Delhi,Available
INV02916,P014,B202502916,Diclofenac 50mg,Analgesic,2025-09-09,2027-09-09,7268,11034,11214,7088,Kolkata,Available
INV02917,P004,B202602917,Metformin 500mg,Antidiabetic,2025-05-17,2028-05-16,4316,6897,8928,2285,Delhi,Available
INV02918,P003,B202502918,Azithromycin 500mg,Antibiotic,2025-02-25,2028-02-25,7766,7699,10350,5115,Bangalore,Available
INV02919,P018,B202602919,Doxycycline 100mg,Antibiotic,2025-02-17,2027-02-17,8509,12767,9344,11932,Mumbai,Available
INV02920,P006,B202502920,Pantoprazole 40mg,Gastrointestinal,2025-06-09,2026-06-09,3134,5697,6683,2148,Hyderabad,Available
INV02921,P004,B202602921,Metformin 500mg,Antidiabetic,2026-03-16,2028-03-15,2548,14412,2593,14367,Chennai,Available
INV02922,P001,B202502922,Paracetamol 500mg,Analgesic,2025-12-21,2027-12-21,4042,14091,4557,13576,Delhi,Available
INV02923,P005,B202602923,Atorvastatin 20mg,Cardiovascular,2025-12-08,2028-12-07,9678,7845,5673,11850,Mumbai,Available
INV02924,P018,B202502924,Doxycycline 100mg,Antibiotic,2026-08-01,2028-07-31,8311,2599,8284,2626,Chennai,Available
INV02925,P015,B202602925,Montelukast 10mg,Respiratory,2025-12-17,2028-12-16,6709,17082,2162,21629,Delhi,Available
INV02926,P009,B202502926,Cetirizine 10mg,Antiallergic,2026-06-05,2029-06-04,8518,5093,5908,7703,Bangalore,Available
INV02927,P020,B202602927,Enoxaparin 40mg,Anticoagulant,2025-06-04,2027-06-04,5132,18188,9856,13464,Chennai,Available
INV02928,P013,B202502928,Ciprofloxacin 500mg,Antibiotic,2025-03-13,2028-03-12,1095,9656,4079,6672,Mumbai,Available
INV02929,P020,B202602929,Enoxaparin 40mg,Anticoagulant,2025-05-19,2027-05-19,2571,18320,8834,12057,Mumbai,Available
INV02930,P002,B202502930,Amoxicillin 500mg,Antibiotic,2025-04-02,2026-04-02,4360,17832,1435,20757,Delhi,Available
INV02931,P007,B202602931,Ibuprofen 400mg,Analgesic,2025-01-28,2027-01-28,7191,19231,6080,20342,Hyderabad,Available
INV02932,P018,B202502932,Doxycycline 100mg,Antibiotic,2025-05-29,2027-05-29,9463,1084,9758,789,Hyderabad,Low Stock
INV02933,P010,B202602933,Omeprazole 20mg,Gastrointestinal,2025-06-04,2026-06-04,7171,10162,6112,11221,Mumbai,Available
INV02934,P015,B202502934,Montelukast 10mg,Respiratory,2026-08-03,2028-08-02,1978,7220,4562,4636,Bangalore,Available
INV02935,P005,B202602935,Atorvastatin 20mg,Cardiovascular,2025-05-02,2028-05-01,4307,17702,6618,15391,Delhi,Available
INV02936,P019,B202502936,Vitamin D3 60000IU,Supplement,2026-02-20,2027-02-20,3175,13656,26,16805,Bangalore,Available
INV02937,P002,B202602937,Amoxicillin 500mg,Antibiotic,2026-03-05,2027-08-27,607,15092,7871,7828,Chennai,Available
INV02938,P004,B202502938,Metformin 500mg,Antidiabetic,2026-06-09,2027-06-09,5923,11619,2624,14918,Mumbai,Available
INV02939,P002,B202602939,Amoxicillin 500mg,Antibiotic,2025-10-10,2027-10-10,3434,11218,11442,3210,Hyderabad,Available
INV02940,P006,B202502940,Pantoprazole 40mg,Gastrointestinal,2025-03-13,2027-03-13,2436,17233,3491,16178,Delhi,Available
INV02941,P004,B202602941,Metformin 500mg,Antidiabetic,2025-07-13,2026-07-13,5748,1527,603,6672,Delhi,Available
INV02942,P011,B202502942,Insulin Glargine,Antidiabetic,2025-07-17,2027-01-08,4457,15401,5357,14501,Kolkata,Available
INV02943,P005,B202602943,Atorvastatin 20mg,Cardiovascular,2025-04-30,2026-10-22,1274,13750,4687,10337,Mumbai,Available
INV02944,P011,B202502944,Insulin Glargine,Antidiabetic,2025-02-19,2026-08-13,9737,12943,6888,15792,Delhi,Available
INV02945,P010,B202602945,Omeprazole 20mg,Gastrointestinal,2026-07-16,2029-07-15,4389,18570,990,21969,Hyderabad,Available
INV02946,P007,B202502946,Ibuprofen 400mg,Analgesic,2026-02-23,2028-02-23,4990,5864,5502,5352,Hyderabad,Available
INV02947,P010,B202602947,Omeprazole 20mg,Gastrointestinal,2025-07-23,2028-07-22,7589,4330,11206,713,Delhi,Low Stock
INV02948,P008,B202502948,Amlodipine 5mg,Cardiovascular,2025-11-15,2026-11-15,944,8992,7772,2164,Mumbai,Available
INV02949,P008,B202602949,Amlodipine 5mg,Cardiovascular,2026-08-18,2029-08-17,4907,1839,4583,2163,Chennai,Available
INV02950,P019,B202502950,Vitamin D3 60000IU,Supplement,2026-07-23,2028-07-22,1517,5738,5200,2055,Delhi,Available
INV02951,P009,B202602951,Cetirizine 10mg,Antiallergic,2025-08-30,2027-08-30,4512,3940,8278,174,Mumbai,Low Stock
INV02952,P006,B202502952,Pantoprazole 40mg,Gastrointestinal,2025-02-11,2026-08-05,9869,4037,2936,10970,Hyderabad,Available
INV02953,P002,B202602953,Amoxicillin 500mg,Antibiotic,2025-12-29,2027-06-22,7635,8612,7638,8609,Bangalore,Available
INV02954,P007,B202502954,Ibuprofen 400mg,Analgesic,2025-09-06,2026-09-06,4483,9935,4846,9572,Delhi,Available
INV02955,P016,B202602955,Salbutamol Inhaler,Respiratory,2026-04-08,2027-04-08,6583,18178,10455,14306,Hyderabad,Available
INV02956,P016,B202502956,Salbutamol Inhaler,Respiratory,2026-04-26,2027-10-18,8757,13012,9014,12755,Chennai,Available
INV02957,P016,B202602957,Salbutamol Inhaler,Respiratory,2026-07-29,2029-07-28,4512,11679,7780,8411,Kolkata,Available
INV02958,P008,B202502958,Amlodipine 5mg,Cardiovascular,2025-07-07,2027-07-07,9565,18328,1775,26118,Kolkata,Available
INV02959,P016,B202602959,Salbutamol Inhaler,Respiratory,2025-04-05,2026-04-05,2439,18660,9059,12040,Delhi,Available
INV02960,P013,B202502960,Ciprofloxacin 500mg,Antibiotic,2025-09-05,2028-09-04,1984,6962,1794,7152,Kolkata,Available
INV02961,P011,B202602961,Insulin Glargine,Antidiabetic,2026-02-15,2029-02-14,2357,19325,1518,20164,Chennai,Available
INV02962,P015,B202502962,Montelukast 10mg,Respiratory,2026-05-11,2027-05-11,9620,16093,1327,24386,Delhi,Available
INV02963,P017,B202602963,Levothyroxine 50mcg,Endocrine,2025-10-14,2027-04-07,3117,10803,11807,2113,Delhi,Available
INV02964,P015,B202502964,Montelukast 10mg,Respiratory,2026-04-13,2029-04-12,4304,15606,3936,15974,Delhi,Available
INV02965,P007,B202602965,Ibuprofen 400mg,Analgesic,2026-07-18,2028-07-17,6046,9579,6241,9384,Chennai,Available
INV02966,P006,B202502966,Pantoprazole 40mg,Gastrointestinal,2026-05-13,2027-11-04,1845,15001,8500,8346,Mumbai,Available
INV02967,P013,B202602967,Ciprofloxacin 500mg,Antibiotic,2026-03-14,2029-03-13,9551,17233,5272,21512,Hyderabad,Available
INV02968,P002,B202502968,Amoxicillin 500mg,Antibiotic,2025-12-11,2027-12-11,7064,1180,5782,2462,Chennai,Available
INV02969,P015,B202602969,Montelukast 10mg,Respiratory,2025-11-12,2026-11-12,5152,13250,6833,11569,Delhi,Available
INV02970,P011,B202502970,Insulin Glargine,Antidiabetic,2025-11-28,2027-05-22,6247,6348,5898,6697,Mumbai,Available
INV02971,P015,B202602971,Montelukast 10mg,Respiratory,2026-06-21,2028-06-20,1786,13683,3897,11572,Bangalore,Available
INV02972,P004,B202502972,Metformin 500mg,Antidiabetic,2026-08-23,2028-02-14,2416,3536,3871,2081,Chennai,Available
INV02973,P008,B202602973,Amlodipine 5mg,Cardiovascular,2025-03-04,2026-08-26,6820,3165,2673,7312,Bangalore,Available
INV02974,P010,B202502974,Omeprazole 20mg,Gastrointestinal,2025-04-13,2026-04-13,1573,14874,5874,10573,Kolkata,Available
INV02975,P008,B202602975,Amlodipine 5mg,Cardiovascular,2025-05-14,2026-05-14,9555,12205,3903,17857,Delhi,Available
INV02976,P012,B202502976,Losartan 50mg,Cardiovascular,2025-03-10,2027-03-10,1632,4786,4578,1840,Mumbai,Available
INV02977,P005,B202602977,Atorvastatin 20mg,Cardiovascular,2025-02-10,2027-02-10,7122,4858,4991,6989,Mumbai,Available
INV02978,P018,B202502978,Doxycycline 100mg,Antibiotic,2026-04-20,2027-10-12,5379,18549,4149,19779,Bangalore,Available
INV02979,P006,B202602979,Pantoprazole 40mg,Gastrointestinal,2025-12-31,2028-12-30,3424,2112,1006,4530,Mumbai,Available
INV02980,P002,B202502980,Amoxicillin 500mg,Antibiotic,2025-01-21,2027-01-21,8332,5430,6271,7491,Delhi,Available
INV02981,P014,B202602981,Diclofenac 50mg,Analgesic,2026-08-11,2029-08-10,3501,19539,419,22621,Kolkata,Available
INV02982,P003,B202502982,Azithromycin 500mg,Antibiotic,2025-03-10,2026-03-10,1659,9802,7337,4124,Chennai,Available
INV02983,P001,B202602983,Paracetamol 500mg,Analgesic,2025-06-27,2026-06-27,1885,15182,7689,9378,Hyderabad,Available
INV02984,P007,B202502984,Ibuprofen 400mg,Analgesic,2026-07-09,2028-07-08,2769,18742,2383,19128,Hyderabad,Available
INV02985,P014,B202602985,Diclofenac 50mg,Analgesic,2025-11-04,2026-11-04,8165,5335,8301,5199,Mumbai,Available
INV02986,P016,B202502986,Salbutamol Inhaler,Respiratory,2026-06-23,2029-06-22,9252,11258,780,19730,Delhi,Available
INV02987,P010,B202602987,Omeprazole 20mg,Gastrointestinal,2026-03-08,2027-03-08,7128,9391,8041,8478,Mumbai,Available
INV02988,P008,B202502988,Amlodipine 5mg,Cardiovascular,2025-05-09,2028-05-08,1152,5488,2833,3807,Bangalore,Available
INV02989,P019,B202602989,Vitamin D3 60000IU,Supplement,2025-07-27,2026-07-27,2911,4642,5009,2544,Mumbai,Available
INV02990,P005,B202502990,Atorvastatin 20mg,Cardiovascular,2026-06-08,2028-06-07,4327,10751,7875,7203,Bangalore,Available
INV02991,P017,B202602991,Levothyroxine 50mcg,Endocrine,2025-06-05,2026-06-05,5456,17652,8797,14311,Hyderabad,Available
INV02992,P008,B202502992,Amlodipine 5mg,Cardiovascular,2025-12-24,2026-12-24,8291,6606,2600,12297,Bangalore,Available
INV02993,P014,B202602993,Diclofenac 50mg,Analgesic,2025-01-16,2028-01-16,9745,3111,1157,11699,Kolkata,Available
INV02994,P003,B202502994,Azithromycin 500mg,Antibiotic,2025-09-02,2028-09-01,1820,13607,4591,10836,Mumbai,Available
INV02995,P019,B202602995,Vitamin D3 60000IU,Supplement,2026-01-25,2027-07-19,9383,12035,1192,20226,Mumbai,Available
INV02996,P005,B202502996,Atorvastatin 20mg,Cardiovascular,2026-01-21,2029-01-20,871,15832,10996,5707,Kolkata,Available
INV02997,P014,B202602997,Diclofenac 50mg,Analgesic,2025-07-08,2026-07-08,9477,8837,4124,14190,Chennai,Available
INV02998,P015,B202502998,Montelukast 10mg,Respiratory,2026-05-01,2029-04-30,8832,4245,2035,11042,Hyderabad,Available
INV02999,P013,B202602999,Ciprofloxacin 500mg,Antibiotic,2025-12-15,2028-12-14,8517,16454,947,24024,Chennai,Available
INV03000,P018,B202503000,Doxycycline 100mg,Antibiotic,2026-08-13,2028-02-04,7879,8718,1929,14668,Mumbai,Available
INV03001,P006,B202603001,Pantoprazole 40mg,Gastrointestinal,2026-07-01,2027-07-01,1742,12016,6891,6867,Delhi,Available
INV03002,P003,B202503002,Azithromycin 500mg,Antibiotic,2025-10-27,2028-10-26,1353,16161,1509,16005,Hyderabad,Available
INV03003,P018,B202603003,Doxycycline 100mg,Antibiotic,2025-06-28,2027-06-28,4124,12671,4865,11930,Mumbai,Available
INV03004,P017,B202503004,Levothyroxine 50mcg,Endocrine,2025-11-29,2027-11-29,8153,9131,9883,7401,Chennai,Available
INV03005,P018,B202603005,Doxycycline 100mg,Antibiotic,2025-10-02,2027-10-02,1718,3115,519,4314,Delhi,Available
INV03006,P007,B202503006,Ibuprofen 400mg,Analgesic,2025-06-23,2027-06-23,4285,3562,4374,3473,Delhi,Available
INV03007,P003,B202603007,Azithromycin 500mg,Antibiotic,2025-06-11,2026-06-11,7107,5733,339,12501,Hyderabad,Available
INV03008,P010,B202503008,Omeprazole 20mg,Gastrointestinal,2026-04-07,2027-04-07,8872,7279,4111,12040,Bangalore,Available
INV03009,P006,B202603009,Pantoprazole 40mg,Gastrointestinal,2025-10-09,2027-10-09,7787,10932,1202,17517,Mumbai,Available
INV03010,P015,B202503010,Montelukast 10mg,Respiratory,2026-01-19,2028-01-19,5329,10588,11917,4000,Delhi,Available
INV03011,P012,B202603011,Losartan 50mg,Cardiovascular,2025-07-21,2027-01-12,7248,17303,9356,15195,Delhi,Available
INV03012,P016,B202503012,Salbutamol Inhaler,Respiratory,2025-01-20,2026-07-14,2809,13424,9040,7193,Bangalore,Available
INV03013,P004,B202603013,Metformin 500mg,Antidiabetic,2025-10-25,2028-10-24,524,17710,2323,15911,Hyderabad,Available
INV03014,P013,B202503014,Ciprofloxacin 500mg,Antibiotic,2026-03-14,2029-03-13,552,1931,1187,1296,Delhi,Available
INV03015,P006,B202603015,Pantoprazole 40mg,Gastrointestinal,2026-01-18,2027-07-12,9358,4371,7862,5867,Delhi,Available
INV03016,P003,B202503016,Azithromycin 500mg,Antibiotic,2025-12-29,2026-12-29,5626,13080,866,17840,Hyderabad,Available
INV03017,P006,B202603017,Pantoprazole 40mg,Gastrointestinal,2026-07-11,2027-07-11,9247,11146,11384,9009,Chennai,Available
INV03018,P006,B202503018,Pantoprazole 40mg,Gastrointestinal,2025-12-02,2027-12-02,1244,13597,5516,9325,Bangalore,Available
INV03019,P018,B202603019,Doxycycline 100mg,Antibiotic,2025-06-09,2028-06-08,2464,11292,4450,9306,Kolkata,Available
INV03020,P020,B202503020,Enoxaparin 40mg,Anticoagulant,2026-04-08,2029-04-07,7805,6575,11045,3335,Delhi,Available
INV03021,P007,B202603021,Ibuprofen 400mg,Analgesic,2025-04-26,2027-04-26,3135,13401,780,15756,Delhi,Available
INV03022,P013,B202503022,Ciprofloxacin 500mg,Antibiotic,2025-11-11,2027-11-11,9941,16932,5275,21598,Kolkata,Available
INV03023,P020,B202603023,Enoxaparin 40mg,Anticoagulant,2025-04-07,2026-09-29,7559,10784,1616,16727,Mumbai,Available
INV03024,P008,B202503024,Amlodipine 5mg,Cardiovascular,2026-03-20,2028-03-19,1829,1939,1082,2686,Bangalore,Available
INV03025,P018,B202603025,Doxycycline 100mg,Antibiotic,2025-06-12,2027-06-12,1711,9393,10373,731,Delhi,Low Stock
INV03026,P006,B202503026,Pantoprazole 40mg,Gastrointestinal,2026-03-25,2028-03-24,2733,19935,11251,11417,Delhi,Available
INV03027,P001,B202603027,Paracetamol 500mg,Analgesic,2025-09-04,2027-09-04,9333,14927,2670,21590,Delhi,Available
INV03028,P004,B202503028,Metformin 500mg,Antidiabetic,2025-10-12,2027-10-12,5343,9119,5247,9215,Chennai,Available
INV03029,P011,B202603029,Insulin Glargine,Antidiabetic,2025-01-26,2027-01-26,6369,14218,8528,12059,Hyderabad,Available
INV03030,P020,B202503030,Enoxaparin 40mg,Anticoagulant,2026-08-18,2027-08-18,2580,5678,7981,277,Kolkata,Low Stock
INV03031,P006,B202603031,Pantoprazole 40mg,Gastrointestinal,2026-01-14,2027-01-14,861,5376,482,5755,Kolkata,Available
INV03032,P016,B202503032,Salbutamol Inhaler,Respiratory,2025-04-21,2027-04-21,2449,11743,10752,3440,Kolkata,Available
INV03033,P017,B202603033,Levothyroxine 50mcg,Endocrine,2025-05-25,2026-05-25,2024,3415,3339,2100,Delhi,Available
INV03034,P018,B202503034,Doxycycline 100mg,Antibiotic,2025-02-24,2026-08-18,7416,13945,5129,16232,Bangalore,Available
INV03035,P010,B202603035,Omeprazole 20mg,Gastrointestinal,2025-04-14,2027-04-14,9065,4718,1415,12368,Chennai,Available
INV03036,P001,B202503036,Paracetamol 500mg,Analgesic,2026-08-14,2029-08-13,4332,7888,4642,7578,Mumbai,Available
INV03037,P017,B202603037,Levothyroxine 50mcg,Endocrine,2026-04-25,2027-04-25,2209,11271,7804,5676,Chennai,Available
INV03038,P007,B202503038,Ibuprofen 400mg,Analgesic,2025-10-17,2026-10-17,4830,14063,3653,15240,Hyderabad,Available
INV03039,P010,B202603039,Omeprazole 20mg,Gastrointestinal,2026-06-04,2028-06-03,9231,2171,9681,1721,Bangalore,Available
INV03040,P007,B202503040,Ibuprofen 400mg,Analgesic,2025-09-13,2026-09-13,9899,17964,6855,21008,Mumbai,Available
INV03041,P016,B202603041,Salbutamol Inhaler,Respiratory,2026-03-01,2027-08-23,8358,4665,3332,9691,Bangalore,Available
INV03042,P003,B202503042,Azithromycin 500mg,Antibiotic,2025-04-30,2027-04-30,8628,12214,5345,15497,Hyderabad,Available
INV03043,P003,B202603043,Azithromycin 500mg,Antibiotic,2025-12-17,2026-12-17,8009,8768,4200,12577,Bangalore,Available
INV03044,P005,B202503044,Atorvastatin 20mg,Cardiovascular,2025-01-09,2027-01-09,5154,15932,6783,14303,Kolkata,Available
INV03045,P016,B202603045,Salbutamol Inhaler,Respiratory,2025-03-30,2026-03-30,8948,6113,9181,5880,Delhi,Available
INV03046,P015,B202503046,Montelukast 10mg,Respiratory,2025-06-10,2026-12-02,5771,1421,2241,4951,Delhi,Available
INV03047,P005,B202603047,Atorvastatin 20mg,Cardiovascular,2025-06-21,2028-06-20,3253,18146,11126,10273,Chennai,Available
INV03048,P004,B202503048,Metformin 500mg,Antidiabetic,2025-05-04,2028-05-03,514,10572,6610,4476,Kolkata,Available
INV03049,P018,B202603049,Doxycycline 100mg,Antibiotic,2025-06-20,2027-06-20,6522,19339,6679,19182,Bangalore,Available
INV03050,P019,B202503050,Vitamin D3 60000IU,Supplement,2025-11-04,2026-11-04,2307,4887,5189,2005,Kolkata,Available
INV03051,P009,B202603051,Cetirizine 10mg,Antiallergic,2025-02-28,2028-02-28,6530,11844,726,17648,Kolkata,Available
INV03052,P002,B202503052,Amoxicillin 500mg,Antibiotic,2026-01-02,2028-01-02,5382,11476,4774,12084,Delhi,Available
INV03053,P008,B202603053,Amlodipine 5mg,Cardiovascular,2025-10-12,2027-10-12,7553,3913,11377,89,Bangalore,Low Stock
INV03054,P006,B202503054,Pantoprazole 40mg,Gastrointestinal,2025-07-28,2027-01-19,3843,7138,4788,6193,Chennai,Available
INV03055,P017,B202603055,Levothyroxine 50mcg,Endocrine,2025-07-28,2027-01-19,6929,2131,4040,5020,Hyderabad,Available
INV03056,P013,B202503056,Ciprofloxacin 500mg,Antibiotic,2025-02-16,2028-02-16,3065,10767,6867,6965,Mumbai,Available
INV03057,P009,B202603057,Cetirizine 10mg,Antiallergic,2025-06-10,2028-06-09,5401,5099,2755,7745,Mumbai,Available
INV03058,P017,B202503058,Levothyroxine 50mcg,Endocrine,2026-07-31,2028-01-22,4254,3453,4206,3501,Hyderabad,Available
INV03059,P017,B202603059,Levothyroxine 50mcg,Endocrine,2025-11-17,2026-11-17,9205,16493,3607,22091,Bangalore,Available
INV03060,P006,B202503060,Pantoprazole 40mg,Gastrointestinal,2025-08-15,2027-02-06,8312,19388,8968,18732,Kolkata,Available
INV03061,P003,B202603061,Azithromycin 500mg,Antibiotic,2025-03-31,2028-03-30,6331,5478,9351,2458,Hyderabad,Available
INV03062,P016,B202503062,Salbutamol Inhaler,Respiratory,2026-06-14,2027-12-06,6736,14905,10565,11076,Delhi,Available
INV03063,P006,B202603063,Pantoprazole 40mg,Gastrointestinal,2025-05-01,2026-10-23,1032,14275,4434,10873,Chennai,Available
INV03064,P002,B202503064,Amoxicillin 500mg,Antibiotic,2025-07-13,2027-01-04,1331,16749,7171,10909,Kolkata,Available
INV03065,P017,B202603065,Levothyroxine 50mcg,Endocrine,2025-01-21,2028-01-21,1160,17552,8039,10673,Chennai,Available
INV03066,P010,B202503066,Omeprazole 20mg,Gastrointestinal,2025-04-07,2026-04-07,1627,16305,6403,11529,Hyderabad,Available
INV03067,P003,B202603067,Azithromycin 500mg,Antibiotic,2025-02-16,2026-08-10,7621,17956,7298,18279,Kolkata,Available
INV03068,P008,B202503068,Amlodipine 5mg,Cardiovascular,2025-07-19,2027-07-19,1779,18317,9362,10734,Bangalore,Available
INV03069,P004,B202603069,Metformin 500mg,Antidiabetic,2026-01-12,2028-01-12,2572,15192,5690,12074,Chennai,Available
INV03070,P009,B202503070,Cetirizine 10mg,Antiallergic,2025-09-30,2027-03-24,1991,4616,1108,5499,Chennai,Available
INV03071,P009,B202603071,Cetirizine 10mg,Antiallergic,2025-08-16,2028-08-15,8929,5445,4256,10118,Mumbai,Available
INV03072,P017,B202503072,Levothyroxine 50mcg,Endocrine,2026-02-07,2028-02-07,2733,8327,319,10741,Chennai,Available
INV03073,P019,B202603073,Vitamin D3 60000IU,Supplement,2026-04-17,2027-10-09,5086,19195,5105,19176,Kolkata,Available
INV03074,P012,B202503074,Losartan 50mg,Cardiovascular,2025-10-27,2027-10-27,2624,9084,3563,8145,Chennai,Available
INV03075,P013,B202603075,Ciprofloxacin 500mg,Antibiotic,2025-08-28,2028-08-27,4803,19113,7264,16652,Kolkata,Available
INV03076,P020,B202503076,Enoxaparin 40mg,Anticoagulant,2025-07-16,2027-01-07,8439,5407,9025,4821,Hyderabad,Available
INV03077,P018,B202603077,Doxycycline 100mg,Antibiotic,2026-02-18,2028-02-18,4766,13108,4663,13211,Mumbai,Available
INV03078,P005,B202503078,Atorvastatin 20mg,Cardiovascular,2025-04-05,2028-04-04,7618,9420,9981,7057,Delhi,Available
INV03079,P012,B202603079,Losartan 50mg,Cardiovascular,2025-03-09,2027-03-09,1525,13995,808,14712,Delhi,Available
INV03080,P008,B202503080,Amlodipine 5mg,Cardiovascular,2025-03-20,2026-09-11,2406,5647,7167,886,Mumbai,Low Stock
INV03081,P009,B202603081,Cetirizine 10mg,Antiallergic,2025-01-04,2026-06-28,3835,14664,1430,17069,Kolkata,Available
INV03082,P003,B202503082,Azithromycin 500mg,Antibiotic,2026-01-27,2027-01-27,8287,14231,10051,12467,Kolkata,Available
INV03083,P017,B202603083,Levothyroxine 50mcg,Endocrine,2026-01-08,2029-01-07,1414,13259,11876,2797,Mumbai,Available
INV03084,P020,B202503084,Enoxaparin 40mg,Anticoagulant,2025-10-31,2027-04-24,3351,3049,5609,791,Chennai,Low Stock
INV03085,P009,B202603085,Cetirizine 10mg,Antiallergic,2026-07-31,2027-07-31,7898,9592,7491,9999,Bangalore,Available
INV03086,P013,B202503086,Ciprofloxacin 500mg,Antibiotic,2026-02-12,2029-02-11,3788,2389,381,5796,Bangalore,Available
INV03087,P006,B202603087,Pantoprazole 40mg,Gastrointestinal,2026-05-14,2027-05-14,1878,1605,1335,2148,Delhi,Available
INV03088,P006,B202503088,Pantoprazole 40mg,Gastrointestinal,2025-10-25,2026-10-25,8100,1488,1924,7664,Delhi,Available
INV03089,P017,B202603089,Levothyroxine 50mcg,Endocrine,2025-08-29,2026-08-29,5740,6137,3616,8261,Kolkata,Available
INV03090,P019,B202503090,Vitamin D3 60000IU,Supplement,2025-06-05,2027-06-05,5638,19263,11355,13546,Mumbai,Available
INV03091,P001,B202603091,Paracetamol 500mg,Analgesic,2025-01-02,2026-01-02,7922,15058,9929,13051,Bangalore,Available
INV03092,P002,B202503092,Amoxicillin 500mg,Antibiotic,2025-04-13,2027-04-13,585,13560,10667,3478,Bangalore,Available
INV03093,P015,B202603093,Montelukast 10mg,Respiratory,2025-11-28,2028-11-27,2810,5311,133,7988,Chennai,Available
INV03094,P018,B202503094,Doxycycline 100mg,Antibiotic,2025-01-12,2026-07-06,7379,15853,11164,12068,Chennai,Available
INV03095,P019,B202603095,Vitamin D3 60000IU,Supplement,2026-08-20,2029-08-19,4660,8734,5131,8263,Kolkata,Available
INV03096,P006,B202503096,Pantoprazole 40mg,Gastrointestinal,2026-03-28,2028-03-27,1086,10236,2204,9118,Chennai,Available
INV03097,P009,B202603097,Cetirizine 10mg,Antiallergic,2025-08-02,2026-08-02,1743,15517,10350,6910,Hyderabad,Available
INV03098,P017,B202503098,Levothyroxine 50mcg,Endocrine,2025-11-28,2027-05-22,4789,14117,10910,7996,Mumbai,Available
INV03099,P007,B202603099,Ibuprofen 400mg,Analgesic,2026-04-02,2028-04-01,4206,9736,6428,7514,Bangalore,Available
INV03100,P002,B202503100,Amoxicillin 500mg,Antibiotic,2026-02-03,2027-02-03,5551,15854,2579,18826,Mumbai,Available
INV03101,P020,B202603101,Enoxaparin 40mg,Anticoagulant,2025-01-22,2028-01-22,2092,18208,4939,15361,Bangalore,Available
INV03102,P015,B202503102,Montelukast 10mg,Respiratory,2025-03-30,2026-09-21,5272,15159,5027,15404,Kolkata,Available
INV03103,P010,B202603103,Omeprazole 20mg,Gastrointestinal,2025-07-24,2027-01-15,8104,13633,1522,20215,Chennai,Available
INV03104,P009,B202503104,Cetirizine 10mg,Antiallergic,2025-07-29,2026-07-29,9984,1998,11942,40,Bangalore,Low Stock
INV03105,P011,B202603105,Insulin Glargine,Antidiabetic,2025-03-04,2026-08-26,8440,12211,6524,14127,Bangalore,Available
INV03106,P019,B202503106,Vitamin D3 60000IU,Supplement,2025-08-14,2027-08-14,9029,12946,8820,13155,Hyderabad,Available
INV03107,P010,B202603107,Omeprazole 20mg,Gastrointestinal,2025-11-21,2026-11-21,4160,16798,11178,9780,Chennai,Available
INV03108,P019,B202503108,Vitamin D3 60000IU,Supplement,2026-08-23,2027-08-23,8628,12783,10307,11104,Delhi,Available
INV03109,P003,B202603109,Azithromycin 500mg,Antibiotic,2025-12-04,2028-12-03,1681,10586,7848,4419,Mumbai,Available
INV03110,P016,B202503110,Salbutamol Inhaler,Respiratory,2025-03-18,2026-09-09,9538,10776,2172,18142,Bangalore,Available
INV03111,P012,B202603111,Losartan 50mg,Cardiovascular,2026-07-13,2027-07-13,1540,8129,2015,7654,Bangalore,Available
INV03112,P006,B202503112,Pantoprazole 40mg,Gastrointestinal,2026-01-21,2029-01-20,3411,14313,9878,7846,Bangalore,Available
INV03113,P018,B202603113,Doxycycline 100mg,Antibiotic,2025-04-21,2027-04-21,7627,17061,4846,19842,Delhi,Available
INV03114,P001,B202503114,Paracetamol 500mg,Analgesic,2025-09-26,2028-09-25,2006,3873,4116,1763,Delhi,Available
INV03115,P010,B202603115,Omeprazole 20mg,Gastrointestinal,2025-05-29,2026-05-29,7506,7797,9321,5982,Mumbai,Available
INV03116,P008,B202503116,Amlodipine 5mg,Cardiovascular,2025-05-19,2027-05-19,3204,18273,4900,16577,Chennai,Available
INV03117,P010,B202603117,Omeprazole 20mg,Gastrointestinal,2025-09-06,2027-02-28,4694,10101,10643,4152,Chennai,Available
INV03118,P001,B202503118,Paracetamol 500mg,Analgesic,2025-02-04,2026-02-04,7064,4910,4613,7361,Chennai,Available
INV03119,P003,B202603119,Azithromycin 500mg,Antibiotic,2025-04-02,2026-04-02,3210,2702,3719,2193,Chennai,Available
INV03120,P004,B202503120,Metformin 500mg,Antidiabetic,2025-11-11,2027-05-05,1262,9871,7763,3370,Hyderabad,Available
INV03121,P016,B202603121,Salbutamol Inhaler,Respiratory,2026-08-19,2027-08-19,2052,6499,7268,1283,Bangalore,Available
INV03122,P010,B202503122,Omeprazole 20mg,Gastrointestinal,2025-11-19,2026-11-19,899,3251,233,3917,Delhi,Available
INV03123,P019,B202603123,Vitamin D3 60000IU,Supplement,2025-08-01,2027-01-23,2728,19646,11508,10866,Delhi,Available
INV03124,P010,B202503124,Omeprazole 20mg,Gastrointestinal,2025-04-06,2028-04-05,512,4116,3141,1487,Hyderabad,Available
INV03125,P003,B202603125,Azithromycin 500mg,Antibiotic,2025-12-24,2026-12-24,3064,13212,2219,14057,Chennai,Available
INV03126,P002,B202503126,Amoxicillin 500mg,Antibiotic,2026-01-03,2027-01-03,7452,15310,9538,13224,Hyderabad,Available
INV03127,P005,B202603127,Atorvastatin 20mg,Cardiovascular,2026-08-11,2028-08-10,2239,1554,1344,2449,Delhi,Available
INV03128,P008,B202503128,Amlodipine 5mg,Cardiovascular,2026-04-30,2028-04-29,9918,17542,5655,21805,Kolkata,Available
INV03129,P009,B202603129,Cetirizine 10mg,Antiallergic,2025-01-06,2026-06-30,4388,19553,9936,14005,Bangalore,Available
INV03130,P001,B202503130,Paracetamol 500mg,Analgesic,2025-11-14,2027-11-14,7486,5930,9747,3669,Mumbai,Available
INV03131,P007,B202603131,Ibuprofen 400mg,Analgesic,2025-09-10,2028-09-09,4222,11651,10704,5169,Bangalore,Available
INV03132,P011,B202503132,Insulin Glargine,Antidiabetic,2026-03-02,2029-03-01,1084,14808,9631,6261,Mumbai,Available
INV03133,P015,B202603133,Montelukast 10mg,Respiratory,2025-10-24,2027-10-24,4204,4366,7101,1469,Hyderabad,Available
INV03134,P004,B202503134,Metformin 500mg,Antidiabetic,2026-06-16,2029-06-15,6289,12028,4329,13988,Delhi,Available
INV03135,P013,B202603135,Ciprofloxacin 500mg,Antibiotic,2025-11-07,2027-11-07,5768,17706,8012,15462,Mumbai,Available
INV03136,P014,B202503136,Diclofenac 50mg,Analgesic,2025-05-19,2026-05-19,8355,12066,644,19777,Mumbai,Available
INV03137,P020,B202603137,Enoxaparin 40mg,Anticoagulant,2026-01-18,2029-01-17,5704,1809,1350,6163,Bangalore,Available
INV03138,P015,B202503138,Montelukast 10mg,Respiratory,2026-03-30,2027-09-21,7382,11477,8878,9981,Chennai,Available
INV03139,P010,B202603139,Omeprazole 20mg,Gastrointestinal,2026-01-27,2027-07-21,7615,18360,2481,23494,Chennai,Available
INV03140,P003,B202503140,Azithromycin 500mg,Antibiotic,2025-08-15,2027-08-15,3135,5483,3308,5310,Bangalore,Available
INV03141,P013,B202603141,Ciprofloxacin 500mg,Antibiotic,2025-03-20,2026-09-11,3471,19390,11902,10959,Bangalore,Available
INV03142,P004,B202503142,Metformin 500mg,Antidiabetic,2026-03-16,2027-09-07,6619,18494,1954,23159,Kolkata,Available
INV03143,P002,B202603143,Amoxicillin 500mg,Antibiotic,2025-05-18,2027-05-18,8865,11524,1667,18722,Hyderabad,Available
INV03144,P016,B202503144,Salbutamol Inhaler,Respiratory,2025-12-03,2026-12-03,5265,8726,6,13985,Hyderabad,Available
INV03145,P019,B202603145,Vitamin D3 60000IU,Supplement,2026-02-27,2027-02-27,652,7573,3824,4401,Mumbai,Available
INV03146,P014,B202503146,Diclofenac 50mg,Analgesic,2025-04-15,2026-04-15,6891,18051,2013,22929,Mumbai,Available
INV03147,P013,B202603147,Ciprofloxacin 500mg,Antibiotic,2025-04-10,2028-04-09,2642,11119,4067,9694,Chennai,Available
INV03148,P004,B202503148,Metformin 500mg,Antidiabetic,2025-02-28,2027-02-28,8720,13026,9067,12679,Mumbai,Available
INV03149,P003,B202603149,Azithromycin 500mg,Antibiotic,2025-09-14,2028-09-13,7926,14367,3612,18681,Delhi,Available
INV03150,P013,B202503150,Ciprofloxacin 500mg,Antibiotic,2026-01-28,2029-01-27,6975,5208,2659,9524,Delhi,Available
INV03151,P018,B202603151,Doxycycline 100mg,Antibiotic,2026-07-23,2028-07-22,5533,16505,11723,10315,Bangalore,Available
INV03152,P007,B202503152,Ibuprofen 400mg,Analgesic,2025-07-20,2027-07-20,3301,6909,249,9961,Bangalore,Available
INV03153,P009,B202603153,Cetirizine 10mg,Antiallergic,2026-08-22,2028-02-13,2780,6024,8568,236,Delhi,Low Stock
INV03154,P014,B202503154,Diclofenac 50mg,Analgesic,2025-04-24,2028-04-23,2368,19377,11430,10315,Delhi,Available
INV03155,P018,B202603155,Doxycycline 100mg,Antibiotic,2026-08-23,2028-08-22,7790,12223,6286,13727,Mumbai,Available
INV03156,P014,B202503156,Diclofenac 50mg,Analgesic,2025-06-10,2026-06-10,3117,1209,4040,286,Hyderabad,Low Stock
INV03157,P016,B202603157,Salbutamol Inhaler,Respiratory,2025-09-18,2027-03-12,2666,16594,6168,13092,Mumbai,Available
INV03158,P014,B202503158,Diclofenac 50mg,Analgesic,2026-04-27,2028-04-26,4945,17982,10748,12179,Kolkata,Available
INV03159,P002,B202603159,Amoxicillin 500mg,Antibiotic,2026-06-19,2027-06-19,6392,13502,2469,17425,Bangalore,Available
INV03160,P019,B202503160,Vitamin D3 60000IU,Supplement,2026-06-19,2027-06-19,6213,3877,5716,4374,Hyderabad,Available
INV03161,P016,B202603161,Salbutamol Inhaler,Respiratory,2025-12-11,2027-06-04,6974,10040,159,16855,Delhi,Available
INV03162,P016,B202503162,Salbutamol Inhaler,Respiratory,2025-10-22,2026-10-22,574,6633,5536,1671,Hyderabad,Available
INV03163,P020,B202603163,Enoxaparin 40mg,Anticoagulant,2025-07-19,2027-01-10,7724,12665,491,19898,Bangalore,Available
INV03164,P004,B202503164,Metformin 500mg,Antidiabetic,2026-06-07,2027-06-07,1180,15788,7474,9494,Kolkata,Available
INV03165,P005,B202603165,Atorvastatin 20mg,Cardiovascular,2026-01-31,2027-01-31,6106,3017,8285,838,Mumbai,Low Stock
INV03166,P006,B202503166,Pantoprazole 40mg,Gastrointestinal,2026-08-14,2027-08-14,8099,10689,8251,10537,Hyderabad,Available
INV03167,P018,B202603167,Doxycycline 100mg,Antibiotic,2025-09-28,2027-03-22,4835,6631,3656,7810,Bangalore,Available
INV03168,P010,B202503168,Omeprazole 20mg,Gastrointestinal,2025-10-12,2027-04-05,9864,3148,10924,2088,Kolkata,Available
INV03169,P001,B202603169,Paracetamol 500mg,Analgesic,2026-02-25,2027-02-25,892,17360,1389,16863,Hyderabad,Available
INV03170,P002,B202503170,Amoxicillin 500mg,Antibiotic,2025-03-27,2026-03-27,8503,2122,8067,2558,Bangalore,Available
INV03171,P019,B202603171,Vitamin D3 60000IU,Supplement,2026-05-24,2028-05-23,8369,6668,9398,5639,Hyderabad,Available
INV03172,P013,B202503172,Ciprofloxacin 500mg,Antibiotic,2026-07-06,2028-07-05,3061,15031,10600,7492,Kolkata,Available
INV03173,P015,B202603173,Montelukast 10mg,Respiratory,2026-03-16,2029-03-15,7497,3541,8876,2162,Hyderabad,Available
INV03174,P012,B202503174,Losartan 50mg,Cardiovascular,2025-07-23,2026-07-23,3178,2606,2543,3241,Mumbai,Available
INV03175,P009,B202603175,Cetirizine 10mg,Antiallergic,2025-02-25,2027-02-25,2108,17263,286,19085,Bangalore,Available
INV03176,P007,B202503176,Ibuprofen 400mg,Analgesic,2025-09-02,2028-09-01,5490,8200,10052,3638,Hyderabad,Available
INV03177,P018,B202603177,Doxycycline 100mg,Antibiotic,2025-08-31,2027-02-22,3363,1184,3064,1483,Delhi,Available
INV03178,P013,B202503178,Ciprofloxacin 500mg,Antibiotic,2026-01-27,2027-01-27,8838,10715,8297,11256,Bangalore,Available
INV03179,P016,B202603179,Salbutamol Inhaler,Respiratory,2026-02-11,2027-08-05,9391,13363,10890,11864,Chennai,Available
INV03180,P005,B202503180,Atorvastatin 20mg,Cardiovascular,2026-08-21,2028-08-20,2302,16069,5148,13223,Kolkata,Available
INV03181,P004,B202603181,Metformin 500mg,Antidiabetic,2025-06-05,2026-11-27,4783,12995,2658,15120,Chennai,Available
INV03182,P001,B202503182,Paracetamol 500mg,Analgesic,2025-07-18,2027-07-18,3016,9198,7273,4941,Hyderabad,Available
INV03183,P020,B202603183,Enoxaparin 40mg,Anticoagulant,2026-05-24,2029-05-23,5209,7524,11936,797,Chennai,Low Stock
INV03184,P016,B202503184,Salbutamol Inhaler,Respiratory,2025-04-20,2028-04-19,5517,15694,9901,11310,Bangalore,Available
INV03185,P002,B202603185,Amoxicillin 500mg,Antibiotic,2025-02-09,2027-02-09,9194,1572,1487,9279,Mumbai,Available
INV03186,P008,B202503186,Amlodipine 5mg,Cardiovascular,2025-03-03,2027-03-03,9102,5026,33,14095,Hyderabad,Available
INV03187,P004,B202603187,Metformin 500mg,Antidiabetic,2025-10-07,2026-10-07,3928,3269,4869,2328,Mumbai,Available
INV03188,P002,B202503188,Amoxicillin 500mg,Antibiotic,2025-01-27,2026-07-21,6122,4311,3375,7058,Delhi,Available
INV03189,P010,B202603189,Omeprazole 20mg,Gastrointestinal,2025-03-11,2026-09-02,2377,18608,9647,11338,Hyderabad,Available
INV03190,P005,B202503190,Atorvastatin 20mg,Cardiovascular,2025-03-22,2027-03-22,9224,6188,7677,7735,Hyderabad,Available
INV03191,P019,B202603191,Vitamin D3 60000IU,Supplement,2025-06-29,2026-06-29,8869,18965,4766,23068,Kolkata,Available
INV03192,P005,B202503192,Atorvastatin 20mg,Cardiovascular,2025-06-12,2027-06-12,6204,8327,9596,4935,Chennai,Available
INV03193,P003,B202603193,Azithromycin 500mg,Antibiotic,2026-08-18,2027-08-18,5502,9038,5421,9119,Bangalore,Available
INV03194,P007,B202503194,Ibuprofen 400mg,Analgesic,2025-01-19,2028-01-19,1866,10182,2592,9456,Hyderabad,Available
INV03195,P008,B202603195,Amlodipine 5mg,Cardiovascular,2026-08-05,2028-01-27,9629,16714,5229,21114,Kolkata,Available
INV03196,P007,B202503196,Ibuprofen 400mg,Analgesic,2025-10-28,2027-10-28,6100,16750,1954,20896,Mumbai,Available
INV03197,P014,B202603197,Diclofenac 50mg,Analgesic,2025-07-18,2028-07-17,3363,6722,3294,6791,Chennai,Available
INV03198,P003,B202503198,Azithromycin 500mg,Antibiotic,2025-03-27,2028-03-26,2469,2994,1440,4023,Mumbai,Available
INV03199,P001,B202603199,Paracetamol 500mg,Analgesic,2026-05-16,2027-05-16,4339,4840,2705,6474,Bangalore,Available
INV03200,P019,B202503200,Vitamin D3 60000IU,Supplement,2026-07-17,2027-07-17,2374,17813,4979,15208,Bangalore,Available
INV03201,P003,B202603201,Azithromycin 500mg,Antibiotic,2025-09-06,2027-09-06,6501,3911,3853,6559,Hyderabad,Available
INV03202,P011,B202503202,Insulin Glargine,Antidiabetic,2025-07-12,2026-07-12,8245,11812,5687,14370,Bangalore,Available
INV03203,P002,B202603203,Amoxicillin 500mg,Antibiotic,2026-04-23,2029-04-22,6046,1742,3753,4035,Hyderabad,Available
INV03204,P002,B202503204,Amoxicillin 500mg,Antibiotic,2025-03-27,2026-09-18,4555,11708,8321,7942,Hyderabad,Available
INV03205,P006,B202603205,Pantoprazole 40mg,Gastrointestinal,2026-02-11,2027-02-11,1229,17218,2504,15943,Bangalore,Available
INV03206,P015,B202503206,Montelukast 10mg,Respiratory,2025-11-16,2026-11-16,8580,5665,8113,6132,Delhi,Available
INV03207,P017,B202603207,Levothyroxine 50mcg,Endocrine,2026-03-14,2028-03-13,989,18824,1519,18294,Hyderabad,Available
INV03208,P009,B202503208,Cetirizine 10mg,Antiallergic,2025-06-23,2027-06-23,1002,9622,3712,6912,Delhi,Available
INV03209,P011,B202603209,Insulin Glargine,Antidiabetic,2026-03-30,2027-03-30,9521,8450,4198,13773,Delhi,Available
INV03210,P004,B202503210,Metformin 500mg,Antidiabetic,2026-05-04,2027-10-26,9311,3815,10371,2755,Mumbai,Available
INV03211,P013,B202603211,Ciprofloxacin 500mg,Antibiotic,2026-06-08,2027-06-08,3797,19020,1786,21031,Bangalore,Available
INV03212,P011,B202503212,Insulin Glargine,Antidiabetic,2025-01-15,2028-01-15,9086,4575,2072,11589,Chennai,Available
INV03213,P011,B202603213,Insulin Glargine,Antidiabetic,2026-05-10,2029-05-09,4313,5824,6281,3856,Delhi,Available
INV03214,P009,B202503214,Cetirizine 10mg,Antiallergic,2025-06-29,2026-12-21,5455,9096,5490,9061,Bangalore,Available
INV03215,P018,B202603215,Doxycycline 100mg,Antibiotic,2026-03-01,2029-02-28,8378,12757,3689,17446,Delhi,Available
INV03216,P012,B202503216,Losartan 50mg,Cardiovascular,2026-07-09,2027-07-09,743,3421,729,3435,Delhi,Available
INV03217,P003,B202603217,Azithromycin 500mg,Antibiotic,2025-03-22,2026-09-13,7929,9065,3261,13733,Hyderabad,Available
INV03218,P017,B202503218,Levothyroxine 50mcg,Endocrine,2025-09-17,2027-03-11,7848,8008,4281,11575,Chennai,Available
INV03219,P007,B202603219,Ibuprofen 400mg,Analgesic,2025-11-03,2027-11-03,2409,3438,4973,874,Hyderabad,Low Stock
INV03220,P007,B202503220,Ibuprofen 400mg,Analgesic,2025-12-20,2026-12-20,933,8904,9525,312,Delhi,Low Stock
INV03221,P012,B202603221,Losartan 50mg,Cardiovascular,2026-01-01,2028-12-31,8439,1459,5359,4539,Delhi,Available
INV03222,P005,B202503222,Atorvastatin 20mg,Cardiovascular,2026-08-09,2028-01-31,8422,2916,6823,4515,Chennai,Available
INV03223,P011,B202603223,Insulin Glargine,Antidiabetic,2025-03-05,2026-03-05,6255,17390,7163,16482,Bangalore,Available
INV03224,P016,B202503224,Salbutamol Inhaler,Respiratory,2025-10-03,2026-10-03,3995,4855,8730,120,Kolkata,Low Stock
INV03225,P003,B202603225,Azithromycin 500mg,Antibiotic,2025-12-10,2026-12-10,4848,3962,6587,2223,Bangalore,Available
INV03226,P019,B202503226,Vitamin D3 60000IU,Supplement,2025-05-19,2026-11-10,8915,18128,1151,25892,Bangalore,Available
INV03227,P018,B202603227,Doxycycline 100mg,Antibiotic,2026-08-10,2028-02-01,2066,3900,1588,4378,Chennai,Available
INV03228,P002,B202503228,Amoxicillin 500mg,Antibiotic,2026-01-20,2029-01-19,1864,19701,11850,9715,Hyderabad,Available
INV03229,P003,B202603229,Azithromycin 500mg,Antibiotic,2025-07-15,2027-01-06,3150,18574,1858,19866,Hyderabad,Available
INV03230,P016,B202503230,Salbutamol Inhaler,Respiratory,2025-02-04,2026-02-04,3368,19388,10074,12682,Kolkata,Available
INV03231,P018,B202603231,Doxycycline 100mg,Antibiotic,2025-03-13,2026-09-04,5531,4165,9627,69,Delhi,Low Stock
INV03232,P018,B202503232,Doxycycline 100mg,Antibiotic,2025-06-05,2027-06-05,1506,1426,1878,1054,Bangalore,Available
INV03233,P006,B202603233,Pantoprazole 40mg,Gastrointestinal,2026-04-22,2027-10-14,4076,6519,7082,3513,Kolkata,Available
INV03234,P015,B202503234,Montelukast 10mg,Respiratory,2025-08-04,2027-01-26,1479,3724,1395,3808,Mumbai,Available
INV03235,P020,B202603235,Enoxaparin 40mg,Anticoagulant,2026-06-07,2027-06-07,3645,2070,358,5357,Mumbai,Available
INV03236,P020,B202503236,Enoxaparin 40mg,Anticoagulant,2025-04-22,2027-04-22,4230,11276,10431,5075,Chennai,Available
INV03237,P017,B202603237,Levothyroxine 50mcg,Endocrine,2025-09-04,2026-09-04,9859,19886,10291,19454,Mumbai,Available
INV03238,P006,B202503238,Pantoprazole 40mg,Gastrointestinal,2025-04-15,2026-10-07,3677,6239,9423,493,Delhi,Low Stock
INV03239,P005,B202603239,Atorvastatin 20mg,Cardiovascular,2026-01-19,2028-01-19,5464,18988,11591,12861,Mumbai,Available
INV03240,P010,B202503240,Omeprazole 20mg,Gastrointestinal,2025-05-11,2028-05-10,9346,13504,2413,20437,Delhi,Available
INV03241,P016,B202603241,Salbutamol Inhaler,Respiratory,2025-01-26,2027-01-26,6746,11198,7711,10233,Kolkata,Available
INV03242,P003,B202503242,Azithromycin 500mg,Antibiotic,2025-12-09,2028-12-08,8309,9873,11969,6213,Hyderabad,Available
INV03243,P009,B202603243,Cetirizine 10mg,Antiallergic,2026-05-10,2027-11-01,3762,11559,7462,7859,Kolkata,Available
INV03244,P013,B202503244,Ciprofloxacin 500mg,Antibiotic,2025-04-22,2026-04-22,9690,9034,2418,16306,Hyderabad,Available
INV03245,P003,B202603245,Azithromycin 500mg,Antibiotic,2025-04-30,2028-04-29,6722,12397,136,18983,Chennai,Available
INV03246,P020,B202503246,Enoxaparin 40mg,Anticoagulant,2026-07-08,2027-12-30,6203,6677,10664,2216,Kolkata,Available
INV03247,P005,B202603247,Atorvastatin 20mg,Cardiovascular,2025-10-20,2026-10-20,6336,6564,8350,4550,Kolkata,Available
INV03248,P018,B202503248,Doxycycline 100mg,Antibiotic,2025-04-20,2026-04-20,8240,2551,4319,6472,Kolkata,Available
INV03249,P009,B202603249,Cetirizine 10mg,Antiallergic,2025-01-06,2028-01-06,7228,7283,7333,7178,Delhi,Available
INV03250,P012,B202503250,Losartan 50mg,Cardiovascular,2026-07-31,2029-07-30,2960,19857,11551,11266,Bangalore,Available
INV03251,P006,B202603251,Pantoprazole 40mg,Gastrointestinal,2026-01-04,2029-01-03,7310,11907,3671,15546,Bangalore,Available
INV03252,P018,B202503252,Doxycycline 100mg,Antibiotic,2025-11-16,2027-05-10,9810,4125,3047,10888,Kolkata,Available
INV03253,P006,B202603253,Pantoprazole 40mg,Gastrointestinal,2026-07-20,2029-07-19,1445,9697,8375,2767,Mumbai,Available
INV03254,P005,B202503254,Atorvastatin 20mg,Cardiovascular,2025-01-28,2026-01-28,2193,5951,2458,5686,Kolkata,Available
INV03255,P011,B202603255,Insulin Glargine,Antidiabetic,2025-03-26,2026-03-26,1741,6956,6428,2269,Bangalore,Available
INV03256,P009,B202503256,Cetirizine 10mg,Antiallergic,2025-09-26,2026-09-26,1056,5370,975,5451,Chennai,Available
INV03257,P019,B202603257,Vitamin D3 60000IU,Supplement,2026-01-09,2029-01-08,7729,17675,1173,24231,Kolkata,Available
INV03258,P010,B202503258,Omeprazole 20mg,Gastrointestinal,2025-11-22,2028-11-21,5191,6050,213,11028,Hyderabad,Available
INV03259,P002,B202603259,Amoxicillin 500mg,Antibiotic,2025-08-18,2028-08-17,3667,12349,2225,13791,Delhi,Available
INV03260,P020,B202503260,Enoxaparin 40mg,Anticoagulant,2025-07-09,2026-12-31,9649,12554,4790,17413,Bangalore,Available
INV03261,P019,B202603261,Vitamin D3 60000IU,Supplement,2026-01-02,2027-01-02,5776,19401,11184,13993,Hyderabad,Available
INV03262,P009,B202503262,Cetirizine 10mg,Antiallergic,2026-08-15,2029-08-14,5821,6779,9154,3446,Delhi,Available
INV03263,P011,B202603263,Insulin Glargine,Antidiabetic,2026-07-11,2028-01-02,6438,1827,5878,2387,Delhi,Available
INV03264,P018,B202503264,Doxycycline 100mg,Antibiotic,2025-07-19,2028-07-18,5969,4957,1752,9174,Hyderabad,Available
INV03265,P007,B202603265,Ibuprofen 400mg,Analgesic,2025-11-27,2028-11-26,9958,13886,5882,17962,Delhi,Available
INV03266,P007,B202503266,Ibuprofen 400mg,Analgesic,2025-05-27,2027-05-27,8362,2223,1173,9412,Hyderabad,Available
INV03267,P005,B202603267,Atorvastatin 20mg,Cardiovascular,2025-03-31,2026-03-31,765,7618,6055,2328,Bangalore,Available
INV03268,P007,B202503268,Ibuprofen 400mg,Analgesic,2026-08-07,2027-08-07,9880,10733,8690,11923,Hyderabad,Available
INV03269,P007,B202603269,Ibuprofen 400mg,Analgesic,2025-08-24,2026-08-24,3497,17993,47,21443,Delhi,Available
INV03270,P014,B202503270,Diclofenac 50mg,Analgesic,2025-03-26,2026-03-26,5749,5163,10673,239,Hyderabad,Low Stock
INV03271,P003,B202603271,Azithromycin 500mg,Antibiotic,2025-07-18,2027-01-09,2022,13635,4163,11494,Delhi,Available
INV03272,P005,B202503272,Atorvastatin 20mg,Cardiovascular,2025-02-27,2026-02-27,1001,17541,3173,15369,Hyderabad,Available
INV03273,P012,B202603273,Losartan 50mg,Cardiovascular,2025-02-27,2027-02-27,5455,16038,1479,20014,Bangalore,Available
INV03274,P016,B202503274,Salbutamol Inhaler,Respiratory,2025-08-11,2026-08-11,5786,9828,11412,4202,Kolkata,Available
INV03275,P011,B202603275,Insulin Glargine,Antidiabetic,2025-04-06,2027-04-06,2413,16922,7206,12129,Mumbai,Available
INV03276,P020,B202503276,Enoxaparin 40mg,Anticoagulant,2025-11-05,2027-04-29,2295,13324,3239,12380,Bangalore,Available
INV03277,P003,B202603277,Azithromycin 500mg,Antibiotic,2026-01-20,2029-01-19,2900,5129,4924,3105,Bangalore,Available
INV03278,P002,B202503278,Amoxicillin 500mg,Antibiotic,2026-01-18,2028-01-18,771,5510,1246,5035,Chennai,Available
INV03279,P014,B202603279,Diclofenac 50mg,Analgesic,2026-03-25,2027-03-25,8558,4977,11909,1626,Kolkata,Available
INV03280,P010,B202503280,Omeprazole 20mg,Gastrointestinal,2026-04-17,2028-04-16,7850,1350,771,8429,Kolkata,Available
INV03281,P016,B202603281,Salbutamol Inhaler,Respiratory,2026-01-05,2027-06-29,4503,8468,5212,7759,Delhi,Available
INV03282,P016,B202503282,Salbutamol Inhaler,Respiratory,2025-08-19,2028-08-18,1359,16350,8118,9591,Delhi,Available
INV03283,P008,B202603283,Amlodipine 5mg,Cardiovascular,2025-08-11,2027-02-02,9483,1509,6971,4021,Kolkata,Available
INV03284,P011,B202503284,Insulin Glargine,Antidiabetic,2026-01-19,2028-01-19,5305,12968,10843,7430,Chennai,Available
INV03285,P017,B202603285,Levothyroxine 50mcg,Endocrine,2025-11-28,2028-11-27,8816,5027,10317,3526,Chennai,Available
INV03286,P009,B202503286,Cetirizine 10mg,Antiallergic,2026-04-10,2027-04-10,7135,11957,10658,8434,Delhi,Available
INV03287,P011,B202603287,Insulin Glargine,Antidiabetic,2025-11-11,2027-11-11,8961,15918,1116,23763,Delhi,Available
INV03288,P006,B202503288,Pantoprazole 40mg,Gastrointestinal,2025-04-09,2028-04-08,8646,18849,4727,22768,Mumbai,Available
INV03289,P016,B202603289,Salbutamol Inhaler,Respiratory,2025-04-26,2026-04-26,4493,12956,5474,11975,Hyderabad,Available
INV03290,P011,B202503290,Insulin Glargine,Antidiabetic,2026-07-20,2028-01-11,4300,6940,3300,7940,Delhi,Available
INV03291,P008,B202603291,Amlodipine 5mg,Cardiovascular,2026-01-09,2027-01-09,6790,3004,3695,6099,Kolkata,Available
INV03292,P007,B202503292,Ibuprofen 400mg,Analgesic,2026-02-23,2027-08-17,9073,19073,10909,17237,Mumbai,Available
INV03293,P007,B202603293,Ibuprofen 400mg,Analgesic,2025-12-30,2028-12-29,5467,15024,10515,9976,Chennai,Available
INV03294,P008,B202503294,Amlodipine 5mg,Cardiovascular,2025-05-30,2026-11-21,5964,17013,3607,19370,Bangalore,Available
INV03295,P007,B202603295,Ibuprofen 400mg,Analgesic,2025-12-23,2026-12-23,4299,5877,10032,144,Delhi,Low Stock
INV03296,P015,B202503296,Montelukast 10mg,Respiratory,2025-11-09,2026-11-09,3007,16950,6135,13822,Chennai,Available
INV03297,P016,B202603297,Salbutamol Inhaler,Respiratory,2025-12-03,2027-12-03,2743,5736,1266,7213,Hyderabad,Available
INV03298,P013,B202503298,Ciprofloxacin 500mg,Antibiotic,2026-07-12,2028-01-03,6219,17371,8128,15462,Hyderabad,Available
INV03299,P006,B202603299,Pantoprazole 40mg,Gastrointestinal,2026-01-18,2027-07-12,2864,12247,7636,7475,Hyderabad,Available
INV03300,P001,B202503300,Paracetamol 500mg,Analgesic,2026-04-06,2027-09-28,6514,4281,3394,7401,Delhi,Available
INV03301,P003,B202603301,Azithromycin 500mg,Antibiotic,2025-07-10,2027-07-10,7830,7706,1375,14161,Bangalore,Available
INV03302,P012,B202503302,Losartan 50mg,Cardiovascular,2026-02-21,2028-02-21,4349,1419,1304,4464,Bangalore,Available
INV03303,P010,B202603303,Omeprazole 20mg,Gastrointestinal,2025-07-04,2026-07-04,6286,8036,11552,2770,Mumbai,Available
INV03304,P002,B202503304,Amoxicillin 500mg,Antibiotic,2026-02-28,2028-02-28,9328,14162,4341,19149,Chennai,Available
INV03305,P016,B202603305,Salbutamol Inhaler,Respiratory,2025-11-06,2028-11-05,9685,15341,6021,19005,Mumbai,Available
INV03306,P017,B202503306,Levothyroxine 50mcg,Endocrine,2026-06-08,2027-11-30,592,16320,2832,14080,Kolkata,Available
INV03307,P001,B202603307,Paracetamol 500mg,Analgesic,2026-07-01,2028-06-30,3388,1660,4272,776,Bangalore,Low Stock
INV03308,P002,B202503308,Amoxicillin 500mg,Antibiotic,2026-04-20,2028-04-19,1710,7501,6139,3072,Delhi,Available
INV03309,P008,B202603309,Amlodipine 5mg,Cardiovascular,2025-09-05,2026-09-05,585,19383,2775,17193,Kolkata,Available
INV03310,P001,B202503310,Paracetamol 500mg,Analgesic,2026-08-17,2028-02-08,8159,16962,4223,20898,Chennai,Available
INV03311,P007,B202603311,Ibuprofen 400mg,Analgesic,2026-04-19,2029-04-18,8169,14830,4463,18536,Bangalore,Available
INV03312,P011,B202503312,Insulin Glargine,Antidiabetic,2025-03-19,2027-03-19,8757,3151,10729,1179,Delhi,Available
INV03313,P001,B202603313,Paracetamol 500mg,Analgesic,2026-03-09,2027-03-09,6304,10642,8952,7994,Mumbai,Available
INV03314,P003,B202503314,Azithromycin 500mg,Antibiotic,2025-08-21,2028-08-20,9560,4954,4216,10298,Kolkata,Available
INV03315,P007,B202603315,Ibuprofen 400mg,Analgesic,2025-05-27,2028-05-26,5174,12082,5847,11409,Delhi,Available
INV03316,P006,B202503316,Pantoprazole 40mg,Gastrointestinal,2026-03-16,2027-09-07,5474,4526,112,9888,Delhi,Available
INV03317,P003,B202603317,Azithromycin 500mg,Antibiotic,2026-07-02,2029-07-01,3508,6487,5078,4917,Hyderabad,Available
INV03318,P018,B202503318,Doxycycline 100mg,Antibiotic,2025-03-03,2026-08-25,2295,16794,1731,17358,Mumbai,Available
INV03319,P017,B202603319,Levothyroxine 50mcg,Endocrine,2025-09-22,2026-09-22,1993,12492,1499,12986,Mumbai,Available
INV03320,P013,B202503320,Ciprofloxacin 500mg,Antibiotic,2025-08-16,2028-08-15,7035,3572,8667,1940,Kolkata,Available
INV03321,P005,B202603321,Atorvastatin 20mg,Cardiovascular,2025-08-04,2027-01-26,4540,9812,10734,3618,Delhi,Available
INV03322,P018,B202503322,Doxycycline 100mg,Antibiotic,2025-07-30,2027-07-30,1510,6258,4536,3232,Hyderabad,Available
INV03323,P020,B202603323,Enoxaparin 40mg,Anticoagulant,2025-06-12,2026-06-12,7916,2710,3449,7177,Hyderabad,Available
INV03324,P014,B202503324,Diclofenac 50mg,Analgesic,2026-05-21,2027-05-21,4452,10092,8292,6252,Mumbai,Available
INV03325,P011,B202603325,Insulin Glargine,Antidiabetic,2025-10-30,2026-10-30,5915,11789,11892,5812,Delhi,Available
INV03326,P018,B202503326,Doxycycline 100mg,Antibiotic,2025-07-29,2027-07-29,9066,3921,6805,6182,Kolkata,Available
INV03327,P012,B202603327,Losartan 50mg,Cardiovascular,2026-06-20,2027-12-12,8924,12948,5748,16124,Hyderabad,Available
INV03328,P004,B202503328,Metformin 500mg,Antidiabetic,2025-06-23,2028-06-22,4946,8382,5602,7726,Mumbai,Available
INV03329,P017,B202603329,Levothyroxine 50mcg,Endocrine,2025-08-23,2027-02-14,5811,13280,4002,15089,Bangalore,Available
INV03330,P014,B202503330,Diclofenac 50mg,Analgesic,2025-12-03,2027-12-03,5664,10668,11384,4948,Bangalore,Available
INV03331,P002,B202603331,Amoxicillin 500mg,Antibiotic,2026-07-16,2029-07-15,4411,11272,5393,10290,Kolkata,Available
INV03332,P010,B202503332,Omeprazole 20mg,Gastrointestinal,2026-04-01,2027-09-23,4122,13817,4789,13150,Bangalore,Available
INV03333,P004,B202603333,Metformin 500mg,Antidiabetic,2026-06-09,2027-12-01,1473,18844,11997,8320,Mumbai,Available
INV03334,P013,B202503334,Ciprofloxacin 500mg,Antibiotic,2026-03-29,2027-03-29,3318,11686,6597,8407,Hyderabad,Available
INV03335,P001,B202603335,Paracetamol 500mg,Analgesic,2026-07-26,2028-07-25,7677,9309,6084,10902,Mumbai,Available
INV03336,P009,B202503336,Cetirizine 10mg,Antiallergic,2026-02-07,2029-02-06,7885,13680,145,21420,Delhi,Available
INV03337,P020,B202603337,Enoxaparin 40mg,Anticoagulant,2025-08-27,2027-08-27,3583,4632,5795,2420,Hyderabad,Available
INV03338,P012,B202503338,Losartan 50mg,Cardiovascular,2025-12-23,2028-12-22,9412,11518,604,20326,Delhi,Available
INV03339,P018,B202603339,Doxycycline 100mg,Antibiotic,2025-10-14,2027-10-14,7745,9341,4980,12106,Mumbai,Available
INV03340,P018,B202503340,Doxycycline 100mg,Antibiotic,2025-10-20,2027-04-13,6169,14160,10953,9376,Kolkata,Available
INV03341,P016,B202603341,Salbutamol Inhaler,Respiratory,2026-04-07,2027-09-29,3755,11694,8476,6973,Delhi,Available
INV03342,P005,B202503342,Atorvastatin 20mg,Cardiovascular,2025-01-09,2026-01-09,4549,16037,9479,11107,Chennai,Available
INV03343,P015,B202603343,Montelukast 10mg,Respiratory,2025-01-14,2028-01-14,9505,17146,5351,21300,Hyderabad,Available
INV03344,P019,B202503344,Vitamin D3 60000IU,Supplement,2025-04-22,2028-04-21,9672,18113,6253,21532,Kolkata,Available
INV03345,P017,B202603345,Levothyroxine 50mcg,Endocrine,2026-08-08,2028-01-30,6477,16526,2727,20276,Hyderabad,Available
INV03346,P008,B202503346,Amlodipine 5mg,Cardiovascular,2025-08-05,2028-08-04,9391,3982,3901,9472,Kolkata,Available
INV03347,P012,B202603347,Losartan 50mg,Cardiovascular,2025-05-04,2027-05-04,8822,8103,5805,11120,Delhi,Available
INV03348,P017,B202503348,Levothyroxine 50mcg,Endocrine,2025-12-05,2028-12-04,7672,9021,5850,10843,Chennai,Available
INV03349,P002,B202603349,Amoxicillin 500mg,Antibiotic,2025-05-17,2026-05-17,8108,16628,9839,14897,Bangalore,Available
INV03350,P006,B202503350,Pantoprazole 40mg,Gastrointestinal,2025-07-07,2026-07-07,2949,9193,10629,1513,Hyderabad,Available
INV03351,P018,B202603351,Doxycycline 100mg,Antibiotic,2026-05-07,2027-05-07,2980,9707,11325,1362,Chennai,Available
INV03352,P020,B202503352,Enoxaparin 40mg,Anticoagulant,2025-07-07,2028-07-06,9584,12393,1848,20129,Hyderabad,Available
INV03353,P003,B202603353,Azithromycin 500mg,Antibiotic,2026-04-30,2027-10-22,7165,6078,11726,1517,Chennai,Available
INV03354,P008,B202503354,Amlodipine 5mg,Cardiovascular,2025-10-14,2026-10-14,1799,19970,9791,11978,Kolkata,Available
INV03355,P013,B202603355,Ciprofloxacin 500mg,Antibiotic,2025-05-13,2026-05-13,7394,7303,8,14689,Bangalore,Available
INV03356,P012,B202503356,Losartan 50mg,Cardiovascular,2026-05-20,2027-11-11,9999,8245,8800,9444,Hyderabad,Available
INV03357,P013,B202603357,Ciprofloxacin 500mg,Antibiotic,2025-06-14,2028-06-13,4819,1794,1641,4972,Mumbai,Available
INV03358,P010,B202503358,Omeprazole 20mg,Gastrointestinal,2025-06-12,2027-06-12,9654,14511,3736,20429,Chennai,Available
INV03359,P020,B202603359,Enoxaparin 40mg,Anticoagulant,2025-05-26,2026-05-26,872,17003,9993,7882,Mumbai,Available
INV03360,P018,B202503360,Doxycycline 100mg,Antibiotic,2026-01-26,2029-01-25,9266,19235,4709,23792,Delhi,Available
INV03361,P004,B202603361,Metformin 500mg,Antidiabetic,2026-06-21,2027-12-13,4756,12292,9448,7600,Chennai,Available
INV03362,P020,B202503362,Enoxaparin 40mg,Anticoagulant,2026-03-04,2029-03-03,5938,8899,10960,3877,Mumbai,Available
INV03363,P013,B202603363,Ciprofloxacin 500mg,Antibiotic,2025-06-24,2026-12-16,3987,5909,8121,1775,Chennai,Available
INV03364,P015,B202503364,Montelukast 10mg,Respiratory,2025-02-19,2026-02-19,2571,14519,10710,6380,Mumbai,Available
INV03365,P007,B202603365,Ibuprofen 400mg,Analgesic,2025-12-01,2028-11-30,4018,6288,5376,4930,Kolkata,Available
INV03366,P015,B202503366,Montelukast 10mg,Respiratory,2025-11-07,2027-11-07,643,15311,1171,14783,Mumbai,Available
INV03367,P007,B202603367,Ibuprofen 400mg,Analgesic,2026-02-19,2027-02-19,2767,17801,5729,14839,Chennai,Available
INV03368,P012,B202503368,Losartan 50mg,Cardiovascular,2026-01-07,2028-01-07,6842,18328,9419,15751,Hyderabad,Available
INV03369,P004,B202603369,Metformin 500mg,Antidiabetic,2026-05-23,2027-11-14,3455,3110,3623,2942,Delhi,Available
INV03370,P017,B202503370,Levothyroxine 50mcg,Endocrine,2026-03-26,2028-03-25,5616,17395,11800,11211,Chennai,Available
INV03371,P007,B202603371,Ibuprofen 400mg,Analgesic,2025-06-15,2026-06-15,9933,14921,11244,13610,Chennai,Available
INV03372,P009,B202503372,Cetirizine 10mg,Antiallergic,2025-03-29,2026-03-29,8025,6766,4551,10240,Kolkata,Available
INV03373,P010,B202603373,Omeprazole 20mg,Gastrointestinal,2026-07-25,2028-07-24,8401,3392,4679,7114,Hyderabad,Available
INV03374,P002,B202503374,Amoxicillin 500mg,Antibiotic,2026-08-18,2028-08-17,3860,8151,2891,9120,Bangalore,Available
INV03375,P019,B202603375,Vitamin D3 60000IU,Supplement,2025-03-05,2026-08-27,1954,18663,2470,18147,Mumbai,Available
INV03376,P016,B202503376,Salbutamol Inhaler,Respiratory,2025-12-09,2027-06-02,5855,9302,3472,11685,Delhi,Available
INV03377,P008,B202603377,Amlodipine 5mg,Cardiovascular,2026-07-31,2028-01-22,7687,5454,7749,5392,Delhi,Available
INV03378,P015,B202503378,Montelukast 10mg,Respiratory,2025-10-05,2027-10-05,1056,14115,9042,6129,Mumbai,Available
INV03379,P001,B202603379,Paracetamol 500mg,Analgesic,2025-12-07,2028-12-06,4884,2789,3030,4643,Kolkata,Available
INV03380,P006,B202503380,Pantoprazole 40mg,Gastrointestinal,2025-11-14,2027-05-08,7268,9142,4612,11798,Delhi,Available
INV03381,P012,B202603381,Losartan 50mg,Cardiovascular,2025-10-27,2027-04-20,1525,14120,4080,11565,Delhi,Available
INV03382,P008,B202503382,Amlodipine 5mg,Cardiovascular,2026-05-28,2028-05-27,4337,7325,8735,2927,Bangalore,Available
INV03383,P002,B202603383,Amoxicillin 500mg,Antibiotic,2025-02-20,2026-08-14,5221,6564,2221,9564,Hyderabad,Available
INV03384,P010,B202503384,Omeprazole 20mg,Gastrointestinal,2025-06-28,2027-06-28,4131,18736,11909,10958,Delhi,Available
INV03385,P012,B202603385,Losartan 50mg,Cardiovascular,2025-01-19,2027-01-19,4117,6509,8432,2194,Bangalore,Available
INV03386,P006,B202503386,Pantoprazole 40mg,Gastrointestinal,2026-04-10,2029-04-09,5389,11051,11605,4835,Bangalore,Available
INV03387,P010,B202603387,Omeprazole 20mg,Gastrointestinal,2025-05-26,2026-11-17,9110,12326,11898,9538,Delhi,Available
INV03388,P018,B202503388,Doxycycline 100mg,Antibiotic,2025-04-12,2026-10-04,3102,15608,6157,12553,Hyderabad,Available
INV03389,P004,B202603389,Metformin 500mg,Antidiabetic,2025-08-19,2026-08-19,7123,17118,11627,12614,Hyderabad,Available
INV03390,P009,B202503390,Cetirizine 10mg,Antiallergic,2025-10-30,2027-04-23,4805,5183,1118,8870,Mumbai,Available
INV03391,P002,B202603391,Amoxicillin 500mg,Antibiotic,2025-02-07,2027-02-07,8657,11271,280,19648,Kolkata,Available
INV03392,P014,B202503392,Diclofenac 50mg,Analgesic,2025-07-01,2026-12-23,9046,10046,1694,17398,Hyderabad,Available
INV03393,P006,B202603393,Pantoprazole 40mg,Gastrointestinal,2025-08-29,2027-02-20,5694,7140,7691,5143,Mumbai,Available
INV03394,P019,B202503394,Vitamin D3 60000IU,Supplement,2026-05-12,2027-11-03,900,12112,4060,8952,Kolkata,Available
INV03395,P009,B202603395,Cetirizine 10mg,Antiallergic,2025-06-24,2026-12-16,8718,3138,11353,503,Hyderabad,Low Stock
INV03396,P017,B202503396,Levothyroxine 50mcg,Endocrine,2025-11-23,2027-11-23,2443,14720,7783,9380,Mumbai,Available
INV03397,P010,B202603397,Omeprazole 20mg,Gastrointestinal,2025-12-25,2027-06-18,9758,1786,2899,8645,Kolkata,Available
INV03398,P016,B202503398,Salbutamol Inhaler,Respiratory,2025-07-28,2027-07-28,756,4360,4832,284,Delhi,Low Stock
INV03399,P001,B202603399,Paracetamol 500mg,Analgesic,2026-04-21,2027-10-13,5903,17281,10050,13134,Bangalore,Available
INV03400,P008,B202503400,Amlodipine 5mg,Cardiovascular,2025-06-13,2028-06-12,7917,13318,702,20533,Chennai,Available
INV03401,P012,B202603401,Losartan 50mg,Cardiovascular,2025-06-13,2026-12-05,4738,6626,10337,1027,Kolkata,Available
INV03402,P002,B202503402,Amoxicillin 500mg,Antibiotic,2026-07-16,2028-01-07,8099,15826,7187,16738,Chennai,Available
INV03403,P014,B202603403,Diclofenac 50mg,Analgesic,2026-05-26,2027-11-17,7524,19606,11366,15764,Bangalore,Available
INV03404,P010,B202503404,Omeprazole 20mg,Gastrointestinal,2025-11-03,2027-11-03,6647,17107,6386,17368,Chennai,Available
INV03405,P018,B202603405,Doxycycline 100mg,Antibiotic,2025-03-03,2027-03-03,3986,18213,6631,15568,Delhi,Available
INV03406,P016,B202503406,Salbutamol Inhaler,Respiratory,2025-05-26,2027-05-26,7844,15774,2734,20884,Kolkata,Available
INV03407,P004,B202603407,Metformin 500mg,Antidiabetic,2025-06-09,2028-06-08,6353,11301,6685,10969,Kolkata,Available
INV03408,P005,B202503408,Atorvastatin 20mg,Cardiovascular,2025-06-29,2026-12-21,8532,11423,8711,11244,Chennai,Available
INV03409,P018,B202603409,Doxycycline 100mg,Antibiotic,2025-10-04,2027-03-28,1268,2526,1849,1945,Chennai,Available
INV03410,P017,B202503410,Levothyroxine 50mcg,Endocrine,2025-09-03,2027-09-03,8220,7058,1902,13376,Kolkata,Available
INV03411,P011,B202603411,Insulin Glargine,Antidiabetic,2025-04-04,2026-09-26,3605,4821,3683,4743,Chennai,Available
INV03412,P015,B202503412,Montelukast 10mg,Respiratory,2026-07-05,2029-07-04,3457,2112,844,4725,Chennai,Available
INV03413,P007,B202603413,Ibuprofen 400mg,Analgesic,2026-03-09,2027-08-31,9000,10655,10806,8849,Hyderabad,Available
INV03414,P016,B202503414,Salbutamol Inhaler,Respiratory,2025-11-11,2026-11-11,2723,6963,1500,8186,Kolkata,Available
INV03415,P005,B202603415,Atorvastatin 20mg,Cardiovascular,2025-12-25,2027-12-25,5618,12922,10989,7551,Kolkata,Available
INV03416,P018,B202503416,Doxycycline 100mg,Antibiotic,2025-10-03,2027-10-03,2266,17763,2346,17683,Bangalore,Available
INV03417,P017,B202603417,Levothyroxine 50mcg,Endocrine,2026-03-31,2027-03-31,9674,3120,587,12207,Kolkata,Available
INV03418,P005,B202503418,Atorvastatin 20mg,Cardiovascular,2025-05-21,2028-05-20,6268,10881,11857,5292,Bangalore,Available
INV03419,P019,B202603419,Vitamin D3 60000IU,Supplement,2025-06-10,2027-06-10,3578,6569,3258,6889,Delhi,Available
INV03420,P018,B202503420,Doxycycline 100mg,Antibiotic,2025-03-09,2027-03-09,8673,14964,11762,11875,Bangalore,Available
INV03421,P008,B202603421,Amlodipine 5mg,Cardiovascular,2025-09-14,2027-09-14,3519,5810,7948,1381,Hyderabad,Available
INV03422,P020,B202503422,Enoxaparin 40mg,Anticoagulant,2025-01-23,2026-07-17,6289,19489,9175,16603,Bangalore,Available
INV03423,P015,B202603423,Montelukast 10mg,Respiratory,2025-07-15,2028-07-14,7862,4647,4321,8188,Chennai,Available
INV03424,P019,B202503424,Vitamin D3 60000IU,Supplement,2025-12-29,2026-12-29,4201,16118,7181,13138,Hyderabad,Available
INV03425,P006,B202603425,Pantoprazole 40mg,Gastrointestinal,2025-04-29,2026-10-21,4735,11294,11340,4689,Delhi,Available
INV03426,P012,B202503426,Losartan 50mg,Cardiovascular,2025-08-08,2027-08-08,9577,1184,3764,6997,Bangalore,Available
INV03427,P005,B202603427,Atorvastatin 20mg,Cardiovascular,2025-02-10,2027-02-10,8287,18865,2842,24310,Chennai,Available
INV03428,P007,B202503428,Ibuprofen 400mg,Analgesic,2025-07-09,2027-07-09,6951,12095,1197,17849,Mumbai,Available
INV03429,P006,B202603429,Pantoprazole 40mg,Gastrointestinal,2025-01-03,2026-01-03,4771,2908,5674,2005,Bangalore,Available
INV03430,P005,B202503430,Atorvastatin 20mg,Cardiovascular,2026-08-15,2028-08-14,5795,1287,309,6773,Kolkata,Available
INV03431,P016,B202603431,Salbutamol Inhaler,Respiratory,2026-07-25,2029-07-24,523,16306,5494,11335,Chennai,Available
INV03432,P009,B202503432,Cetirizine 10mg,Antiallergic,2026-03-09,2029-03-08,9758,11274,3348,17684,Delhi,Available
INV03433,P010,B202603433,Omeprazole 20mg,Gastrointestinal,2025-05-02,2027-05-02,1232,8660,6849,3043,Kolkata,Available
INV03434,P013,B202503434,Ciprofloxacin 500mg,Antibiotic,2026-08-11,2029-08-10,2743,17049,4034,15758,Delhi,Available
INV03435,P005,B202603435,Atorvastatin 20mg,Cardiovascular,2025-11-20,2027-11-20,9183,18925,9615,18493,Delhi,Available
INV03436,P018,B202503436,Doxycycline 100mg,Antibiotic,2025-03-05,2028-03-04,2437,8667,10078,1026,Chennai,Available
INV03437,P017,B202603437,Levothyroxine 50mcg,Endocrine,2026-02-17,2028-02-17,2154,19929,7639,14444,Chennai,Available
INV03438,P009,B202503438,Cetirizine 10mg,Antiallergic,2026-07-26,2028-01-17,2308,4422,4700,2030,Chennai,Available
INV03439,P005,B202603439,Atorvastatin 20mg,Cardiovascular,2026-02-23,2029-02-22,5557,19439,1880,23116,Mumbai,Available
INV03440,P012,B202503440,Losartan 50mg,Cardiovascular,2025-08-03,2026-08-03,4853,7448,2445,9856,Mumbai,Available
INV03441,P009,B202603441,Cetirizine 10mg,Antiallergic,2026-06-15,2027-12-07,4448,8395,7182,5661,Hyderabad,Available
INV03442,P018,B202503442,Doxycycline 100mg,Antibiotic,2025-09-09,2027-03-03,1106,17791,5654,13243,Bangalore,Available
INV03443,P004,B202603443,Metformin 500mg,Antidiabetic,2025-08-07,2028-08-06,1400,3290,2631,2059,Mumbai,Available
INV03444,P020,B202503444,Enoxaparin 40mg,Anticoagulant,2026-03-28,2028-03-27,3691,12896,7013,9574,Hyderabad,Available
INV03445,P008,B202603445,Amlodipine 5mg,Cardiovascular,2026-07-13,2028-07-12,4980,16137,3204,17913,Hyderabad,Available
INV03446,P020,B202503446,Enoxaparin 40mg,Anticoagulant,2026-04-27,2027-10-19,9490,8058,8103,9445,Bangalore,Available
INV03447,P014,B202603447,Diclofenac 50mg,Analgesic,2025-04-17,2026-04-17,8188,4905,5792,7301,Kolkata,Available
INV03448,P020,B202503448,Enoxaparin 40mg,Anticoagulant,2025-09-24,2026-09-24,3226,12703,4044,11885,Chennai,Available
INV03449,P020,B202603449,Enoxaparin 40mg,Anticoagulant,2026-01-08,2028-01-08,5534,4543,5828,4249,Kolkata,Available
INV03450,P014,B202503450,Diclofenac 50mg,Analgesic,2026-03-28,2029-03-27,4181,7390,11223,348,Mumbai,Low Stock
INV03451,P015,B202603451,Montelukast 10mg,Respiratory,2026-01-17,2027-01-17,3485,7198,1910,8773,Chennai,Available
INV03452,P020,B202503452,Enoxaparin 40mg,Anticoagulant,2026-08-03,2027-08-03,4770,5422,637,9555,Delhi,Available
INV03453,P018,B202603453,Doxycycline 100mg,Antibiotic,2025-02-16,2027-02-16,823,17019,768,17074,Mumbai,Available
INV03454,P003,B202503454,Azithromycin 500mg,Antibiotic,2025-09-05,2027-02-27,5629,16756,11958,10427,Mumbai,Available
INV03455,P019,B202603455,Vitamin D3 60000IU,Supplement,2025-09-14,2026-09-14,6202,14733,3626,17309,Delhi,Available
INV03456,P009,B202503456,Cetirizine 10mg,Antiallergic,2025-03-29,2026-09-20,4561,7496,10982,1075,Mumbai,Available
INV03457,P013,B202603457,Ciprofloxacin 500mg,Antibiotic,2025-01-07,2026-07-01,8920,17957,11729,15148,Bangalore,Available
INV03458,P018,B202503458,Doxycycline 100mg,Antibiotic,2025-06-10,2026-06-10,1378,15267,7103,9542,Delhi,Available
INV03459,P018,B202603459,Doxycycline 100mg,Antibiotic,2025-02-26,2026-02-26,9363,12519,9315,12567,Delhi,Available
INV03460,P003,B202503460,Azithromycin 500mg,Antibiotic,2025-11-10,2028-11-09,1618,3397,1738,3277,Mumbai,Available
INV03461,P013,B202603461,Ciprofloxacin 500mg,Antibiotic,2025-04-06,2028-04-05,1926,4801,6511,216,Mumbai,Low Stock
INV03462,P012,B202503462,Losartan 50mg,Cardiovascular,2025-09-18,2027-03-12,5314,15752,137,20929,Kolkata,Available
INV03463,P004,B202603463,Metformin 500mg,Antidiabetic,2026-07-05,2029-07-04,9364,13366,10867,11863,Kolkata,Available
INV03464,P013,B202503464,Ciprofloxacin 500mg,Antibiotic,2026-06-20,2027-12-12,8430,18586,7623,19393,Bangalore,Available
INV03465,P005,B202603465,Atorvastatin 20mg,Cardiovascular,2025-04-12,2027-04-12,4621,16720,3404,17937,Bangalore,Available
INV03466,P013,B202503466,Ciprofloxacin 500mg,Antibiotic,2025-03-25,2028-03-24,1271,10330,11006,595,Delhi,Low Stock
INV03467,P017,B202603467,Levothyroxine 50mcg,Endocrine,2025-09-11,2028-09-10,7222,10759,1208,16773,Kolkata,Available
INV03468,P001,B202503468,Paracetamol 500mg,Analgesic,2025-08-03,2027-08-03,7807,11163,4815,14155,Mumbai,Available
INV03469,P020,B202603469,Enoxaparin 40mg,Anticoagulant,2025-07-20,2028-07-19,992,13528,8167,6353,Chennai,Available
INV03470,P009,B202503470,Cetirizine 10mg,Antiallergic,2026-02-19,2027-08-13,6140,17976,8069,16047,Chennai,Available
INV03471,P020,B202603471,Enoxaparin 40mg,Anticoagulant,2025-05-12,2027-05-12,6743,14210,1587,19366,Chennai,Available
INV03472,P004,B202503472,Metformin 500mg,Antidiabetic,2025-09-03,2027-09-03,2999,3392,4316,2075,Hyderabad,Available
INV03473,P017,B202603473,Levothyroxine 50mcg,Endocrine,2026-06-23,2027-12-15,7514,5258,11154,1618,Hyderabad,Available
INV03474,P018,B202503474,Doxycycline 100mg,Antibiotic,2026-04-17,2027-10-09,8332,13015,8035,13312,Mumbai,Available
INV03475,P005,B202603475,Atorvastatin 20mg,Cardiovascular,2026-02-23,2027-02-23,3810,3689,9,7490,Bangalore,Available
INV03476,P002,B202503476,Amoxicillin 500mg,Antibiotic,2026-07-18,2029-07-17,9899,2596,11969,526,Delhi,Low Stock
INV03477,P016,B202603477,Salbutamol Inhaler,Respiratory,2026-05-30,2027-11-21,7541,13304,4961,15884,Mumbai,Available
INV03478,P005,B202503478,Atorvastatin 20mg,Cardiovascular,2025-04-22,2028-04-21,7451,11762,8333,10880,Mumbai,Available
INV03479,P005,B202603479,Atorvastatin 20mg,Cardiovascular,2026-07-20,2029-07-19,2542,16237,5307,13472,Chennai,Available
INV03480,P003,B202503480,Azithromycin 500mg,Antibiotic,2025-10-15,2026-10-15,8238,8573,3164,13647,Chennai,Available
INV03481,P020,B202603481,Enoxaparin 40mg,Anticoagulant,2025-07-23,2027-07-23,7051,10308,9663,7696,Bangalore,Available
INV03482,P018,B202503482,Doxycycline 100mg,Antibiotic,2025-08-31,2026-08-31,9900,15701,9795,15806,Bangalore,Available
INV03483,P016,B202603483,Salbutamol Inhaler,Respiratory,2026-02-23,2029-02-22,4031,18621,8494,14158,Hyderabad,Available
INV03484,P005,B202503484,Atorvastatin 20mg,Cardiovascular,2026-06-26,2028-06-25,1624,3384,4145,863,Hyderabad,Low Stock
INV03485,P005,B202603485,Atorvastatin 20mg,Cardiovascular,2026-01-04,2029-01-03,3699,13649,8446,8902,Delhi,Available
INV03486,P014,B202503486,Diclofenac 50mg,Analgesic,2025-05-17,2027-05-17,533,14881,9508,5906,Chennai,Available
INV03487,P001,B202603487,Paracetamol 500mg,Analgesic,2026-07-01,2027-12-23,1264,11155,6859,5560,Mumbai,Available
INV03488,P015,B202503488,Montelukast 10mg,Respiratory,2025-11-23,2026-11-23,6391,6009,1424,10976,Hyderabad,Available
INV03489,P019,B202603489,Vitamin D3 60000IU,Supplement,2025-12-10,2027-06-03,3978,17338,7993,13323,Chennai,Available
INV03490,P013,B202503490,Ciprofloxacin 500mg,Antibiotic,2026-08-19,2028-08-18,4303,5794,467,9630,Chennai,Available
INV03491,P019,B202603491,Vitamin D3 60000IU,Supplement,2026-02-03,2027-07-28,1741,13236,2402,12575,Delhi,Available
INV03492,P007,B202503492,Ibuprofen 400mg,Analgesic,2026-06-04,2029-06-03,2725,7200,9152,773,Bangalore,Low Stock
INV03493,P011,B202603493,Insulin Glargine,Antidiabetic,2025-03-26,2026-09-17,805,3669,1802,2672,Bangalore,Available
INV03494,P016,B202503494,Salbutamol Inhaler,Respiratory,2025-12-13,2027-06-06,4988,16941,10146,11783,Bangalore,Available
INV03495,P014,B202603495,Diclofenac 50mg,Analgesic,2025-10-09,2028-10-08,7978,14458,8097,14339,Hyderabad,Available
INV03496,P018,B202503496,Doxycycline 100mg,Antibiotic,2026-02-25,2027-08-19,2711,10516,4114,9113,Chennai,Available
INV03497,P009,B202603497,Cetirizine 10mg,Antiallergic,2025-04-12,2026-10-04,8250,16783,3737,21296,Chennai,Available
INV03498,P002,B202503498,Amoxicillin 500mg,Antibiotic,2026-08-14,2029-08-13,888,14396,5928,9356,Kolkata,Available
INV03499,P005,B202603499,Atorvastatin 20mg,Cardiovascular,2026-06-20,2029-06-19,3146,9214,7696,4664,Hyderabad,Available
INV03500,P020,B202503500,Enoxaparin 40mg,Anticoagulant,2025-04-25,2026-04-25,5257,9985,602,14640,Kolkata,Available
INV03501,P005,B202603501,Atorvastatin 20mg,Cardiovascular,2025-03-03,2027-03-03,9319,1043,5058,5304,Kolkata,Available
INV03502,P018,B202503502,Doxycycline 100mg,Antibiotic,2025-04-13,2027-04-13,8442,13757,7887,14312,Chennai,Available
INV03503,P010,B202603503,Omeprazole 20mg,Gastrointestinal,2025-02-10,2027-02-10,6464,17178,11088,12554,Mumbai,Available
INV03504,P020,B202503504,Enoxaparin 40mg,Anticoagulant,2025-01-06,2028-01-06,1804,13271,8199,6876,Delhi,Available
INV03505,P020,B202603505,Enoxaparin 40mg,Anticoagulant,2025-11-28,2026-11-28,6272,6527,7346,5453,Mumbai,Available
INV03506,P001,B202503506,Paracetamol 500mg,Analgesic,2026-01-18,2027-01-18,3615,12769,10574,5810,Hyderabad,Available
INV03507,P006,B202603507,Pantoprazole 40mg,Gastrointestinal,2025-06-30,2027-06-30,2337,11016,9613,3740,Bangalore,Available
INV03508,P020,B202503508,Enoxaparin 40mg,Anticoagulant,2025-11-16,2027-11-16,6365,18963,7976,17352,Kolkata,Available
INV03509,P006,B202603509,Pantoprazole 40mg,Gastrointestinal,2025-05-11,2027-05-11,1958,3112,1072,3998,Hyderabad,Available
INV03510,P002,B202503510,Amoxicillin 500mg,Antibiotic,2026-03-14,2028-03-13,2403,6370,8158,615,Kolkata,Low Stock
INV03511,P003,B202603511,Azithromycin 500mg,Antibiotic,2026-01-04,2027-06-28,3916,12396,11816,4496,Delhi,Available
INV03512,P020,B202503512,Enoxaparin 40mg,Anticoagulant,2026-05-08,2029-05-07,8008,16042,3063,20987,Kolkata,Available
INV03513,P019,B202603513,Vitamin D3 60000IU,Supplement,2025-12-27,2027-12-27,8861,3900,777,11984,Kolkata,Available
INV03514,P012,B202503514,Losartan 50mg,Cardiovascular,2026-03-10,2028-03-09,5415,1716,2064,5067,Bangalore,Available
INV03515,P009,B202603515,Cetirizine 10mg,Antiallergic,2025-01-14,2028-01-14,3293,15082,642,17733,Bangalore,Available
INV03516,P009,B202503516,Cetirizine 10mg,Antiallergic,2026-04-18,2029-04-17,5674,12663,8265,10072,Chennai,Available
INV03517,P015,B202603517,Montelukast 10mg,Respiratory,2025-01-19,2026-07-13,8476,9356,1754,16078,Delhi,Available
INV03518,P007,B202503518,Ibuprofen 400mg,Analgesic,2025-11-03,2027-11-03,7116,18670,8324,17462,Kolkata,Available
INV03519,P001,B202603519,Paracetamol 500mg,Analgesic,2026-04-15,2027-10-07,7429,2619,5302,4746,Bangalore,Available
INV03520,P014,B202503520,Diclofenac 50mg,Analgesic,2025-05-10,2026-05-10,1251,6114,7069,296,Kolkata,Low Stock
INV03521,P002,B202603521,Amoxicillin 500mg,Antibiotic,2026-08-11,2028-08-10,3568,18905,2892,19581,Hyderabad,Available
INV03522,P005,B202503522,Atorvastatin 20mg,Cardiovascular,2025-03-29,2026-09-20,1835,5251,2631,4455,Delhi,Available
INV03523,P018,B202603523,Doxycycline 100mg,Antibiotic,2025-02-14,2027-02-14,1485,19824,3323,17986,Kolkata,Available
INV03524,P016,B202503524,Salbutamol Inhaler,Respiratory,2025-07-14,2027-01-05,3512,9945,5304,8153,Delhi,Available
INV03525,P010,B202603525,Omeprazole 20mg,Gastrointestinal,2026-04-19,2027-10-11,3417,7207,7766,2858,Bangalore,Available
INV03526,P006,B202503526,Pantoprazole 40mg,Gastrointestinal,2025-07-07,2027-07-07,1726,9567,7619,3674,Kolkata,Available
INV03527,P009,B202603527,Cetirizine 10mg,Antiallergic,2026-08-13,2028-08-12,7854,5615,10986,2483,Hyderabad,Available
INV03528,P003,B202503528,Azithromycin 500mg,Antibiotic,2025-02-17,2027-02-17,6469,4769,9875,1363,Hyderabad,Available
INV03529,P013,B202603529,Ciprofloxacin 500mg,Antibiotic,2025-11-10,2027-11-10,7549,18621,8658,17512,Kolkata,Available
INV03530,P018,B202503530,Doxycycline 100mg,Antibiotic,2025-08-04,2027-08-04,2381,18601,11604,9378,Kolkata,Available
INV03531,P015,B202603531,Montelukast 10mg,Respiratory,2026-05-25,2029-05-24,2680,6013,4620,4073,Mumbai,Available
INV03532,P015,B202503532,Montelukast 10mg,Respiratory,2026-03-18,2029-03-17,7991,1221,3136,6076,Hyderabad,Available
INV03533,P013,B202603533,Ciprofloxacin 500mg,Antibiotic,2025-07-25,2028-07-24,3241,9313,9809,2745,Mumbai,Available
INV03534,P001,B202503534,Paracetamol 500mg,Analgesic,2025-07-19,2027-01-10,6315,14522,6585,14252,Mumbai,Available
INV03535,P011,B202603535,Insulin Glargine,Antidiabetic,2025-03-28,2026-03-28,6303,17443,6271,17475,Bangalore,Available
INV03536,P020,B202503536,Enoxaparin 40mg,Anticoagulant,2025-07-14,2027-07-14,9029,19738,1397,27370,Hyderabad,Available
INV03537,P013,B202603537,Ciprofloxacin 500mg,Antibiotic,2026-04-02,2029-04-01,5741,4012,6949,2804,Chennai,Available
INV03538,P010,B202503538,Omeprazole 20mg,Gastrointestinal,2026-01-18,2027-01-18,8204,1869,8451,1622,Kolkata,Available
INV03539,P014,B202603539,Diclofenac 50mg,Analgesic,2026-05-04,2029-05-03,2044,11349,7742,5651,Kolkata,Available
INV03540,P015,B202503540,Montelukast 10mg,Respiratory,2025-12-23,2027-12-23,1865,7027,3852,5040,Kolkata,Available
INV03541,P018,B202603541,Doxycycline 100mg,Antibiotic,2026-01-21,2027-01-21,7342,9720,7826,9236,Mumbai,Available
INV03542,P015,B202503542,Montelukast 10mg,Respiratory,2025-05-11,2026-05-11,2589,18530,905,20214,Hyderabad,Available
INV03543,P007,B202603543,Ibuprofen 400mg,Analgesic,2026-05-17,2027-11-08,8988,19773,7815,20946,Mumbai,Available
INV03544,P012,B202503544,Losartan 50mg,Cardiovascular,2026-02-06,2027-02-06,8414,9288,10150,7552,Delhi,Available
INV03545,P018,B202603545,Doxycycline 100mg,Antibiotic,2025-02-19,2026-02-19,1559,17616,11922,7253,Kolkata,Available
INV03546,P007,B202503546,Ibuprofen 400mg,Analgesic,2025-06-08,2026-11-30,8264,5779,6569,7474,Delhi,Available
INV03547,P008,B202603547,Amlodipine 5mg,Cardiovascular,2025-10-11,2027-10-11,8009,4603,6150,6462,Bangalore,Available
INV03548,P001,B202503548,Paracetamol 500mg,Analgesic,2026-01-23,2027-07-17,2964,2048,4742,270,Chennai,Low Stock
INV03549,P019,B202603549,Vitamin D3 60000IU,Supplement,2025-03-10,2026-03-10,2561,2909,2516,2954,Delhi,Available
INV03550,P004,B202503550,Metformin 500mg,Antidiabetic,2025-08-27,2027-08-27,3514,9753,7084,6183,Kolkata,Available
INV03551,P007,B202603551,Ibuprofen 400mg,Analgesic,2025-02-23,2028-02-23,5979,9969,8645,7303,Kolkata,Available
INV03552,P003,B202503552,Azithromycin 500mg,Antibiotic,2026-06-01,2028-05-31,6061,17421,3650,19832,Chennai,Available
INV03553,P012,B202603553,Losartan 50mg,Cardiovascular,2026-07-16,2028-01-07,7346,10449,4728,13067,Mumbai,Available
INV03554,P019,B202503554,Vitamin D3 60000IU,Supplement,2026-05-18,2027-05-18,8724,12090,1250,19564,Chennai,Available
INV03555,P004,B202603555,Metformin 500mg,Antidiabetic,2026-06-08,2027-11-30,9208,10179,1019,18368,Chennai,Available
INV03556,P015,B202503556,Montelukast 10mg,Respiratory,2025-07-01,2026-07-01,8707,15804,3574,20937,Chennai,Available
INV03557,P005,B202603557,Atorvastatin 20mg,Cardiovascular,2025-04-19,2027-04-19,8412,18455,5541,21326,Bangalore,Available
INV03558,P011,B202503558,Insulin Glargine,Antidiabetic,2026-02-13,2029-02-12,1565,13476,6148,8893,Delhi,Available
INV03559,P002,B202603559,Amoxicillin 500mg,Antibiotic,2025-01-11,2027-01-11,2392,12665,318,14739,Chennai,Available
INV03560,P007,B202503560,Ibuprofen 400mg,Analgesic,2025-09-28,2027-03-22,4474,11076,7747,7803,Chennai,Available
INV03561,P020,B202603561,Enoxaparin 40mg,Anticoagulant,2025-04-18,2028-04-17,6216,6882,11004,2094,Chennai,Available
INV03562,P004,B202503562,Metformin 500mg,Antidiabetic,2025-04-15,2027-04-15,7432,1866,5841,3457,Delhi,Available
INV03563,P020,B202603563,Enoxaparin 40mg,Anticoagulant,2026-03-21,2029-03-20,823,15521,4004,12340,Delhi,Available
INV03564,P018,B202503564,Doxycycline 100mg,Antibiotic,2026-06-06,2027-06-06,2781,14735,10537,6979,Delhi,Available
INV03565,P002,B202603565,Amoxicillin 500mg,Antibiotic,2025-04-09,2027-04-09,7546,18034,6385,19195,Mumbai,Available
INV03566,P003,B202503566,Azithromycin 500mg,Antibiotic,2026-04-15,2029-04-14,930,10347,4006,7271,Chennai,Available
INV03567,P016,B202603567,Salbutamol Inhaler,Respiratory,2025-05-11,2028-05-10,1803,15843,8896,8750,Bangalore,Available
INV03568,P014,B202503568,Diclofenac 50mg,Analgesic,2025-06-12,2026-12-04,1322,15180,9691,6811,Delhi,Available
INV03569,P016,B202603569,Salbutamol Inhaler,Respiratory,2025-07-29,2027-07-29,7976,9185,7402,9759,Bangalore,Available
INV03570,P011,B202503570,Insulin Glargine,Antidiabetic,2026-05-26,2029-05-25,3351,11352,7436,7267,Kolkata,Available
INV03571,P017,B202603571,Levothyroxine 50mcg,Endocrine,2026-05-06,2029-05-05,3903,8163,5579,6487,Mumbai,Available
INV03572,P020,B202503572,Enoxaparin 40mg,Anticoagulant,2026-06-10,2029-06-09,6272,4632,1567,9337,Hyderabad,Available
INV03573,P014,B202603573,Diclofenac 50mg,Analgesic,2025-08-07,2027-08-07,8859,7353,11129,5083,Delhi,Available
INV03574,P017,B202503574,Levothyroxine 50mcg,Endocrine,2025-02-05,2026-07-30,9344,17855,6852,20347,Bangalore,Available
INV03575,P002,B202603575,Amoxicillin 500mg,Antibiotic,2025-09-11,2028-09-10,4087,17798,6423,15462,Bangalore,Available
INV03576,P012,B202503576,Losartan 50mg,Cardiovascular,2025-08-07,2026-08-07,6914,4886,10685,1115,Chennai,Available
INV03577,P016,B202603577,Salbutamol Inhaler,Respiratory,2025-02-15,2028-02-15,5186,14926,2299,17813,Chennai,Available
INV03578,P007,B202503578,Ibuprofen 400mg,Analgesic,2026-03-01,2027-08-23,9358,14462,5427,18393,Mumbai,Available
INV03579,P001,B202603579,Paracetamol 500mg,Analgesic,2025-06-29,2028-06-28,8398,19995,1029,27364,Hyderabad,Available
INV03580,P016,B202503580,Salbutamol Inhaler,Respiratory,2025-08-05,2026-08-05,3173,18443,10295,11321,Bangalore,Available
INV03581,P017,B202603581,Levothyroxine 50mcg,Endocrine,2025-11-30,2028-11-29,6412,14079,6928,13563,Chennai,Available
INV03582,P017,B202503582,Levothyroxine 50mcg,Endocrine,2025-11-01,2026-11-01,1384,8895,4866,5413,Kolkata,Available
INV03583,P001,B202603583,Paracetamol 500mg,Analgesic,2026-06-18,2027-06-18,5234,9031,6696,7569,Bangalore,Available
INV03584,P016,B202503584,Salbutamol Inhaler,Respiratory,2025-03-22,2028-03-21,5885,17874,11746,12013,Kolkata,Available
INV03585,P010,B202603585,Omeprazole 20mg,Gastrointestinal,2025-09-06,2027-09-06,6673,16016,5799,16890,Mumbai,Available
INV03586,P003,B202503586,Azithromycin 500mg,Antibiotic,2025-04-12,2028-04-11,9898,12434,4130,18202,Bangalore,Available
INV03587,P001,B202603587,Paracetamol 500mg,Analgesic,2026-02-11,2028-02-11,3189,4586,538,7237,Chennai,Available
INV03588,P013,B202503588,Ciprofloxacin 500mg,Antibiotic,2025-07-19,2027-07-19,8530,10828,3149,16209,Bangalore,Available
INV03589,P016,B202603589,Salbutamol Inhaler,Respiratory,2025-12-13,2027-06-06,562,16467,11117,5912,Mumbai,Available
INV03590,P006,B202503590,Pantoprazole 40mg,Gastrointestinal,2026-01-07,2029-01-06,6079,1230,1426,5883,Bangalore,Available
INV03591,P009,B202603591,Cetirizine 10mg,Antiallergic,2025-09-28,2027-09-28,7707,3135,10220,622,Hyderabad,Low Stock
INV03592,P011,B202503592,Insulin Glargine,Antidiabetic,2025-05-07,2026-10-29,8410,1846,4956,5300,Delhi,Available
INV03593,P012,B202603593,Losartan 50mg,Cardiovascular,2025-08-17,2027-02-08,9137,5578,5761,8954,Mumbai,Available
INV03594,P016,B202503594,Salbutamol Inhaler,Respiratory,2026-04-29,2029-04-28,1307,2867,1567,2607,Mumbai,Available
INV03595,P002,B202603595,Amoxicillin 500mg,Antibiotic,2026-06-21,2029-06-20,4532,15620,6782,13370,Delhi,Available
INV03596,P018,B202503596,Doxycycline 100mg,Antibiotic,2025-02-25,2026-02-25,4567,17997,7103,15461,Mumbai,Available
INV03597,P001,B202603597,Paracetamol 500mg,Analgesic,2025-12-22,2027-06-15,3616,19923,6325,17214,Bangalore,Available
INV03598,P001,B202503598,Paracetamol 500mg,Analgesic,2025-08-21,2026-08-21,4573,8880,10555,2898,Mumbai,Available
INV03599,P006,B202603599,Pantoprazole 40mg,Gastrointestinal,2026-01-05,2028-01-05,860,2591,578,2873,Chennai,Available
INV03600,P005,B202503600,Atorvastatin 20mg,Cardiovascular,2026-08-19,2028-02-10,9369,5690,5085,9974,Bangalore,Available
INV03601,P017,B202603601,Levothyroxine 50mcg,Endocrine,2025-12-25,2026-12-25,7567,17857,8223,17201,Chennai,Available
INV03602,P006,B202503602,Pantoprazole 40mg,Gastrointestinal,2025-09-17,2028-09-16,6277,12625,9205,9697,Delhi,Available
INV03603,P003,B202603603,Azithromycin 500mg,Antibiotic,2025-05-08,2028-05-07,2801,13646,5697,10750,Delhi,Available
INV03604,P005,B202503604,Atorvastatin 20mg,Cardiovascular,2025-07-06,2027-07-06,2131,6862,8976,17,Bangalore,Low Stock
INV03605,P012,B202603605,Losartan 50mg,Cardiovascular,2025-04-01,2027-04-01,1708,11906,5277,8337,Chennai,Available
INV03606,P001,B202503606,Paracetamol 500mg,Analgesic,2025-11-06,2027-11-06,2786,6668,6679,2775,Delhi,Available
INV03607,P012,B202603607,Losartan 50mg,Cardiovascular,2026-07-16,2028-01-07,8756,19510,6917,21349,Hyderabad,Available
INV03608,P009,B202503608,Cetirizine 10mg,Antiallergic,2025-01-28,2027-01-28,3099,18540,7837,13802,Mumbai,Available
INV03609,P004,B202603609,Metformin 500mg,Antidiabetic,2025-03-01,2027-03-01,7778,6056,125,13709,Hyderabad,Available
INV03610,P016,B202503610,Salbutamol Inhaler,Respiratory,2025-12-15,2026-12-15,1590,3025,3499,1116,Chennai,Available
INV03611,P009,B202603611,Cetirizine 10mg,Antiallergic,2026-02-18,2027-02-18,5838,6170,9847,2161,Mumbai,Available
INV03612,P018,B202503612,Doxycycline 100mg,Antibiotic,2025-12-04,2027-05-28,9497,19930,5467,23960,Mumbai,Available
INV03613,P013,B202603613,Ciprofloxacin 500mg,Antibiotic,2025-04-13,2026-10-05,8537,18042,4987,21592,Mumbai,Available
INV03614,P018,B202503614,Doxycycline 100mg,Antibiotic,2025-05-02,2026-05-02,1191,3110,3784,517,Bangalore,Low Stock
INV03615,P007,B202603615,Ibuprofen 400mg,Analgesic,2025-12-28,2027-12-28,8403,19639,4832,23210,Hyderabad,Available
INV03616,P002,B202503616,Amoxicillin 500mg,Antibiotic,2026-06-19,2027-12-11,9035,7613,9073,7575,Delhi,Available
INV03617,P015,B202603617,Montelukast 10mg,Respiratory,2026-01-27,2027-07-21,1478,1205,1127,1556,Kolkata,Available
INV03618,P013,B202503618,Ciprofloxacin 500mg,Antibiotic,2026-02-09,2027-08-03,5118,8734,1635,12217,Delhi,Available
INV03619,P008,B202603619,Amlodipine 5mg,Cardiovascular,2025-08-30,2027-08-30,793,18788,2671,16910,Chennai,Available
INV03620,P016,B202503620,Salbutamol Inhaler,Respiratory,2025-04-03,2026-04-03,4418,16537,7630,13325,Mumbai,Available
INV03621,P017,B202603621,Levothyroxine 50mcg,Endocrine,2025-10-11,2028-10-10,7820,4272,4599,7493,Bangalore,Available
INV03622,P005,B202503622,Atorvastatin 20mg,Cardiovascular,2025-01-14,2026-01-14,540,13766,4915,9391,Mumbai,Available
INV03623,P016,B202603623,Salbutamol Inhaler,Respiratory,2026-05-01,2028-04-30,4848,13349,4978,13219,Mumbai,Available
INV03624,P006,B202503624,Pantoprazole 40mg,Gastrointestinal,2025-04-24,2026-04-24,6726,16779,5084,18421,Bangalore,Available
INV03625,P013,B202603625,Ciprofloxacin 500mg,Antibiotic,2026-06-26,2028-06-25,755,2557,1730,1582,Kolkata,Available
INV03626,P002,B202503626,Amoxicillin 500mg,Antibiotic,2026-03-29,2029-03-28,989,5018,23,5984,Delhi,Available
INV03627,P004,B202603627,Metformin 500mg,Antidiabetic,2026-07-04,2027-07-04,6668,15950,2140,20478,Hyderabad,Available
INV03628,P016,B202503628,Salbutamol Inhaler,Respiratory,2025-02-25,2026-08-19,2876,1250,1863,2263,Mumbai,Available
INV03629,P007,B202603629,Ibuprofen 400mg,Analgesic,2026-05-03,2027-05-03,4585,4431,6838,2178,Delhi,Available
INV03630,P015,B202503630,Montelukast 10mg,Respiratory,2025-03-06,2026-08-28,981,7142,7679,444,Chennai,Low Stock
INV03631,P002,B202603631,Amoxicillin 500mg,Antibiotic,2025-08-10,2028-08-09,2115,15385,3850,13650,Mumbai,Available
INV03632,P018,B202503632,Doxycycline 100mg,Antibiotic,2026-02-08,2027-08-02,583,5464,2526,3521,Bangalore,Available
INV03633,P018,B202603633,Doxycycline 100mg,Antibiotic,2025-02-03,2027-02-03,9779,7364,6441,10702,Bangalore,Available
INV03634,P015,B202503634,Montelukast 10mg,Respiratory,2026-08-10,2029-08-09,1919,7694,6956,2657,Chennai,Available
INV03635,P009,B202603635,Cetirizine 10mg,Antiallergic,2026-07-31,2027-07-31,7547,10433,8541,9439,Delhi,Available
INV03636,P009,B202503636,Cetirizine 10mg,Antiallergic,2026-05-05,2029-05-04,8264,2687,4633,6318,Chennai,Available
INV03637,P018,B202603637,Doxycycline 100mg,Antibiotic,2025-08-06,2027-08-06,5877,5191,9884,1184,Mumbai,Available
INV03638,P013,B202503638,Ciprofloxacin 500mg,Antibiotic,2025-06-23,2026-06-23,4802,14730,3926,15606,Kolkata,Available
INV03639,P016,B202603639,Salbutamol Inhaler,Respiratory,2026-01-21,2029-01-20,8684,14704,9904,13484,Chennai,Available
INV03640,P018,B202503640,Doxycycline 100mg,Antibiotic,2025-03-04,2026-08-26,8934,10009,179,18764,Kolkata,Available
INV03641,P014,B202603641,Diclofenac 50mg,Analgesic,2026-07-01,2027-07-01,1895,10699,2178,10416,Delhi,Available
INV03642,P007,B202503642,Ibuprofen 400mg,Analgesic,2025-05-07,2028-05-06,869,17625,1845,16649,Delhi,Available
INV03643,P020,B202603643,Enoxaparin 40mg,Anticoagulant,2025-03-09,2028-03-08,3385,15080,10285,8180,Hyderabad,Available
INV03644,P007,B202503644,Ibuprofen 400mg,Analgesic,2026-06-01,2027-06-01,1531,6739,4988,3282,Chennai,Available
INV03645,P012,B202603645,Losartan 50mg,Cardiovascular,2025-10-24,2028-10-23,2130,18133,3751,16512,Hyderabad,Available
INV03646,P020,B202503646,Enoxaparin 40mg,Anticoagulant,2026-01-23,2027-07-17,3636,9390,9500,3526,Bangalore,Available
INV03647,P004,B202603647,Metformin 500mg,Antidiabetic,2025-07-02,2026-12-24,8240,5004,9435,3809,Kolkata,Available
INV03648,P009,B202503648,Cetirizine 10mg,Antiallergic,2026-07-31,2029-07-30,8074,8225,3607,12692,Kolkata,Available
INV03649,P009,B202603649,Cetirizine 10mg,Antiallergic,2025-01-19,2027-01-19,3799,18778,10261,12316,Bangalore,Available
INV03650,P019,B202503650,Vitamin D3 60000IU,Supplement,2026-07-24,2029-07-23,3116,13728,10417,6427,Chennai,Available
INV03651,P009,B202603651,Cetirizine 10mg,Antiallergic,2026-03-01,2027-08-23,2915,13784,5595,11104,Hyderabad,Available
INV03652,P014,B202503652,Diclofenac 50mg,Analgesic,2025-07-13,2027-07-13,3933,17817,10208,11542,Mumbai,Available
INV03653,P015,B202603653,Montelukast 10mg,Respiratory,2025-04-17,2028-04-16,2538,17472,10153,9857,Hyderabad,Available
INV03654,P001,B202503654,Paracetamol 500mg,Analgesic,2026-03-19,2029-03-18,7306,2056,6043,3319,Mumbai,Available
INV03655,P019,B202603655,Vitamin D3 60000IU,Supplement,2026-04-26,2029-04-25,4372,7119,9450,2041,Bangalore,Available
INV03656,P003,B202503656,Azithromycin 500mg,Antibiotic,2025-02-07,2027-02-07,1216,12067,2008,11275,Kolkata,Available
INV03657,P009,B202603657,Cetirizine 10mg,Antiallergic,2025-02-26,2027-02-26,3717,5974,6390,3301,Kolkata,Available
INV03658,P020,B202503658,Enoxaparin 40mg,Anticoagulant,2025-09-19,2028-09-18,2489,17084,11305,8268,Delhi,Available
INV03659,P011,B202603659,Insulin Glargine,Antidiabetic,2025-12-05,2026-12-05,8657,15015,10436,13236,Bangalore,Available
INV03660,P017,B202503660,Levothyroxine 50mcg,Endocrine,2025-08-06,2028-08-05,9942,17713,10987,16668,Bangalore,Available
INV03661,P007,B202603661,Ibuprofen 400mg,Analgesic,2025-06-25,2027-06-25,9774,14031,6537,17268,Chennai,Available
INV03662,P004,B202503662,Metformin 500mg,Antidiabetic,2026-02-01,2028-02-01,2431,13270,10086,5615,Chennai,Available
INV03663,P017,B202603663,Levothyroxine 50mcg,Endocrine,2026-05-03,2027-10-25,967,19342,5442,14867,Delhi,Available
INV03664,P001,B202503664,Paracetamol 500mg,Analgesic,2026-06-18,2029-06-17,9318,4304,10116,3506,Delhi,Available
INV03665,P003,B202603665,Azithromycin 500mg,Antibiotic,2025-12-09,2027-06-02,6443,2589,5089,3943,Chennai,Available
INV03666,P015,B202503666,Montelukast 10mg,Respiratory,2026-04-07,2028-04-06,7163,2715,7882,1996,Mumbai,Available
INV03667,P011,B202603667,Insulin Glargine,Antidiabetic,2025-11-24,2028-11-23,3589,8302,9041,2850,Delhi,Available
INV03668,P007,B202503668,Ibuprofen 400mg,Analgesic,2025-07-26,2028-07-25,8441,3788,4799,7430,Chennai,Available
INV03669,P003,B202603669,Azithromycin 500mg,Antibiotic,2025-04-21,2026-04-21,5516,9568,3846,11238,Bangalore,Available
INV03670,P013,B202503670,Ciprofloxacin 500mg,Antibiotic,2026-04-30,2027-04-30,6832,16113,6685,16260,Delhi,Available
INV03671,P004,B202603671,Metformin 500mg,Antidiabetic,2026-07-29,2029-07-28,7262,18152,7289,18125,Delhi,Available
INV03672,P017,B202503672,Levothyroxine 50mcg,Endocrine,2025-01-23,2026-01-23,2432,13022,2908,12546,Mumbai,Available
INV03673,P010,B202603673,Omeprazole 20mg,Gastrointestinal,2026-03-23,2028-03-22,732,14047,5132,9647,Bangalore,Available
INV03674,P014,B202503674,Diclofenac 50mg,Analgesic,2025-06-12,2026-12-04,9692,5521,10623,4590,Mumbai,Available
INV03675,P019,B202603675,Vitamin D3 60000IU,Supplement,2026-05-25,2029-05-24,2465,16027,4406,14086,Kolkata,Available
INV03676,P020,B202503676,Enoxaparin 40mg,Anticoagulant,2026-01-03,2029-01-02,5567,1645,6304,908,Delhi,Low Stock
INV03677,P001,B202603677,Paracetamol 500mg,Analgesic,2025-02-09,2027-02-09,9278,14250,5298,18230,Hyderabad,Available
INV03678,P009,B202503678,Cetirizine 10mg,Antiallergic,2025-07-13,2027-01-04,1719,11808,2620,10907,Bangalore,Available
INV03679,P006,B202603679,Pantoprazole 40mg,Gastrointestinal,2026-04-25,2028-04-24,5166,12247,6798,10615,Mumbai,Available
INV03680,P017,B202503680,Levothyroxine 50mcg,Endocrine,2026-03-15,2027-03-15,8263,4328,937,11654,Mumbai,Available
INV03681,P008,B202603681,Amlodipine 5mg,Cardiovascular,2026-04-17,2028-04-16,1056,10477,9171,2362,Chennai,Available
INV03682,P011,B202503682,Insulin Glargine,Antidiabetic,2026-01-05,2028-01-05,2697,11723,8102,6318,Bangalore,Available
INV03683,P014,B202603683,Diclofenac 50mg,Analgesic,2025-05-30,2026-05-30,7676,8408,4947,11137,Delhi,Available
INV03684,P012,B202503684,Losartan 50mg,Cardiovascular,2026-01-08,2029-01-07,6686,1879,1904,6661,Mumbai,Available
INV03685,P010,B202603685,Omeprazole 20mg,Gastrointestinal,2025-08-05,2026-08-05,1511,3754,5006,259,Mumbai,Low Stock
INV03686,P020,B202503686,Enoxaparin 40mg,Anticoagulant,2025-07-20,2027-01-11,5151,18988,6758,17381,Bangalore,Available
INV03687,P006,B202603687,Pantoprazole 40mg,Gastrointestinal,2026-08-12,2027-08-12,8442,18644,2572,24514,Delhi,Available
INV03688,P012,B202503688,Losartan 50mg,Cardiovascular,2026-04-22,2029-04-21,1070,7066,7649,487,Mumbai,Low Stock
INV03689,P005,B202603689,Atorvastatin 20mg,Cardiovascular,2026-01-13,2027-01-13,1897,16162,1418,16641,Kolkata,Available
INV03690,P005,B202503690,Atorvastatin 20mg,Cardiovascular,2025-03-06,2027-03-06,2177,7965,3561,6581,Delhi,Available
INV03691,P010,B202603691,Omeprazole 20mg,Gastrointestinal,2025-04-28,2026-04-28,2344,2055,2861,1538,Mumbai,Available
INV03692,P003,B202503692,Azithromycin 500mg,Antibiotic,2025-07-18,2027-07-18,3209,8613,8793,3029,Chennai,Available
INV03693,P015,B202603693,Montelukast 10mg,Respiratory,2025-08-18,2027-02-09,8538,17574,666,25446,Kolkata,Available
INV03694,P018,B202503694,Doxycycline 100mg,Antibiotic,2026-07-20,2028-01-11,5262,1808,776,6294,Delhi,Available
INV03695,P005,B202603695,Atorvastatin 20mg,Cardiovascular,2025-05-15,2026-11-06,4862,3906,7035,1733,Chennai,Available
INV03696,P016,B202503696,Salbutamol Inhaler,Respiratory,2026-07-10,2028-07-09,3936,19580,6789,16727,Mumbai,Available
INV03697,P009,B202603697,Cetirizine 10mg,Antiallergic,2025-01-24,2028-01-24,8285,14291,2655,19921,Kolkata,Available
INV03698,P004,B202503698,Metformin 500mg,Antidiabetic,2025-05-25,2026-05-25,3238,7230,8321,2147,Hyderabad,Available
INV03699,P020,B202603699,Enoxaparin 40mg,Anticoagulant,2025-07-01,2027-07-01,6135,16753,9019,13869,Kolkata,Available
INV03700,P019,B202503700,Vitamin D3 60000IU,Supplement,2025-03-12,2026-03-12,4767,3857,4256,4368,Delhi,Available
INV03701,P006,B202603701,Pantoprazole 40mg,Gastrointestinal,2025-02-28,2028-02-28,4022,16943,7495,13470,Delhi,Available
INV03702,P016,B202503702,Salbutamol Inhaler,Respiratory,2025-06-09,2026-06-09,9970,13692,3507,20155,Delhi,Available
INV03703,P008,B202603703,Amlodipine 5mg,Cardiovascular,2026-05-31,2028-05-30,3480,14117,9001,8596,Mumbai,Available
INV03704,P016,B202503704,Salbutamol Inhaler,Respiratory,2025-05-21,2026-05-21,8352,12802,421,20733,Chennai,Available
INV03705,P007,B202603705,Ibuprofen 400mg,Analgesic,2025-06-14,2026-12-06,4792,17945,5229,17508,Hyderabad,Available
INV03706,P016,B202503706,Salbutamol Inhaler,Respiratory,2025-11-22,2026-11-22,6506,10520,6895,10131,Hyderabad,Available
INV03707,P010,B202603707,Omeprazole 20mg,Gastrointestinal,2026-01-24,2028-01-24,6964,19955,6014,20905,Mumbai,Available
INV03708,P011,B202503708,Insulin Glargine,Antidiabetic,2025-07-17,2027-01-08,7057,6953,8988,5022,Chennai,Available
INV03709,P020,B202603709,Enoxaparin 40mg,Anticoagulant,2025-03-21,2026-09-12,7830,9154,7860,9124,Chennai,Available
INV03710,P018,B202503710,Doxycycline 100mg,Antibiotic,2025-05-16,2026-11-07,4973,10617,10861,4729,Bangalore,Available
INV03711,P005,B202603711,Atorvastatin 20mg,Cardiovascular,2026-07-02,2028-07-01,6916,5744,7475,5185,Mumbai,Available
INV03712,P015,B202503712,Montelukast 10mg,Respiratory,2025-02-24,2026-08-18,6624,12473,10085,9012,Chennai,Available
INV03713,P001,B202603713,Paracetamol 500mg,Analgesic,2025-02-24,2026-08-18,9609,10066,10703,8972,Bangalore,Available
INV03714,P020,B202503714,Enoxaparin 40mg,Anticoagulant,2025-02-06,2028-02-06,8831,6592,3610,11813,Delhi,Available
INV03715,P015,B202603715,Montelukast 10mg,Respiratory,2025-03-14,2026-03-14,7665,16343,1843,22165,Kolkata,Available
INV03716,P018,B202503716,Doxycycline 100mg,Antibiotic,2026-06-05,2027-06-05,6857,4047,2141,8763,Bangalore,Available
INV03717,P010,B202603717,Omeprazole 20mg,Gastrointestinal,2026-03-03,2027-03-03,2269,6262,1686,6845,Chennai,Available
INV03718,P004,B202503718,Metformin 500mg,Antidiabetic,2025-06-17,2026-12-09,2425,18883,2515,18793,Mumbai,Available
INV03719,P012,B202603719,Losartan 50mg,Cardiovascular,2025-06-06,2026-11-28,2118,10174,226,12066,Mumbai,Available
INV03720,P008,B202503720,Amlodipine 5mg,Cardiovascular,2025-07-30,2026-07-30,9989,1513,1680,9822,Bangalore,Available
INV03721,P020,B202603721,Enoxaparin 40mg,Anticoagulant,2025-07-11,2027-01-02,7633,1958,642,8949,Hyderabad,Available
INV03722,P014,B202503722,Diclofenac 50mg,Analgesic,2026-08-11,2028-08-10,8786,17758,3316,23228,Hyderabad,Available
INV03723,P004,B202603723,Metformin 500mg,Antidiabetic,2026-04-22,2028-04-21,8717,10636,11718,7635,Kolkata,Available
INV03724,P017,B202503724,Levothyroxine 50mcg,Endocrine,2026-04-27,2027-04-27,7576,18996,3506,23066,Chennai,Available
INV03725,P008,B202603725,Amlodipine 5mg,Cardiovascular,2025-05-08,2027-05-08,2069,10144,11237,976,Bangalore,Low Stock
INV03726,P004,B202503726,Metformin 500mg,Antidiabetic,2026-07-20,2029-07-19,4885,8700,11568,2017,Chennai,Available
INV03727,P019,B202603727,Vitamin D3 60000IU,Supplement,2025-02-25,2027-02-25,7388,1679,4642,4425,Bangalore,Available
INV03728,P019,B202503728,Vitamin D3 60000IU,Supplement,2026-02-13,2027-02-13,5454,3077,6858,1673,Hyderabad,Available
INV03729,P013,B202603729,Ciprofloxacin 500mg,Antibiotic,2025-02-17,2026-02-17,9812,8331,1474,16669,Chennai,Available
INV03730,P005,B202503730,Atorvastatin 20mg,Cardiovascular,2025-12-20,2028-12-19,6993,5688,2843,9838,Hyderabad,Available
INV03731,P013,B202603731,Ciprofloxacin 500mg,Antibiotic,2026-02-08,2028-02-08,4288,2179,5403,1064,Delhi,Available
INV03732,P013,B202503732,Ciprofloxacin 500mg,Antibiotic,2025-03-04,2026-08-26,3386,12361,9448,6299,Kolkata,Available
INV03733,P011,B202603733,Insulin Glargine,Antidiabetic,2025-08-07,2027-01-29,7497,7043,4990,9550,Chennai,Available
INV03734,P011,B202503734,Insulin Glargine,Antidiabetic,2025-10-08,2027-10-08,3242,2150,4251,1141,Mumbai,Available
INV03735,P007,B202603735,Ibuprofen 400mg,Analgesic,2025-02-27,2028-02-27,7388,6207,7294,6301,Mumbai,Available
INV03736,P007,B202503736,Ibuprofen 400mg,Analgesic,2025-07-06,2026-07-06,9761,18591,10447,17905,Hyderabad,Available
INV03737,P020,B202603737,Enoxaparin 40mg,Anticoagulant,2025-06-15,2028-06-14,1459,6899,4826,3532,Kolkata,Available
INV03738,P006,B202503738,Pantoprazole 40mg,Gastrointestinal,2025-09-17,2028-09-16,4987,13973,5020,13940,Bangalore,Available
INV03739,P006,B202603739,Pantoprazole 40mg,Gastrointestinal,2025-12-06,2026-12-06,2702,19109,184,21627,Hyderabad,Available
INV03740,P013,B202503740,Ciprofloxacin 500mg,Antibiotic,2025-12-04,2026-12-04,1066,18093,6610,12549,Delhi,Available
INV03741,P002,B202603741,Amoxicillin 500mg,Antibiotic,2025-05-06,2026-05-06,9802,15625,6557,18870,Chennai,Available
INV03742,P004,B202503742,Metformin 500mg,Antidiabetic,2026-08-16,2028-08-15,5408,19228,1151,23485,Mumbai,Available
INV03743,P002,B202603743,Amoxicillin 500mg,Antibiotic,2025-09-13,2027-03-07,4881,14338,3361,15858,Bangalore,Available
INV03744,P004,B202503744,Metformin 500mg,Antidiabetic,2026-03-06,2028-03-05,9798,17990,1933,25855,Chennai,Available
INV03745,P002,B202603745,Amoxicillin 500mg,Antibiotic,2025-02-27,2028-02-27,4308,19956,63,24201,Delhi,Available
INV03746,P007,B202503746,Ibuprofen 400mg,Analgesic,2026-08-15,2028-08-14,7833,6514,10734,3613,Kolkata,Available
INV03747,P016,B202603747,Salbutamol Inhaler,Respiratory,2025-10-14,2028-10-13,6857,2248,8048,1057,Bangalore,Available
INV03748,P014,B202503748,Diclofenac 50mg,Analgesic,2025-05-30,2028-05-29,7433,16354,8398,15389,Delhi,Available
INV03749,P018,B202603749,Doxycycline 100mg,Antibiotic,2025-06-28,2027-06-28,3332,3159,5682,809,Mumbai,Low Stock
INV03750,P002,B202503750,Amoxicillin 500mg,Antibiotic,2026-05-11,2029-05-10,6786,7214,10314,3686,Chennai,Available
INV03751,P006,B202603751,Pantoprazole 40mg,Gastrointestinal,2025-07-18,2028-07-17,9557,13853,437,22973,Hyderabad,Available
INV03752,P008,B202503752,Amlodipine 5mg,Cardiovascular,2025-11-18,2028-11-17,8559,6207,1305,13461,Hyderabad,Available
INV03753,P005,B202603753,Atorvastatin 20mg,Cardiovascular,2026-06-24,2027-06-24,8391,13480,1269,20602,Chennai,Available
INV03754,P012,B202503754,Losartan 50mg,Cardiovascular,2025-01-03,2026-01-03,3806,5087,5147,3746,Delhi,Available
INV03755,P004,B202603755,Metformin 500mg,Antidiabetic,2025-03-16,2027-03-16,4963,6036,2814,8185,Bangalore,Available
INV03756,P018,B202503756,Doxycycline 100mg,Antibiotic,2026-05-21,2028-05-20,3819,5087,2738,6168,Kolkata,Available
INV03757,P002,B202603757,Amoxicillin 500mg,Antibiotic,2026-05-09,2027-10-31,3020,16386,11533,7873,Kolkata,Available
INV03758,P006,B202503758,Pantoprazole 40mg,Gastrointestinal,2025-12-21,2027-06-14,2338,8333,666,10005,Bangalore,Available
INV03759,P012,B202603759,Losartan 50mg,Cardiovascular,2026-02-17,2027-08-11,5795,15526,10734,10587,Delhi,Available
INV03760,P005,B202503760,Atorvastatin 20mg,Cardiovascular,2026-03-04,2027-03-04,1822,7814,3169,6467,Bangalore,Available
INV03761,P002,B202603761,Amoxicillin 500mg,Antibiotic,2026-07-22,2028-07-21,7316,2259,7624,1951,Mumbai,Available
INV03762,P015,B202503762,Montelukast 10mg,Respiratory,2025-10-22,2026-10-22,2991,3672,5529,1134,Mumbai,Available
INV03763,P016,B202603763,Salbutamol Inhaler,Respiratory,2026-05-13,2027-05-13,3640,3358,66,6932,Kolkata,Available
INV03764,P014,B202503764,Diclofenac 50mg,Analgesic,2025-09-29,2026-09-29,6114,11314,2674,14754,Bangalore,Available
INV03765,P010,B202603765,Omeprazole 20mg,Gastrointestinal,2025-11-02,2028-11-01,4239,2844,6236,847,Mumbai,Low Stock
INV03766,P015,B202503766,Montelukast 10mg,Respiratory,2025-01-26,2026-01-26,721,16001,2889,13833,Chennai,Available
INV03767,P019,B202603767,Vitamin D3 60000IU,Supplement,2026-02-03,2029-02-02,9329,14731,9639,14421,Delhi,Available
INV03768,P005,B202503768,Atorvastatin 20mg,Cardiovascular,2025-03-03,2026-08-25,5014,7648,1224,11438,Delhi,Available
INV03769,P010,B202603769,Omeprazole 20mg,Gastrointestinal,2026-07-27,2029-07-26,6348,17159,3755,19752,Kolkata,Available
INV03770,P019,B202503770,Vitamin D3 60000IU,Supplement,2025-03-17,2027-03-17,4849,6055,4492,6412,Kolkata,Available
INV03771,P019,B202603771,Vitamin D3 60000IU,Supplement,2025-07-26,2027-01-17,5404,14937,5751,14590,Mumbai,Available
INV03772,P019,B202503772,Vitamin D3 60000IU,Supplement,2025-08-12,2027-02-03,3606,7333,6072,4867,Delhi,Available
INV03773,P003,B202603773,Azithromycin 500mg,Antibiotic,2026-06-16,2027-12-08,1591,13698,2518,12771,Chennai,Available
INV03774,P019,B202503774,Vitamin D3 60000IU,Supplement,2026-02-20,2029-02-19,5200,7575,7359,5416,Mumbai,Available
INV03775,P018,B202603775,Doxycycline 100mg,Antibiotic,2025-10-09,2027-04-02,6901,4597,6451,5047,Chennai,Available
INV03776,P016,B202503776,Salbutamol Inhaler,Respiratory,2025-05-15,2026-05-15,2345,16562,3185,15722,Bangalore,Available
INV03777,P012,B202603777,Losartan 50mg,Cardiovascular,2026-06-13,2027-06-13,910,3662,584,3988,Hyderabad,Available
INV03778,P004,B202503778,Metformin 500mg,Antidiabetic,2026-01-18,2027-01-18,5709,8633,7852,6490,Delhi,Available
INV03779,P012,B202603779,Losartan 50mg,Cardiovascular,2026-06-20,2027-06-20,5483,8491,6390,7584,Bangalore,Available
INV03780,P007,B202503780,Ibuprofen 400mg,Analgesic,2026-07-19,2029-07-18,4547,3099,4959,2687,Hyderabad,Available
INV03781,P007,B202603781,Ibuprofen 400mg,Analgesic,2025-02-28,2026-08-22,2534,1645,2451,1728,Kolkata,Available
INV03782,P003,B202503782,Azithromycin 500mg,Antibiotic,2025-02-01,2026-02-01,5686,16693,3715,18664,Bangalore,Available
INV03783,P002,B202603783,Amoxicillin 500mg,Antibiotic,2025-12-31,2027-06-24,3844,5534,8407,971,Mumbai,Low Stock
INV03784,P015,B202503784,Montelukast 10mg,Respiratory,2026-03-22,2027-03-22,2860,18014,10594,10280,Mumbai,Available
INV03785,P004,B202603785,Metformin 500mg,Antidiabetic,2025-06-28,2028-06-27,6892,2433,6695,2630,Bangalore,Available
INV03786,P007,B202503786,Ibuprofen 400mg,Analgesic,2025-10-16,2027-04-09,7134,3970,9739,1365,Delhi,Available
INV03787,P007,B202603787,Ibuprofen 400mg,Analgesic,2026-07-29,2028-01-20,4458,1401,5837,22,Kolkata,Low Stock
INV03788,P004,B202503788,Metformin 500mg,Antidiabetic,2026-07-23,2029-07-22,4499,18634,6709,16424,Chennai,Available
INV03789,P004,B202603789,Metformin 500mg,Antidiabetic,2025-03-07,2027-03-07,3602,19653,1028,22227,Chennai,Available
INV03790,P013,B202503790,Ciprofloxacin 500mg,Antibiotic,2026-06-12,2029-06-11,8771,8120,8348,8543,Bangalore,Available
INV03791,P010,B202603791,Omeprazole 20mg,Gastrointestinal,2025-06-11,2026-12-03,5923,3411,5311,4023,Mumbai,Available
INV03792,P005,B202503792,Atorvastatin 20mg,Cardiovascular,2025-12-04,2028-12-03,6295,2672,5040,3927,Delhi,Available
INV03793,P014,B202603793,Diclofenac 50mg,Analgesic,2025-09-13,2026-09-13,1708,7306,5718,3296,Chennai,Available
INV03794,P014,B202503794,Diclofenac 50mg,Analgesic,2025-07-07,2026-12-29,944,16162,4241,12865,Delhi,Available
INV03795,P009,B202603795,Cetirizine 10mg,Antiallergic,2025-06-21,2026-06-21,9560,3270,11329,1501,Bangalore,Available
INV03796,P002,B202503796,Amoxicillin 500mg,Antibiotic,2026-06-26,2029-06-25,9006,15734,5912,18828,Bangalore,Available
INV03797,P012,B202603797,Losartan 50mg,Cardiovascular,2025-11-08,2027-11-08,832,2469,1944,1357,Kolkata,Available
INV03798,P019,B202503798,Vitamin D3 60000IU,Supplement,2025-12-08,2027-06-01,4984,10664,7429,8219,Hyderabad,Available
INV03799,P008,B202603799,Amlodipine 5mg,Cardiovascular,2025-11-21,2028-11-20,8125,15323,2583,20865,Mumbai,Available
INV03800,P012,B202503800,Losartan 50mg,Cardiovascular,2026-08-04,2028-01-26,9225,15210,7606,16829,Chennai,Available
INV03801,P016,B202603801,Salbutamol Inhaler,Respiratory,2026-02-24,2028-02-24,4089,9130,7191,6028,Kolkata,Available
INV03802,P014,B202503802,Diclofenac 50mg,Analgesic,2026-08-16,2028-08-15,4372,11930,7480,8822,Kolkata,Available
INV03803,P006,B202603803,Pantoprazole 40mg,Gastrointestinal,2025-05-30,2026-05-30,1030,13825,11551,3304,Delhi,Available
INV03804,P002,B202503804,Amoxicillin 500mg,Antibiotic,2025-08-07,2028-08-06,992,12634,5288,8338,Kolkata,Available
INV03805,P011,B202603805,Insulin Glargine,Antidiabetic,2025-12-05,2027-12-05,8300,10796,8656,10440,Chennai,Available
INV03806,P011,B202503806,Insulin Glargine,Antidiabetic,2026-03-06,2027-08-28,3873,1054,3298,1629,Hyderabad,Available
INV03807,P017,B202603807,Levothyroxine 50mcg,Endocrine,2026-07-26,2029-07-25,3117,13386,9022,7481,Delhi,Available
INV03808,P011,B202503808,Insulin Glargine,Antidiabetic,2025-09-20,2027-03-14,5946,19831,2627,23150,Bangalore,Available
INV03809,P002,B202603809,Amoxicillin 500mg,Antibiotic,2025-12-16,2027-06-09,4884,19063,918,23029,Hyderabad,Available
INV03810,P005,B202503810,Atorvastatin 20mg,Cardiovascular,2025-10-02,2027-10-02,2241,3058,454,4845,Chennai,Available
INV03811,P001,B202603811,Paracetamol 500mg,Analgesic,2026-01-11,2028-01-11,1458,11498,3442,9514,Delhi,Available
INV03812,P003,B202503812,Azithromycin 500mg,Antibiotic,2026-02-05,2029-02-04,530,11126,7547,4109,Bangalore,Available
INV03813,P015,B202603813,Montelukast 10mg,Respiratory,2025-11-22,2027-05-16,5087,13961,7717,11331,Chennai,Available
INV03814,P001,B202503814,Paracetamol 500mg,Analgesic,2026-04-18,2027-04-18,6676,7638,764,13550,Chennai,Available
INV03815,P012,B202603815,Losartan 50mg,Cardiovascular,2026-02-04,2027-07-29,3143,12869,2593,13419,Chennai,Available
INV03816,P014,B202503816,Diclofenac 50mg,Analgesic,2026-08-23,2027-08-23,6063,11579,10291,7351,Mumbai,Available
INV03817,P019,B202603817,Vitamin D3 60000IU,Supplement,2025-05-24,2028-05-23,5443,18934,2606,21771,Hyderabad,Available
INV03818,P012,B202503818,Losartan 50mg,Cardiovascular,2025-11-28,2026-11-28,6688,8708,1815,13581,Delhi,Available
INV03819,P014,B202603819,Diclofenac 50mg,Analgesic,2025-01-20,2028-01-20,6302,5948,9004,3246,Kolkata,Available
INV03820,P020,B202503820,Enoxaparin 40mg,Anticoagulant,2026-04-20,2027-04-20,2054,4965,6146,873,Hyderabad,Low Stock
INV03821,P007,B202603821,Ibuprofen 400mg,Analgesic,2026-06-19,2027-06-19,4365,6631,3318,7678,Delhi,Available
INV03822,P015,B202503822,Montelukast 10mg,Respiratory,2025-06-09,2026-06-09,6574,11428,7909,10093,Mumbai,Available
INV03823,P016,B202603823,Salbutamol Inhaler,Respiratory,2026-01-10,2029-01-09,7446,10439,3900,13985,Delhi,Available
INV03824,P013,B202503824,Ciprofloxacin 500mg,Antibiotic,2025-12-09,2027-12-09,3758,3545,3123,4180,Kolkata,Available
INV03825,P015,B202603825,Montelukast 10mg,Respiratory,2026-03-29,2028-03-28,9256,5296,8645,5907,Bangalore,Available
INV03826,P005,B202503826,Atorvastatin 20mg,Cardiovascular,2025-01-18,2026-07-12,1837,8350,1371,8816,Bangalore,Available
INV03827,P010,B202603827,Omeprazole 20mg,Gastrointestinal,2025-09-04,2027-02-26,3783,8776,47,12512,Mumbai,Available
INV03828,P017,B202503828,Levothyroxine 50mcg,Endocrine,2025-03-25,2026-03-25,7911,10518,3086,15343,Chennai,Available
INV03829,P007,B202603829,Ibuprofen 400mg,Analgesic,2025-12-29,2027-12-29,2109,15345,7419,10035,Hyderabad,Available
INV03830,P016,B202503830,Salbutamol Inhaler,Respiratory,2026-01-08,2029-01-07,8292,7054,11241,4105,Bangalore,Available
INV03831,P007,B202603831,Ibuprofen 400mg,Analgesic,2025-12-31,2027-12-31,2645,4791,5807,1629,Kolkata,Available
INV03832,P014,B202503832,Diclofenac 50mg,Analgesic,2025-11-15,2028-11-14,2780,19384,1499,20665,Delhi,Available
INV03833,P007,B202603833,Ibuprofen 400mg,Analgesic,2026-06-27,2027-06-27,6598,3968,1920,8646,Mumbai,Available
INV03834,P016,B202503834,Salbutamol Inhaler,Respiratory,2025-06-16,2027-06-16,5927,19581,3609,21899,Hyderabad,Available
INV03835,P019,B202603835,Vitamin D3 60000IU,Supplement,2025-07-19,2026-07-19,8304,16444,754,23994,Kolkata,Available
INV03836,P013,B202503836,Ciprofloxacin 500mg,Antibiotic,2025-06-17,2027-06-17,2767,4207,923,6051,Bangalore,Available
INV03837,P012,B202603837,Losartan 50mg,Cardiovascular,2026-05-02,2027-10-24,646,9146,7313,2479,Kolkata,Available
INV03838,P015,B202503838,Montelukast 10mg,Respiratory,2025-08-10,2027-08-10,1149,8781,5331,4599,Bangalore,Available
INV03839,P001,B202603839,Paracetamol 500mg,Analgesic,2026-04-27,2027-04-27,1694,12249,3369,10574,Kolkata,Available
INV03840,P019,B202503840,Vitamin D3 60000IU,Supplement,2026-05-10,2027-11-01,8817,5847,2875,11789,Kolkata,Available
INV03841,P014,B202603841,Diclofenac 50mg,Analgesic,2025-02-21,2028-02-21,2026,13944,5260,10710,Bangalore,Available
INV03842,P016,B202503842,Salbutamol Inhaler,Respiratory,2026-02-16,2029-02-15,6312,15357,10873,10796,Kolkata,Available
INV03843,P012,B202603843,Losartan 50mg,Cardiovascular,2025-01-11,2026-07-05,6385,3082,1101,8366,Mumbai,Available
INV03844,P019,B202503844,Vitamin D3 60000IU,Supplement,2025-07-13,2028-07-12,8129,6757,2772,12114,Chennai,Available
INV03845,P016,B202603845,Salbutamol Inhaler,Respiratory,2026-01-14,2029-01-13,1454,8330,5898,3886,Bangalore,Available
INV03846,P020,B202503846,Enoxaparin 40mg,Anticoagulant,2025-12-10,2027-06-03,2772,1021,2248,1545,Kolkata,Available
INV03847,P001,B202603847,Paracetamol 500mg,Analgesic,2025-09-06,2027-09-06,4594,13368,8552,9410,Kolkata,Available
INV03848,P013,B202503848,Ciprofloxacin 500mg,Antibiotic,2026-03-02,2027-08-24,1933,2899,528,4304,Chennai,Available
INV03849,P001,B202603849,Paracetamol 500mg,Analgesic,2025-10-18,2027-10-18,6889,2254,7868,1275,Mumbai,Available
INV03850,P001,B202503850,Paracetamol 500mg,Analgesic,2025-03-21,2028-03-20,9460,15284,4000,20744,Kolkata,Available
INV03851,P006,B202603851,Pantoprazole 40mg,Gastrointestinal,2025-05-21,2028-05-20,3563,10880,7938,6505,Bangalore,Available
INV03852,P019,B202503852,Vitamin D3 60000IU,Supplement,2025-04-10,2028-04-09,3135,8918,3039,9014,Delhi,Available
INV03853,P001,B202603853,Paracetamol 500mg,Analgesic,2025-04-13,2027-04-13,7093,19293,10049,16337,Kolkata,Available
INV03854,P016,B202503854,Salbutamol Inhaler,Respiratory,2026-04-11,2027-10-03,9098,19302,6163,22237,Bangalore,Available
INV03855,P001,B202603855,Paracetamol 500mg,Analgesic,2025-10-24,2027-10-24,5769,18029,6438,17360,Delhi,Available
INV03856,P016,B202503856,Salbutamol Inhaler,Respiratory,2026-06-21,2028-06-20,5796,2465,5307,2954,Hyderabad,Available
INV03857,P008,B202603857,Amlodipine 5mg,Cardiovascular,2025-11-16,2026-11-16,7098,6330,6170,7258,Mumbai,Available
INV03858,P008,B202503858,Amlodipine 5mg,Cardiovascular,2025-08-25,2026-08-25,2356,15932,1462,16826,Mumbai,Available
INV03859,P003,B202603859,Azithromycin 500mg,Antibiotic,2025-11-20,2027-11-20,4955,15659,3184,17430,Delhi,Available
INV03860,P006,B202503860,Pantoprazole 40mg,Gastrointestinal,2025-11-02,2026-11-02,3056,14445,9337,8164,Hyderabad,Available
INV03861,P006,B202603861,Pantoprazole 40mg,Gastrointestinal,2025-06-29,2026-12-21,9939,13371,4630,18680,Mumbai,Available
INV03862,P011,B202503862,Insulin Glargine,Antidiabetic,2025-11-28,2027-05-22,9758,6513,5128,11143,Bangalore,Available
INV03863,P010,B202603863,Omeprazole 20mg,Gastrointestinal,2026-05-28,2029-05-27,4995,3649,6223,2421,Delhi,Available
INV03864,P020,B202503864,Enoxaparin 40mg,Anticoagulant,2025-10-31,2026-10-31,9058,13826,9602,13282,Bangalore,Available
INV03865,P010,B202603865,Omeprazole 20mg,Gastrointestinal,2025-10-02,2027-03-26,8545,4573,858,12260,Hyderabad,Available
INV03866,P020,B202503866,Enoxaparin 40mg,Anticoagulant,2025-03-10,2027-03-10,2239,8505,5929,4815,Bangalore,Available
INV03867,P005,B202603867,Atorvastatin 20mg,Cardiovascular,2025-12-19,2026-12-19,5201,12469,2584,15086,Bangalore,Available
INV03868,P010,B202503868,Omeprazole 20mg,Gastrointestinal,2026-03-08,2027-03-08,3709,19991,4028,19672,Hyderabad,Available
INV03869,P015,B202603869,Montelukast 10mg,Respiratory,2025-10-16,2027-04-09,7956,1584,6800,2740,Mumbai,Available
INV03870,P018,B202503870,Doxycycline 100mg,Antibiotic,2026-03-11,2029-03-10,1723,4594,5705,612,Mumbai,Low Stock
INV03871,P017,B202603871,Levothyroxine 50mcg,Endocrine,2026-02-17,2027-08-11,927,2403,2388,942,Bangalore,Low Stock
INV03872,P001,B202503872,Paracetamol 500mg,Analgesic,2025-05-12,2028-05-11,6452,14645,7826,13271,Delhi,Available
INV03873,P006,B202603873,Pantoprazole 40mg,Gastrointestinal,2025-09-15,2027-09-15,9887,18085,8838,19134,Chennai,Available
INV03874,P017,B202503874,Levothyroxine 50mcg,Endocrine,2026-02-05,2029-02-04,1196,1415,1160,1451,Bangalore,Available
INV03875,P007,B202603875,Ibuprofen 400mg,Analgesic,2025-04-30,2028-04-29,6725,1797,5317,3205,Chennai,Available
INV03876,P007,B202503876,Ibuprofen 400mg,Analgesic,2026-06-14,2029-06-13,9817,2769,5388,7198,Chennai,Available
INV03877,P009,B202603877,Cetirizine 10mg,Antiallergic,2025-10-16,2027-04-09,4479,14197,306,18370,Chennai,Available
INV03878,P015,B202503878,Montelukast 10mg,Respiratory,2025-03-25,2028-03-24,5453,7060,5465,7048,Delhi,Available
INV03879,P005,B202603879,Atorvastatin 20mg,Cardiovascular,2025-12-30,2027-12-30,3992,9750,7387,6355,Delhi,Available
INV03880,P009,B202503880,Cetirizine 10mg,Antiallergic,2026-07-28,2029-07-27,4106,14652,9722,9036,Bangalore,Available
INV03881,P012,B202603881,Losartan 50mg,Cardiovascular,2026-04-25,2027-04-25,3706,16159,11227,8638,Kolkata,Available
INV03882,P013,B202503882,Ciprofloxacin 500mg,Antibiotic,2025-01-26,2026-01-26,8206,14953,2326,20833,Bangalore,Available
INV03883,P003,B202603883,Azithromycin 500mg,Antibiotic,2026-06-11,2029-06-10,9510,3158,8343,4325,Kolkata,Available
INV03884,P011,B202503884,Insulin Glargine,Antidiabetic,2026-04-10,2028-04-09,566,9148,2539,7175,Bangalore,Available
INV03885,P012,B202603885,Losartan 50mg,Cardiovascular,2026-07-12,2027-07-12,3627,13723,3754,13596,Bangalore,Available
INV03886,P004,B202503886,Metformin 500mg,Antidiabetic,2025-01-15,2028-01-15,5169,18909,8228,15850,Mumbai,Available
INV03887,P019,B202603887,Vitamin D3 60000IU,Supplement,2025-06-06,2026-06-06,8151,11513,5071,14593,Delhi,Available
INV03888,P020,B202503888,Enoxaparin 40mg,Anticoagulant,2025-06-18,2028-06-17,9153,15430,1886,22697,Bangalore,Available
INV03889,P003,B202603889,Azithromycin 500mg,Antibiotic,2026-02-26,2027-08-20,9879,1119,4105,6893,Hyderabad,Available
INV03890,P018,B202503890,Doxycycline 100mg,Antibiotic,2025-03-14,2026-09-05,8734,19456,10996,17194,Delhi,Available
INV03891,P004,B202603891,Metformin 500mg,Antidiabetic,2025-02-27,2026-08-21,5051,10767,596,15222,Chennai,Available
INV03892,P008,B202503892,Amlodipine 5mg,Cardiovascular,2025-03-07,2028-03-06,3890,5412,4580,4722,Kolkata,Available
INV03893,P017,B202603893,Levothyroxine 50mcg,Endocrine,2025-03-01,2027-03-01,6816,17834,11589,13061,Chennai,Available
INV03894,P014,B202503894,Diclofenac 50mg,Analgesic,2025-08-01,2028-07-31,9459,19830,11456,17833,Delhi,Available
INV03895,P020,B202603895,Enoxaparin 40mg,Anticoagulant,2026-04-15,2027-04-15,803,19633,5128,15308,Kolkata,Available
INV03896,P006,B202503896,Pantoprazole 40mg,Gastrointestinal,2025-08-05,2028-08-04,5491,13874,3842,15523,Delhi,Available
INV03897,P010,B202603897,Omeprazole 20mg,Gastrointestinal,2026-07-13,2028-01-04,1344,14996,11447,4893,Kolkata,Available
INV03898,P003,B202503898,Azithromycin 500mg,Antibiotic,2026-08-23,2028-02-14,8423,12975,11677,9721,Mumbai,Available
INV03899,P013,B202603899,Ciprofloxacin 500mg,Antibiotic,2026-02-14,2027-02-14,7867,3724,9604,1987,Bangalore,Available
INV03900,P004,B202503900,Metformin 500mg,Antidiabetic,2025-10-24,2026-10-24,1228,1994,922,2300,Mumbai,Available
INV03901,P001,B202603901,Paracetamol 500mg,Analgesic,2025-03-24,2027-03-24,3526,15398,10086,8838,Bangalore,Available
INV03902,P019,B202503902,Vitamin D3 60000IU,Supplement,2026-02-15,2029-02-14,5041,1012,5359,694,Delhi,Low Stock
INV03903,P001,B202603903,Paracetamol 500mg,Analgesic,2025-04-10,2026-04-10,4069,9405,5135,8339,Kolkata,Available
INV03904,P019,B202503904,Vitamin D3 60000IU,Supplement,2026-02-12,2028-02-12,8709,6085,6698,8096,Delhi,Available
INV03905,P006,B202603905,Pantoprazole 40mg,Gastrointestinal,2026-07-26,2027-07-26,1062,7144,6696,1510,Mumbai,Available
INV03906,P005,B202503906,Atorvastatin 20mg,Cardiovascular,2026-06-08,2027-06-08,2008,18079,3856,16231,Bangalore,Available
INV03907,P009,B202603907,Cetirizine 10mg,Antiallergic,2026-03-21,2029-03-20,1328,6345,4742,2931,Delhi,Available
INV03908,P013,B202503908,Ciprofloxacin 500mg,Antibiotic,2025-07-22,2028-07-21,1241,16630,11279,6592,Chennai,Available
INV03909,P009,B202603909,Cetirizine 10mg,Antiallergic,2025-08-17,2027-02-08,2081,5218,4640,2659,Delhi,Available
INV03910,P010,B202503910,Omeprazole 20mg,Gastrointestinal,2025-10-12,2026-10-12,8743,19156,2943,24956,Hyderabad,Available
INV03911,P013,B202603911,Ciprofloxacin 500mg,Antibiotic,2025-01-02,2026-01-02,9066,4278,6925,6419,Kolkata,Available
INV03912,P015,B202503912,Montelukast 10mg,Respiratory,2025-06-13,2026-06-13,7320,8687,11611,4396,Delhi,Available
INV03913,P001,B202603913,Paracetamol 500mg,Analgesic,2025-05-31,2027-05-31,7164,15096,2803,19457,Hyderabad,Available
INV03914,P005,B202503914,Atorvastatin 20mg,Cardiovascular,2026-02-22,2027-02-22,8236,6356,5856,8736,Hyderabad,Available
INV03915,P009,B202603915,Cetirizine 10mg,Antiallergic,2026-04-04,2027-04-04,5912,2088,1422,6578,Chennai,Available
INV03916,P012,B202503916,Losartan 50mg,Cardiovascular,2026-01-02,2027-01-02,2459,9084,1489,10054,Kolkata,Available
INV03917,P006,B202603917,Pantoprazole 40mg,Gastrointestinal,2026-03-08,2027-03-08,6686,4873,3253,8306,Mumbai,Available
INV03918,P003,B202503918,Azithromycin 500mg,Antibiotic,2025-03-16,2028-03-15,3783,11790,7758,7815,Delhi,Available
INV03919,P013,B202603919,Ciprofloxacin 500mg,Antibiotic,2026-08-09,2028-08-08,3809,6408,8182,2035,Mumbai,Available
INV03920,P012,B202503920,Losartan 50mg,Cardiovascular,2026-05-04,2027-05-04,2613,2004,334,4283,Delhi,Available
INV03921,P011,B202603921,Insulin Glargine,Antidiabetic,2025-06-28,2026-06-28,7107,2621,6817,2911,Kolkata,Available
INV03922,P010,B202503922,Omeprazole 20mg,Gastrointestinal,2025-10-24,2027-10-24,1404,12905,4383,9926,Mumbai,Available
INV03923,P001,B202603923,Paracetamol 500mg,Analgesic,2026-06-11,2027-12-03,1221,15859,11758,5322,Delhi,Available
INV03924,P001,B202503924,Paracetamol 500mg,Analgesic,2026-08-19,2027-08-19,2784,14458,3983,13259,Bangalore,Available
INV03925,P014,B202603925,Diclofenac 50mg,Analgesic,2025-06-07,2028-06-06,1962,18218,8683,11497,Hyderabad,Available
INV03926,P012,B202503926,Losartan 50mg,Cardiovascular,2026-07-18,2027-07-18,8289,9743,11390,6642,Hyderabad,Available
INV03927,P015,B202603927,Montelukast 10mg,Respiratory,2026-08-04,2028-01-26,1525,8449,5965,4009,Delhi,Available
INV03928,P010,B202503928,Omeprazole 20mg,Gastrointestinal,2026-07-14,2028-07-13,6587,19174,11272,14489,Mumbai,Available
INV03929,P006,B202603929,Pantoprazole 40mg,Gastrointestinal,2026-03-26,2028-03-25,4751,14268,7929,11090,Kolkata,Available
INV03930,P008,B202503930,Amlodipine 5mg,Cardiovascular,2026-03-29,2027-03-29,9402,2588,8996,2994,Bangalore,Available
INV03931,P018,B202603931,Doxycycline 100mg,Antibiotic,2026-07-30,2029-07-29,7991,10085,2939,15137,Kolkata,Available
INV03932,P011,B202503932,Insulin Glargine,Antidiabetic,2026-05-05,2028-05-04,7161,7698,5122,9737,Mumbai,Available
INV03933,P013,B202603933,Ciprofloxacin 500mg,Antibiotic,2026-03-08,2027-03-08,2661,1919,2411,2169,Chennai,Available
INV03934,P005,B202503934,Atorvastatin 20mg,Cardiovascular,2026-03-04,2027-03-04,8732,14115,8199,14648,Chennai,Available
INV03935,P008,B202603935,Amlodipine 5mg,Cardiovascular,2026-08-21,2028-08-20,2219,18526,8875,11870,Hyderabad,Available
INV03936,P019,B202503936,Vitamin D3 60000IU,Supplement,2025-05-30,2027-05-30,6866,19300,6841,19325,Kolkata,Available
INV03937,P006,B202603937,Pantoprazole 40mg,Gastrointestinal,2026-04-26,2027-04-26,9994,15511,7510,17995,Bangalore,Available
INV03938,P010,B202503938,Omeprazole 20mg,Gastrointestinal,2025-03-28,2028-03-27,4102,16788,10874,10016,Bangalore,Available
INV03939,P016,B202603939,Salbutamol Inhaler,Respiratory,2025-07-01,2026-07-01,2976,11449,10263,4162,Chennai,Available
INV03940,P005,B202503940,Atorvastatin 20mg,Cardiovascular,2025-06-27,2026-12-19,7493,10857,286,18064,Bangalore,Available
INV03941,P002,B202603941,Amoxicillin 500mg,Antibiotic,2026-07-31,2028-07-30,5165,15461,2285,18341,Bangalore,Available
INV03942,P006,B202503942,Pantoprazole 40mg,Gastrointestinal,2025-05-06,2028-05-05,8275,13046,10920,10401,Mumbai,Available
INV03943,P005,B202603943,Atorvastatin 20mg,Cardiovascular,2025-07-18,2026-07-18,9057,12480,9271,12266,Hyderabad,Available
INV03944,P015,B202503944,Montelukast 10mg,Respiratory,2025-07-18,2027-01-09,6692,19643,6698,19637,Chennai,Available
INV03945,P012,B202603945,Losartan 50mg,Cardiovascular,2025-09-12,2028-09-11,9626,6898,10749,5775,Mumbai,Available
INV03946,P015,B202503946,Montelukast 10mg,Respiratory,2025-11-07,2028-11-06,8780,9049,8409,9420,Delhi,Available
INV03947,P016,B202603947,Salbutamol Inhaler,Respiratory,2025-04-25,2027-04-25,6156,9577,4439,11294,Chennai,Available
INV03948,P007,B202503948,Ibuprofen 400mg,Analgesic,2025-01-20,2028-01-20,4755,4131,2005,6881,Chennai,Available
INV03949,P007,B202603949,Ibuprofen 400mg,Analgesic,2025-06-18,2026-12-10,772,11645,485,11932,Kolkata,Available
INV03950,P009,B202503950,Cetirizine 10mg,Antiallergic,2025-05-11,2026-11-02,2168,7085,1209,8044,Chennai,Available
INV03951,P020,B202603951,Enoxaparin 40mg,Anticoagulant,2025-10-19,2026-10-19,1204,16811,4177,13838,Hyderabad,Available
INV03952,P003,B202503952,Azithromycin 500mg,Antibiotic,2026-02-03,2027-02-03,9090,4958,828,13220,Chennai,Available
INV03953,P008,B202603953,Amlodipine 5mg,Cardiovascular,2026-02-22,2027-02-22,8684,6885,9077,6492,Kolkata,Available
INV03954,P011,B202503954,Insulin Glargine,Antidiabetic,2025-07-20,2027-01-11,7021,1110,1194,6937,Delhi,Available
INV03955,P001,B202603955,Paracetamol 500mg,Analgesic,2025-06-23,2027-06-23,2876,18684,11698,9862,Bangalore,Available
INV03956,P004,B202503956,Metformin 500mg,Antidiabetic,2026-06-29,2027-06-29,5123,19039,7063,17099,Hyderabad,Available
INV03957,P001,B202603957,Paracetamol 500mg,Analgesic,2025-08-25,2027-08-25,1268,11037,4849,7456,Hyderabad,Available
INV03958,P020,B202503958,Enoxaparin 40mg,Anticoagulant,2026-06-21,2028-06-20,6113,10003,844,15272,Hyderabad,Available
INV03959,P001,B202603959,Paracetamol 500mg,Analgesic,2025-08-08,2027-01-30,6307,7744,3053,10998,Chennai,Available
INV03960,P004,B202503960,Metformin 500mg,Antidiabetic,2025-03-17,2027-03-17,6066,17520,8867,14719,Kolkata,Available
INV03961,P014,B202603961,Diclofenac 50mg,Analgesic,2026-05-20,2027-05-20,5541,18947,9466,15022,Mumbai,Available
INV03962,P019,B202503962,Vitamin D3 60000IU,Supplement,2025-07-07,2026-07-07,8068,8830,411,16487,Hyderabad,Available
INV03963,P002,B202603963,Amoxicillin 500mg,Antibiotic,2026-08-22,2029-08-21,9331,4458,9627,4162,Delhi,Available
INV03964,P006,B202503964,Pantoprazole 40mg,Gastrointestinal,2026-02-06,2029-02-05,4875,1555,5417,1013,Hyderabad,Available
INV03965,P004,B202603965,Metformin 500mg,Antidiabetic,2026-01-06,2029-01-05,8034,17492,10604,14922,Bangalore,Available
INV03966,P007,B202503966,Ibuprofen 400mg,Analgesic,2026-03-09,2027-08-31,7302,9642,5417,11527,Bangalore,Available
INV03967,P013,B202603967,Ciprofloxacin 500mg,Antibiotic,2026-06-03,2029-06-02,3710,13858,2391,15177,Delhi,Available
INV03968,P009,B202503968,Cetirizine 10mg,Antiallergic,2026-07-11,2028-07-10,1196,17548,8690,10054,Hyderabad,Available
INV03969,P006,B202603969,Pantoprazole 40mg,Gastrointestinal,2025-04-14,2026-10-06,9466,18143,6611,20998,Mumbai,Available
INV03970,P008,B202503970,Amlodipine 5mg,Cardiovascular,2026-07-29,2027-07-29,7697,19910,10264,17343,Chennai,Available
INV03971,P018,B202603971,Doxycycline 100mg,Antibiotic,2025-05-11,2028-05-10,1367,1262,524,2105,Delhi,Available
INV03972,P005,B202503972,Atorvastatin 20mg,Cardiovascular,2026-01-16,2027-01-16,7122,5363,6282,6203,Bangalore,Available
INV03973,P020,B202603973,Enoxaparin 40mg,Anticoagulant,2025-08-15,2027-08-15,5119,12311,5463,11967,Bangalore,Available
INV03974,P017,B202503974,Levothyroxine 50mcg,Endocrine,2026-01-21,2027-07-15,1298,17855,3990,15163,Kolkata,Available
INV03975,P016,B202603975,Salbutamol Inhaler,Respiratory,2026-07-30,2028-07-29,2219,1673,956,2936,Mumbai,Available
INV03976,P013,B202503976,Ciprofloxacin 500mg,Antibiotic,2026-06-22,2027-06-22,6532,2626,4409,4749,Bangalore,Available
INV03977,P008,B202603977,Amlodipine 5mg,Cardiovascular,2025-12-30,2027-12-30,8145,10966,3106,16005,Kolkata,Available
INV03978,P019,B202503978,Vitamin D3 60000IU,Supplement,2026-08-04,2029-08-03,7890,2471,5932,4429,Mumbai,Available
INV03979,P006,B202603979,Pantoprazole 40mg,Gastrointestinal,2025-02-10,2026-02-10,9195,18265,8914,18546,Bangalore,Available
INV03980,P014,B202503980,Diclofenac 50mg,Analgesic,2025-03-18,2027-03-18,819,6418,886,6351,Kolkata,Available
INV03981,P012,B202603981,Losartan 50mg,Cardiovascular,2026-07-08,2027-07-08,7525,10117,5627,12015,Kolkata,Available
INV03982,P001,B202503982,Paracetamol 500mg,Analgesic,2026-07-21,2027-07-21,3946,3624,3960,3610,Delhi,Available
INV03983,P013,B202603983,Ciprofloxacin 500mg,Antibiotic,2026-04-24,2029-04-23,9511,9543,2104,16950,Bangalore,Available
INV03984,P006,B202503984,Pantoprazole 40mg,Gastrointestinal,2025-12-28,2026-12-28,9571,19792,1977,27386,Chennai,Available
INV03985,P012,B202603985,Losartan 50mg,Cardiovascular,2025-10-16,2027-10-16,5968,7150,6746,6372,Bangalore,Available
INV03986,P006,B202503986,Pantoprazole 40mg,Gastrointestinal,2026-08-07,2027-08-07,6183,6642,5577,7248,Hyderabad,Available
INV03987,P012,B202603987,Losartan 50mg,Cardiovascular,2025-12-01,2027-12-01,3428,11998,8748,6678,Chennai,Available
INV03988,P012,B202503988,Losartan 50mg,Cardiovascular,2025-06-29,2027-06-29,5601,19075,4524,20152,Hyderabad,Available
INV03989,P015,B202603989,Montelukast 10mg,Respiratory,2026-01-17,2027-07-11,500,14394,8843,6051,Kolkata,Available
INV03990,P011,B202503990,Insulin Glargine,Antidiabetic,2025-11-06,2026-11-06,4867,1028,2952,2943,Chennai,Available
INV03991,P016,B202603991,Salbutamol Inhaler,Respiratory,2026-02-02,2029-02-01,6822,15817,5249,17390,Delhi,Available
INV03992,P013,B202503992,Ciprofloxacin 500mg,Antibiotic,2025-12-10,2027-12-10,7928,5539,3802,9665,Delhi,Available
INV03993,P013,B202603993,Ciprofloxacin 500mg,Antibiotic,2025-11-05,2026-11-05,8325,11371,5202,14494,Kolkata,Available
INV03994,P009,B202503994,Cetirizine 10mg,Antiallergic,2025-04-07,2028-04-06,4135,17995,6202,15928,Hyderabad,Available
INV03995,P008,B202603995,Amlodipine 5mg,Cardiovascular,2026-07-01,2029-06-30,1810,19756,10241,11325,Delhi,Available
INV03996,P004,B202503996,Metformin 500mg,Antidiabetic,2025-12-18,2027-06-11,1682,19695,7241,14136,Bangalore,Available
INV03997,P007,B202603997,Ibuprofen 400mg,Analgesic,2026-05-19,2027-11-10,5200,3707,988,7919,Kolkata,Available
INV03998,P020,B202503998,Enoxaparin 40mg,Anticoagulant,2025-02-27,2027-02-27,6970,17733,6716,17987,Kolkata,Available
INV03999,P003,B202603999,Azithromycin 500mg,Antibiotic,2025-01-09,2026-07-03,3016,15348,4043,14321,Mumbai,Available
INV04000,P011,B202504000,Insulin Glargine,Antidiabetic,2026-07-31,2027-07-31,5750,8390,432,13708,Chennai,Available
INV04001,P019,B202604001,Vitamin D3 60000IU,Supplement,2025-04-14,2028-04-13,7162,14402,5524,16040,Hyderabad,Available
INV04002,P002,B202504002,Amoxicillin 500mg,Antibiotic,2025-01-21,2026-01-21,5515,3679,6313,2881,Delhi,Available
INV04003,P007,B202604003,Ibuprofen 400mg,Analgesic,2025-02-22,2027-02-22,8319,8481,9680,7120,Hyderabad,Available
INV04004,P002,B202504004,Amoxicillin 500mg,Antibiotic,2026-01-25,2029-01-24,8895,19225,1293,26827,Bangalore,Available
INV04005,P012,B202604005,Losartan 50mg,Cardiovascular,2026-07-25,2029-07-24,3155,8129,7501,3783,Kolkata,Available
INV04006,P004,B202504006,Metformin 500mg,Antidiabetic,2026-08-09,2029-08-08,1147,16997,7700,10444,Kolkata,Available
INV04007,P005,B202604007,Atorvastatin 20mg,Cardiovascular,2026-08-19,2027-08-19,1220,9507,7058,3669,Hyderabad,Available
INV04008,P006,B202504008,Pantoprazole 40mg,Gastrointestinal,2025-08-22,2026-08-22,2171,3827,5723,275,Kolkata,Low Stock
INV04009,P013,B202604009,Ciprofloxacin 500mg,Antibiotic,2026-02-15,2027-02-15,979,8163,8998,144,Mumbai,Low Stock
INV04010,P017,B202504010,Levothyroxine 50mcg,Endocrine,2025-08-10,2027-02-01,8216,9946,8784,9378,Chennai,Available
INV04011,P015,B202604011,Montelukast 10mg,Respiratory,2026-02-10,2029-02-09,4899,6760,5974,5685,Hyderabad,Available
INV04012,P001,B202504012,Paracetamol 500mg,Analgesic,2025-08-06,2027-08-06,5444,7465,8706,4203,Hyderabad,Available
INV04013,P013,B202604013,Ciprofloxacin 500mg,Antibiotic,2025-06-11,2028-06-10,6665,11580,5151,13094,Chennai,Available
INV04014,P009,B202504014,Cetirizine 10mg,Antiallergic,2026-04-27,2027-04-27,8292,19276,2911,24657,Hyderabad,Available
INV04015,P020,B202604015,Enoxaparin 40mg,Anticoagulant,2025-09-01,2027-09-01,2307,9123,8037,3393,Kolkata,Available
INV04016,P009,B202504016,Cetirizine 10mg,Antiallergic,2025-02-15,2026-08-09,6608,17627,10007,14228,Chennai,Available
INV04017,P004,B202604017,Metformin 500mg,Antidiabetic,2025-11-08,2027-11-08,4952,18538,11519,11971,Hyderabad,Available
INV04018,P020,B202504018,Enoxaparin 40mg,Anticoagulant,2026-05-23,2028-05-22,4124,15443,7034,12533,Kolkata,Available
INV04019,P015,B202604019,Montelukast 10mg,Respiratory,2026-08-02,2028-01-24,1281,10347,11598,30,Delhi,Low Stock
INV04020,P015,B202504020,Montelukast 10mg,Respiratory,2026-01-11,2028-01-11,1082,8850,858,9074,Mumbai,Available
INV04021,P015,B202604021,Montelukast 10mg,Respiratory,2026-04-28,2027-04-28,6717,5303,2408,9612,Kolkata,Available
INV04022,P013,B202504022,Ciprofloxacin 500mg,Antibiotic,2025-04-29,2026-04-29,970,10441,1155,10256,Delhi,Available
INV04023,P009,B202604023,Cetirizine 10mg,Antiallergic,2026-01-17,2027-01-17,1880,2914,458,4336,Bangalore,Available
INV04024,P006,B202504024,Pantoprazole 40mg,Gastrointestinal,2026-04-26,2028-04-25,2878,18702,9133,12447,Chennai,Available
INV04025,P018,B202604025,Doxycycline 100mg,Antibiotic,2026-03-24,2029-03-23,3637,17267,1340,19564,Hyderabad,Available
INV04026,P018,B202504026,Doxycycline 100mg,Antibiotic,2025-03-22,2027-03-22,3735,2909,1567,5077,Delhi,Available
INV04027,P013,B202604027,Ciprofloxacin 500mg,Antibiotic,2026-02-10,2027-02-10,3539,2979,60,6458,Mumbai,Available
INV04028,P013,B202504028,Ciprofloxacin 500mg,Antibiotic,2025-08-11,2026-08-11,2589,9223,4202,7610,Chennai,Available
INV04029,P012,B202604029,Losartan 50mg,Cardiovascular,2026-08-23,2027-08-23,4018,2659,134,6543,Kolkata,Available
INV04030,P010,B202504030,Omeprazole 20mg,Gastrointestinal,2026-01-31,2027-07-25,989,17963,7901,11051,Chennai,Available
INV04031,P011,B202604031,Insulin Glargine,Antidiabetic,2025-08-31,2027-02-22,7740,5318,4094,8964,Hyderabad,Available
INV04032,P011,B202504032,Insulin Glargine,Antidiabetic,2026-08-04,2029-08-03,5676,4803,9855,624,Hyderabad,Low Stock
INV04033,P008,B202604033,Amlodipine 5mg,Cardiovascular,2026-06-16,2027-12-08,4888,18419,3814,19493,Delhi,Available
INV04034,P001,B202504034,Paracetamol 500mg,Analgesic,2026-08-21,2028-02-12,6868,10511,5208,12171,Mumbai,Available
INV04035,P001,B202604035,Paracetamol 500mg,Analgesic,2025-06-16,2026-12-08,4007,6197,6556,3648,Chennai,Available
INV04036,P018,B202504036,Doxycycline 100mg,Antibiotic,2026-08-07,2028-08-06,4405,13277,1588,16094,Chennai,Available
INV04037,P011,B202604037,Insulin Glargine,Antidiabetic,2025-04-10,2026-10-02,3360,7642,556,10446,Bangalore,Available
INV04038,P007,B202504038,Ibuprofen 400mg,Analgesic,2025-07-01,2028-06-30,2994,7257,9382,869,Kolkata,Low Stock
INV04039,P002,B202604039,Amoxicillin 500mg,Antibiotic,2025-02-21,2026-02-21,4867,11879,4217,12529,Bangalore,Available
INV04040,P005,B202504040,Atorvastatin 20mg,Cardiovascular,2026-01-04,2027-06-28,1673,13374,7361,7686,Mumbai,Available
INV04041,P019,B202604041,Vitamin D3 60000IU,Supplement,2026-05-22,2027-05-22,9097,1942,5320,5719,Kolkata,Available
INV04042,P020,B202504042,Enoxaparin 40mg,Anticoagulant,2025-01-14,2026-01-14,2792,6250,2527,6515,Mumbai,Available
INV04043,P007,B202604043,Ibuprofen 400mg,Analgesic,2025-12-16,2028-12-15,5686,7306,6816,6176,Delhi,Available
INV04044,P018,B202504044,Doxycycline 100mg,Antibiotic,2026-07-23,2028-01-14,9224,16521,1538,24207,Delhi,Available
INV04045,P004,B202604045,Metformin 500mg,Antidiabetic,2025-10-22,2026-10-22,3344,12174,3649,11869,Bangalore,Available
INV04046,P008,B202504046,Amlodipine 5mg,Cardiovascular,2025-11-21,2028-11-20,1796,10058,2356,9498,Bangalore,Available
INV04047,P003,B202604047,Azithromycin 500mg,Antibiotic,2026-04-01,2029-03-31,6802,8188,11391,3599,Mumbai,Available
INV04048,P011,B202504048,Insulin Glargine,Antidiabetic,2026-01-16,2028-01-16,5176,10107,3815,11468,Chennai,Available
INV04049,P014,B202604049,Diclofenac 50mg,Analgesic,2025-09-19,2027-09-19,1809,8908,10575,142,Chennai,Low Stock
INV04050,P015,B202504050,Montelukast 10mg,Respiratory,2026-06-02,2028-06-01,6795,10147,9915,7027,Chennai,Available
INV04051,P011,B202604051,Insulin Glargine,Antidiabetic,2025-03-18,2028-03-17,3598,7821,1424,9995,Hyderabad,Available
INV04052,P003,B202504052,Azithromycin 500mg,Antibiotic,2025-02-28,2026-02-28,3300,15362,10367,8295,Hyderabad,Available
INV04053,P009,B202604053,Cetirizine 10mg,Antiallergic,2026-05-15,2028-05-14,9093,8989,2022,16060,Bangalore,Available
INV04054,P015,B202504054,Montelukast 10mg,Respiratory,2025-01-16,2026-07-10,3856,18461,11979,10338,Mumbai,Available
INV04055,P012,B202604055,Losartan 50mg,Cardiovascular,2025-08-16,2028-08-15,3298,15143,10844,7597,Hyderabad,Available
INV04056,P005,B202504056,Atorvastatin 20mg,Cardiovascular,2025-08-15,2028-08-14,6589,4689,4150,7128,Delhi,Available
INV04057,P020,B202604057,Enoxaparin 40mg,Anticoagulant,2025-09-28,2026-09-28,1493,1546,382,2657,Mumbai,Available
INV04058,P006,B202504058,Pantoprazole 40mg,Gastrointestinal,2025-06-30,2028-06-29,5033,14850,6503,13380,Hyderabad,Available
INV04059,P019,B202604059,Vitamin D3 60000IU,Supplement,2025-10-13,2028-10-12,1421,17141,8592,9970,Hyderabad,Available
INV04060,P016,B202504060,Salbutamol Inhaler,Respiratory,2026-03-22,2029-03-21,2492,17830,9145,11177,Mumbai,Available
INV04061,P008,B202604061,Amlodipine 5mg,Cardiovascular,2025-06-02,2026-11-24,9018,16916,1752,24182,Bangalore,Available
INV04062,P002,B202504062,Amoxicillin 500mg,Antibiotic,2026-01-04,2027-06-28,7728,15446,2372,20802,Chennai,Available
INV04063,P016,B202604063,Salbutamol Inhaler,Respiratory,2026-08-16,2028-08-15,3915,19995,3310,20600,Chennai,Available
INV04064,P008,B202504064,Amlodipine 5mg,Cardiovascular,2026-07-16,2029-07-15,6197,5071,2123,9145,Kolkata,Available
INV04065,P017,B202604065,Levothyroxine 50mcg,Endocrine,2025-11-04,2028-11-03,7940,8366,9927,6379,Chennai,Available
INV04066,P010,B202504066,Omeprazole 20mg,Gastrointestinal,2025-01-12,2027-01-12,3726,7929,8318,3337,Chennai,Available
INV04067,P002,B202604067,Amoxicillin 500mg,Antibiotic,2026-05-10,2027-11-01,5879,17502,2617,20764,Hyderabad,Available
INV04068,P020,B202504068,Enoxaparin 40mg,Anticoagulant,2025-08-12,2028-08-11,3893,12777,6123,10547,Kolkata,Available
INV04069,P012,B202604069,Losartan 50mg,Cardiovascular,2025-10-29,2027-04-22,4067,9361,5526,7902,Chennai,Available
INV04070,P001,B202504070,Paracetamol 500mg,Analgesic,2025-10-28,2027-10-28,7656,13659,5183,16132,Bangalore,Available
INV04071,P008,B202604071,Amlodipine 5mg,Cardiovascular,2025-06-03,2026-06-03,7351,10085,9523,7913,Bangalore,Available
INV04072,P020,B202504072,Enoxaparin 40mg,Anticoagulant,2025-10-12,2027-04-05,3947,16988,8520,12415,Hyderabad,Available
INV04073,P020,B202604073,Enoxaparin 40mg,Anticoagulant,2025-03-20,2026-09-11,7428,11065,5350,13143,Kolkata,Available
INV04074,P016,B202504074,Salbutamol Inhaler,Respiratory,2026-08-01,2028-01-23,8582,5050,9671,3961,Delhi,Available
INV04075,P012,B202604075,Losartan 50mg,Cardiovascular,2025-03-11,2028-03-10,3148,12365,1995,13518,Kolkata,Available
INV04076,P007,B202504076,Ibuprofen 400mg,Analgesic,2026-04-03,2029-04-02,5728,3294,2525,6497,Delhi,Available
INV04077,P011,B202604077,Insulin Glargine,Antidiabetic,2025-12-17,2026-12-17,5612,2621,3987,4246,Bangalore,Available
INV04078,P014,B202504078,Diclofenac 50mg,Analgesic,2025-12-07,2028-12-06,4889,4078,2109,6858,Chennai,Available
INV04079,P020,B202604079,Enoxaparin 40mg,Anticoagulant,2025-02-06,2027-02-06,5080,5899,5615,5364,Kolkata,Available
INV04080,P004,B202504080,Metformin 500mg,Antidiabetic,2026-05-18,2027-05-18,7346,2423,592,9177,Bangalore,Available
INV04081,P017,B202604081,Levothyroxine 50mcg,Endocrine,2025-12-11,2027-12-11,1977,18508,9705,10780,Mumbai,Available
INV04082,P018,B202504082,Doxycycline 100mg,Antibiotic,2025-03-27,2026-09-18,960,4125,4279,806,Mumbai,Low Stock
INV04083,P013,B202604083,Ciprofloxacin 500mg,Antibiotic,2026-06-13,2029-06-12,4298,7617,1290,10625,Chennai,Available
INV04084,P020,B202504084,Enoxaparin 40mg,Anticoagulant,2025-10-28,2027-04-21,8560,7505,4878,11187,Kolkata,Available
INV04085,P008,B202604085,Amlodipine 5mg,Cardiovascular,2026-07-11,2027-07-11,5220,10305,3680,11845,Kolkata,Available
INV04086,P010,B202504086,Omeprazole 20mg,Gastrointestinal,2026-06-12,2027-06-12,3815,10087,6768,7134,Hyderabad,Available
INV04087,P007,B202604087,Ibuprofen 400mg,Analgesic,2026-01-09,2027-07-03,7719,10065,11634,6150,Hyderabad,Available
INV04088,P017,B202504088,Levothyroxine 50mcg,Endocrine,2025-10-22,2026-10-22,7199,5019,1662,10556,Delhi,Available
INV04089,P016,B202604089,Salbutamol Inhaler,Respiratory,2025-06-04,2027-06-04,636,4507,3882,1261,Bangalore,Available
INV04090,P008,B202504090,Amlodipine 5mg,Cardiovascular,2025-11-01,2026-11-01,9797,10668,4063,16402,Kolkata,Available
INV04091,P012,B202604091,Losartan 50mg,Cardiovascular,2026-02-12,2027-02-12,2008,1858,1988,1878,Kolkata,Available
INV04092,P019,B202504092,Vitamin D3 60000IU,Supplement,2025-12-11,2026-12-11,6449,13120,7165,12404,Chennai,Available
INV04093,P012,B202604093,Losartan 50mg,Cardiovascular,2026-02-27,2027-08-21,1926,2519,4033,412,Mumbai,Low Stock
INV04094,P007,B202504094,Ibuprofen 400mg,Analgesic,2025-06-25,2026-06-25,9479,2581,2628,9432,Mumbai,Available
INV04095,P008,B202604095,Amlodipine 5mg,Cardiovascular,2025-01-24,2026-07-18,7906,5761,10390,3277,Mumbai,Available
INV04096,P001,B202504096,Paracetamol 500mg,Analgesic,2025-03-07,2028-03-06,4353,19643,9467,14529,Bangalore,Available
INV04097,P007,B202604097,Ibuprofen 400mg,Analgesic,2026-03-11,2027-03-11,9992,4159,9566,4585,Kolkata,Available
INV04098,P011,B202504098,Insulin Glargine,Antidiabetic,2026-04-28,2029-04-27,7477,14451,4663,17265,Hyderabad,Available
INV04099,P018,B202604099,Doxycycline 100mg,Antibiotic,2025-05-15,2026-11-06,5369,8424,4476,9317,Delhi,Available
INV04100,P007,B202504100,Ibuprofen 400mg,Analgesic,2026-08-17,2027-08-17,4195,17061,5706,15550,Chennai,Available
INV04101,P013,B202604101,Ciprofloxacin 500mg,Antibiotic,2025-07-18,2027-07-18,2758,15246,1537,16467,Chennai,Available
INV04102,P003,B202504102,Azithromycin 500mg,Antibiotic,2026-06-06,2028-06-05,884,3067,740,3211,Kolkata,Available
INV04103,P012,B202604103,Losartan 50mg,Cardiovascular,2025-06-17,2026-12-09,745,4860,4794,811,Delhi,Low Stock
INV04104,P008,B202504104,Amlodipine 5mg,Cardiovascular,2025-01-13,2026-07-07,4137,3253,4487,2903,Delhi,Available
INV04105,P020,B202604105,Enoxaparin 40mg,Anticoagulant,2025-08-04,2027-01-26,8319,7658,7568,8409,Chennai,Available
INV04106,P018,B202504106,Doxycycline 100mg,Antibiotic,2025-07-11,2027-07-11,1745,15807,540,17012,Chennai,Available
INV04107,P005,B202604107,Atorvastatin 20mg,Cardiovascular,2025-10-05,2026-10-05,7043,10161,7964,9240,Mumbai,Available
INV04108,P001,B202504108,Paracetamol 500mg,Analgesic,2025-12-15,2027-12-15,6816,5981,8599,4198,Delhi,Available
INV04109,P005,B202604109,Atorvastatin 20mg,Cardiovascular,2025-03-08,2026-08-30,718,14606,181,15143,Bangalore,Available
INV04110,P004,B202504110,Metformin 500mg,Antidiabetic,2025-07-15,2026-07-15,6484,3515,8032,1967,Delhi,Available
INV04111,P002,B202604111,Amoxicillin 500mg,Antibiotic,2025-08-29,2026-08-29,9818,12258,9705,12371,Mumbai,Available
INV04112,P003,B202504112,Azithromycin 500mg,Antibiotic,2025-05-21,2026-11-12,7820,9188,11144,5864,Mumbai,Available
INV04113,P005,B202604113,Atorvastatin 20mg,Cardiovascular,2025-10-25,2026-10-25,6864,2918,6269,3513,Mumbai,Available
INV04114,P008,B202504114,Amlodipine 5mg,Cardiovascular,2026-01-02,2028-01-02,9326,6500,9743,6083,Kolkata,Available
INV04115,P020,B202604115,Enoxaparin 40mg,Anticoagulant,2026-08-02,2029-08-01,3300,14197,9417,8080,Hyderabad,Available
INV04116,P017,B202504116,Levothyroxine 50mcg,Endocrine,2026-02-26,2027-08-20,8687,2667,7765,3589,Chennai,Available
INV04117,P001,B202604117,Paracetamol 500mg,Analgesic,2025-09-02,2027-09-02,2476,17708,7520,12664,Hyderabad,Available
INV04118,P009,B202504118,Cetirizine 10mg,Antiallergic,2025-03-09,2026-03-09,7591,19690,3321,23960,Hyderabad,Available
INV04119,P014,B202604119,Diclofenac 50mg,Analgesic,2025-11-03,2026-11-03,6839,4986,1361,10464,Mumbai,Available
INV04120,P015,B202504120,Montelukast 10mg,Respiratory,2025-11-09,2027-11-09,2760,10381,8555,4586,Delhi,Available
INV04121,P005,B202604121,Atorvastatin 20mg,Cardiovascular,2026-07-27,2027-07-27,9154,14767,1343,22578,Hyderabad,Available
INV04122,P008,B202504122,Amlodipine 5mg,Cardiovascular,2026-07-29,2028-07-28,2952,18480,1416,20016,Chennai,Available
INV04123,P017,B202604123,Levothyroxine 50mcg,Endocrine,2025-08-20,2026-08-20,8919,19381,4538,23762,Hyderabad,Available
INV04124,P006,B202504124,Pantoprazole 40mg,Gastrointestinal,2025-03-23,2027-03-23,5427,7762,7808,5381,Delhi,Available
INV04125,P001,B202604125,Paracetamol 500mg,Analgesic,2025-09-03,2028-09-02,8060,17243,11452,13851,Bangalore,Available
INV04126,P006,B202504126,Pantoprazole 40mg,Gastrointestinal,2025-10-03,2027-10-03,7970,14764,8475,14259,Bangalore,Available
INV04127,P014,B202604127,Diclofenac 50mg,Analgesic,2026-04-23,2029-04-22,6038,2677,1305,7410,Chennai,Available
INV04128,P018,B202504128,Doxycycline 100mg,Antibiotic,2026-05-11,2027-11-02,6079,4355,6175,4259,Hyderabad,Available
INV04129,P016,B202604129,Salbutamol Inhaler,Respiratory,2026-04-17,2027-04-17,9390,16126,4539,20977,Mumbai,Available
INV04130,P002,B202504130,Amoxicillin 500mg,Antibiotic,2026-07-16,2027-07-16,9263,13435,11025,11673,Mumbai,Available
INV04131,P018,B202604131,Doxycycline 100mg,Antibiotic,2025-09-13,2027-03-07,3702,19088,5586,17204,Mumbai,Available
INV04132,P013,B202504132,Ciprofloxacin 500mg,Antibiotic,2025-11-30,2027-11-30,4101,4120,8177,44,Mumbai,Low Stock
INV04133,P020,B202604133,Enoxaparin 40mg,Anticoagulant,2025-10-04,2027-10-04,5685,19350,1328,23707,Delhi,Available
INV04134,P004,B202504134,Metformin 500mg,Antidiabetic,2026-06-05,2028-06-04,9269,6233,1954,13548,Delhi,Available
INV04135,P003,B202604135,Azithromycin 500mg,Antibiotic,2025-08-12,2027-02-03,2597,3483,3991,2089,Chennai,Available
INV04136,P008,B202504136,Amlodipine 5mg,Cardiovascular,2025-06-18,2026-06-18,6932,16368,6576,16724,Mumbai,Available
INV04137,P013,B202604137,Ciprofloxacin 500mg,Antibiotic,2026-07-04,2029-07-03,2337,10058,10517,1878,Delhi,Available
INV04138,P017,B202504138,Levothyroxine 50mcg,Endocrine,2026-08-21,2027-08-21,6318,11102,3417,14003,Delhi,Available
INV04139,P003,B202604139,Azithromycin 500mg,Antibiotic,2025-10-25,2027-04-18,4207,12669,11327,5549,Kolkata,Available
INV04140,P015,B202504140,Montelukast 10mg,Respiratory,2025-07-18,2028-07-17,9985,17079,10478,16586,Chennai,Available
INV04141,P016,B202604141,Salbutamol Inhaler,Respiratory,2026-03-12,2028-03-11,6638,8405,10643,4400,Delhi,Available
INV04142,P013,B202504142,Ciprofloxacin 500mg,Antibiotic,2026-03-22,2027-03-22,9230,12069,11333,9966,Bangalore,Available
INV04143,P005,B202604143,Atorvastatin 20mg,Cardiovascular,2026-07-24,2028-07-23,6644,8682,6668,8658,Delhi,Available
INV04144,P004,B202504144,Metformin 500mg,Antidiabetic,2025-12-06,2027-12-06,3474,7508,8433,2549,Chennai,Available
INV04145,P010,B202604145,Omeprazole 20mg,Gastrointestinal,2025-12-29,2026-12-29,5243,11674,3033,13884,Hyderabad,Available
INV04146,P011,B202504146,Insulin Glargine,Antidiabetic,2026-07-19,2028-01-10,9064,17174,8937,17301,Kolkata,Available
INV04147,P009,B202604147,Cetirizine 10mg,Antiallergic,2026-04-01,2027-04-01,3536,11766,457,14845,Chennai,Available
INV04148,P019,B202504148,Vitamin D3 60000IU,Supplement,2025-03-05,2028-03-04,1337,3413,3622,1128,Chennai,Available
INV04149,P019,B202604149,Vitamin D3 60000IU,Supplement,2025-09-13,2027-09-13,1911,14145,11978,4078,Delhi,Available
INV04150,P019,B202504150,Vitamin D3 60000IU,Supplement,2025-08-25,2028-08-24,5598,3734,3384,5948,Mumbai,Available
INV04151,P002,B202604151,Amoxicillin 500mg,Antibiotic,2026-06-22,2027-06-22,6914,18480,5215,20179,Delhi,Available
INV04152,P011,B202504152,Insulin Glargine,Antidiabetic,2026-04-04,2027-04-04,3916,12619,1096,15439,Kolkata,Available
INV04153,P013,B202604153,Ciprofloxacin 500mg,Antibiotic,2025-01-02,2026-01-02,2019,13614,6216,9417,Mumbai,Available
INV04154,P012,B202504154,Losartan 50mg,Cardiovascular,2025-10-24,2027-04-17,569,1530,1446,653,Chennai,Low Stock
INV04155,P005,B202604155,Atorvastatin 20mg,Cardiovascular,2025-05-26,2026-11-17,6624,12276,6710,12190,Bangalore,Available
INV04156,P009,B202504156,Cetirizine 10mg,Antiallergic,2026-03-28,2028-03-27,8166,14206,10797,11575,Delhi,Available
INV04157,P012,B202604157,Losartan 50mg,Cardiovascular,2025-12-01,2027-05-25,4643,4205,3805,5043,Bangalore,Available
INV04158,P010,B202504158,Omeprazole 20mg,Gastrointestinal,2026-07-27,2028-01-18,7517,9341,10871,5987,Hyderabad,Available
INV04159,P017,B202604159,Levothyroxine 50mcg,Endocrine,2026-03-11,2029-03-10,1763,18001,10905,8859,Hyderabad,Available
INV04160,P013,B202504160,Ciprofloxacin 500mg,Antibiotic,2025-12-18,2026-12-18,5490,13521,2461,16550,Mumbai,Available
INV04161,P012,B202604161,Losartan 50mg,Cardiovascular,2026-07-12,2027-07-12,9393,16508,10151,15750,Bangalore,Available
INV04162,P012,B202504162,Losartan 50mg,Cardiovascular,2025-08-10,2028-08-09,7539,13347,333,20553,Kolkata,Available
INV04163,P010,B202604163,Omeprazole 20mg,Gastrointestinal,2025-04-07,2028-04-06,9090,10436,7939,11587,Delhi,Available
INV04164,P007,B202504164,Ibuprofen 400mg,Analgesic,2026-03-26,2029-03-25,9375,14051,4323,19103,Kolkata,Available
INV04165,P019,B202604165,Vitamin D3 60000IU,Supplement,2025-01-04,2026-06-28,5747,11979,8551,9175,Delhi,Available
INV04166,P001,B202504166,Paracetamol 500mg,Analgesic,2025-04-10,2028-04-09,7087,13378,5291,15174,Hyderabad,Available
INV04167,P007,B202604167,Ibuprofen 400mg,Analgesic,2026-02-18,2028-02-18,1743,8590,8515,1818,Delhi,Available
INV04168,P018,B202504168,Doxycycline 100mg,Antibiotic,2025-11-02,2027-04-26,9520,10641,1622,18539,Mumbai,Available
INV04169,P013,B202604169,Ciprofloxacin 500mg,Antibiotic,2025-07-27,2027-01-18,8793,9268,3658,14403,Bangalore,Available
INV04170,P009,B202504170,Cetirizine 10mg,Antiallergic,2026-04-05,2027-09-27,4971,13478,11136,7313,Chennai,Available
INV04171,P006,B202604171,Pantoprazole 40mg,Gastrointestinal,2025-04-09,2027-04-09,2920,8457,1184,10193,Chennai,Available
INV04172,P004,B202504172,Metformin 500mg,Antidiabetic,2025-08-17,2027-02-08,904,15742,7423,9223,Delhi,Available
INV04173,P004,B202604173,Metformin 500mg,Antidiabetic,2025-02-01,2026-02-01,6438,15208,9544,12102,Chennai,Available
INV04174,P008,B202504174,Amlodipine 5mg,Cardiovascular,2025-01-01,2026-01-01,7977,15515,6090,17402,Bangalore,Available
INV04175,P016,B202604175,Salbutamol Inhaler,Respiratory,2026-05-05,2027-05-05,8141,13155,10656,10640,Delhi,Available
INV04176,P002,B202504176,Amoxicillin 500mg,Antibiotic,2026-01-24,2027-01-24,2958,17583,11618,8923,Mumbai,Available
INV04177,P006,B202604177,Pantoprazole 40mg,Gastrointestinal,2025-08-24,2026-08-24,5946,9002,703,14245,Delhi,Available
INV04178,P013,B202504178,Ciprofloxacin 500mg,Antibiotic,2026-02-05,2029-02-04,7189,13839,2539,18489,Mumbai,Available
INV04179,P009,B202604179,Cetirizine 10mg,Antiallergic,2026-07-31,2028-01-22,7041,11272,683,17630,Kolkata,Available
INV04180,P014,B202504180,Diclofenac 50mg,Analgesic,2025-05-19,2026-05-19,9400,6837,205,16032,Delhi,Available
INV04181,P001,B202604181,Paracetamol 500mg,Analgesic,2025-05-10,2028-05-09,862,15292,7416,8738,Hyderabad,Available
INV04182,P006,B202504182,Pantoprazole 40mg,Gastrointestinal,2025-10-12,2027-10-12,8959,5962,7083,7838,Chennai,Available
INV04183,P001,B202604183,Paracetamol 500mg,Analgesic,2026-06-22,2029-06-21,1322,5976,5739,1559,Chennai,Available
INV04184,P004,B202504184,Metformin 500mg,Antidiabetic,2026-07-05,2027-12-27,3289,7790,7440,3639,Hyderabad,Available
INV04185,P011,B202604185,Insulin Glargine,Antidiabetic,2025-02-15,2026-02-15,7801,8290,9524,6567,Chennai,Available
INV04186,P020,B202504186,Enoxaparin 40mg,Anticoagulant,2025-03-24,2028-03-23,8974,9258,1623,16609,Bangalore,Available
INV04187,P011,B202604187,Insulin Glargine,Antidiabetic,2025-01-07,2026-01-07,5549,11701,10327,6923,Kolkata,Available
INV04188,P006,B202504188,Pantoprazole 40mg,Gastrointestinal,2025-07-18,2026-07-18,2634,9340,11892,82,Kolkata,Low Stock
INV04189,P019,B202604189,Vitamin D3 60000IU,Supplement,2025-09-29,2027-09-29,7366,5619,5550,7435,Delhi,Available
INV04190,P008,B202504190,Amlodipine 5mg,Cardiovascular,2025-10-11,2027-04-04,1080,15600,10805,5875,Chennai,Available
INV04191,P019,B202604191,Vitamin D3 60000IU,Supplement,2025-09-17,2026-09-17,3042,17226,1669,18599,Delhi,Available
INV04192,P001,B202504192,Paracetamol 500mg,Analgesic,2025-07-14,2026-07-14,1577,4128,3071,2634,Chennai,Available
INV04193,P006,B202604193,Pantoprazole 40mg,Gastrointestinal,2026-05-06,2027-10-28,7501,11064,8679,9886,Kolkata,Available
INV04194,P020,B202504194,Enoxaparin 40mg,Anticoagulant,2025-12-19,2028-12-18,7164,6108,11224,2048,Bangalore,Available
INV04195,P010,B202604195,Omeprazole 20mg,Gastrointestinal,2025-04-02,2028-04-01,9009,16557,1228,24338,Hyderabad,Available
INV04196,P007,B202504196,Ibuprofen 400mg,Analgesic,2025-03-11,2027-03-11,823,12656,6896,6583,Delhi,Available
INV04197,P019,B202604197,Vitamin D3 60000IU,Supplement,2026-04-17,2027-10-09,5931,16247,10213,11965,Delhi,Available
INV04198,P002,B202504198,Amoxicillin 500mg,Antibiotic,2025-09-18,2028-09-17,1201,12210,6488,6923,Hyderabad,Available
INV04199,P007,B202604199,Ibuprofen 400mg,Analgesic,2026-08-10,2028-08-09,9428,9955,10149,9234,Delhi,Available
INV04200,P019,B202504200,Vitamin D3 60000IU,Supplement,2025-07-16,2027-01-07,884,5328,860,5352,Hyderabad,Available
INV04201,P007,B202604201,Ibuprofen 400mg,Analgesic,2026-06-09,2027-12-01,8353,16479,11772,13060,Delhi,Available
INV04202,P017,B202504202,Levothyroxine 50mcg,Endocrine,2025-09-09,2027-09-09,8204,3703,685,11222,Bangalore,Available
INV04203,P015,B202604203,Montelukast 10mg,Respiratory,2025-10-12,2027-04-05,7794,1286,1573,7507,Mumbai,Available
INV04204,P019,B202504204,Vitamin D3 60000IU,Supplement,2026-03-26,2028-03-25,7254,6934,5374,8814,Kolkata,Available
INV04205,P015,B202604205,Montelukast 10mg,Respiratory,2025-12-26,2026-12-26,7465,7948,4625,10788,Chennai,Available
INV04206,P008,B202504206,Amlodipine 5mg,Cardiovascular,2025-12-10,2026-12-10,2257,11220,11493,1984,Chennai,Available
INV04207,P009,B202604207,Cetirizine 10mg,Antiallergic,2026-08-05,2028-01-27,8977,8665,1043,16599,Bangalore,Available
INV04208,P020,B202504208,Enoxaparin 40mg,Anticoagulant,2026-01-21,2027-01-21,9924,1781,3917,7788,Chennai,Available
INV04209,P002,B202604209,Amoxicillin 500mg,Antibiotic,2026-06-28,2028-06-27,9523,16908,9900,16531,Hyderabad,Available
INV04210,P005,B202504210,Atorvastatin 20mg,Cardiovascular,2025-05-26,2026-05-26,6811,2120,3827,5104,Delhi,Available
INV04211,P011,B202604211,Insulin Glargine,Antidiabetic,2025-10-20,2026-10-20,1538,19778,5578,15738,Delhi,Available
INV04212,P012,B202504212,Losartan 50mg,Cardiovascular,2025-08-10,2027-08-10,4074,8870,9642,3302,Hyderabad,Available
INV04213,P014,B202604213,Diclofenac 50mg,Analgesic,2026-02-04,2027-02-04,7000,16226,3245,19981,Kolkata,Available
INV04214,P001,B202504214,Paracetamol 500mg,Analgesic,2025-04-18,2028-04-17,8628,15351,7248,16731,Hyderabad,Available
INV04215,P010,B202604215,Omeprazole 20mg,Gastrointestinal,2025-12-06,2026-12-06,6152,2695,1114,7733,Hyderabad,Available
INV04216,P004,B202504216,Metformin 500mg,Antidiabetic,2025-02-19,2028-02-19,8125,10652,4424,14353,Hyderabad,Available
INV04217,P019,B202604217,Vitamin D3 60000IU,Supplement,2026-04-24,2029-04-23,4970,1521,4144,2347,Mumbai,Available
INV04218,P006,B202504218,Pantoprazole 40mg,Gastrointestinal,2025-07-09,2026-07-09,8781,4134,9758,3157,Kolkata,Available
INV04219,P001,B202604219,Paracetamol 500mg,Analgesic,2026-01-10,2027-01-10,8396,10636,258,18774,Chennai,Available
INV04220,P016,B202504220,Salbutamol Inhaler,Respiratory,2026-07-09,2027-12-31,9364,13641,6312,16693,Mumbai,Available
INV04221,P006,B202604221,Pantoprazole 40mg,Gastrointestinal,2026-01-08,2028-01-08,838,8826,440,9224,Mumbai,Available
INV04222,P016,B202504222,Salbutamol Inhaler,Respiratory,2026-02-19,2027-02-19,7310,1265,106,8469,Kolkata,Available
INV04223,P001,B202604223,Paracetamol 500mg,Analgesic,2025-06-09,2026-06-09,6033,10923,10067,6889,Kolkata,Available
INV04224,P015,B202504224,Montelukast 10mg,Respiratory,2025-10-08,2026-10-08,9263,11658,2609,18312,Delhi,Available
INV04225,P008,B202604225,Amlodipine 5mg,Cardiovascular,2025-07-30,2027-01-21,7659,4112,11348,423,Bangalore,Low Stock
INV04226,P003,B202504226,Azithromycin 500mg,Antibiotic,2026-02-10,2027-02-10,7888,14960,5159,17689,Mumbai,Available
INV04227,P020,B202604227,Enoxaparin 40mg,Anticoagulant,2026-04-23,2028-04-22,1840,12204,478,13566,Hyderabad,Available
INV04228,P014,B202504228,Diclofenac 50mg,Analgesic,2025-09-02,2028-09-01,9424,2801,10602,1623,Kolkata,Available
INV04229,P003,B202604229,Azithromycin 500mg,Antibiotic,2025-08-20,2028-08-19,659,2114,1414,1359,Kolkata,Available
INV04230,P006,B202504230,Pantoprazole 40mg,Gastrointestinal,2026-04-09,2028-04-08,1887,6469,5215,3141,Mumbai,Available
INV04231,P005,B202604231,Atorvastatin 20mg,Cardiovascular,2025-05-01,2027-05-01,8367,8847,11106,6108,Chennai,Available
INV04232,P009,B202504232,Cetirizine 10mg,Antiallergic,2026-03-01,2027-08-23,7689,19671,9455,17905,Bangalore,Available
INV04233,P002,B202604233,Amoxicillin 500mg,Antibiotic,2026-05-01,2029-04-30,5889,5654,10167,1376,Mumbai,Available
INV04234,P006,B202504234,Pantoprazole 40mg,Gastrointestinal,2025-08-08,2027-01-30,3183,7190,6993,3380,Bangalore,Available
INV04235,P008,B202604235,Amlodipine 5mg,Cardiovascular,2025-04-12,2027-04-12,9949,15969,2987,22931,Delhi,Available
INV04236,P001,B202504236,Paracetamol 500mg,Analgesic,2025-09-05,2027-02-27,5267,8759,8192,5834,Delhi,Available
INV04237,P019,B202604237,Vitamin D3 60000IU,Supplement,2025-02-11,2028-02-11,8009,14545,9906,12648,Bangalore,Available
INV04238,P005,B202504238,Atorvastatin 20mg,Cardiovascular,2025-01-01,2028-01-01,3869,7867,7167,4569,Mumbai,Available
INV04239,P013,B202604239,Ciprofloxacin 500mg,Antibiotic,2026-07-16,2028-01-07,8973,11115,4501,15587,Kolkata,Available
INV04240,P010,B202504240,Omeprazole 20mg,Gastrointestinal,2025-03-18,2026-09-09,8533,10793,6720,12606,Chennai,Available
INV04241,P004,B202604241,Metformin 500mg,Antidiabetic,2025-02-25,2026-08-19,9239,3415,8627,4027,Kolkata,Available
INV04242,P002,B202504242,Amoxicillin 500mg,Antibiotic,2025-03-21,2028-03-20,1530,15130,9567,7093,Hyderabad,Available
INV04243,P006,B202604243,Pantoprazole 40mg,Gastrointestinal,2025-11-09,2027-11-09,8672,12255,11618,9309,Hyderabad,Available
INV04244,P006,B202504244,Pantoprazole 40mg,Gastrointestinal,2025-05-25,2027-05-25,818,17345,9262,8901,Kolkata,Available
INV04245,P020,B202604245,Enoxaparin 40mg,Anticoagulant,2025-02-12,2027-02-12,5284,14975,10484,9775,Delhi,Available
INV04246,P001,B202504246,Paracetamol 500mg,Analgesic,2026-06-03,2027-11-25,4858,12100,10940,6018,Delhi,Available
INV04247,P005,B202604247,Atorvastatin 20mg,Cardiovascular,2026-03-16,2028-03-15,1122,11121,9425,2818,Kolkata,Available
INV04248,P006,B202504248,Pantoprazole 40mg,Gastrointestinal,2025-11-10,2028-11-09,6046,8970,2211,12805,Bangalore,Available
INV04249,P014,B202604249,Diclofenac 50mg,Analgesic,2026-08-02,2028-08-01,7915,13866,4174,17607,Delhi,Available
INV04250,P006,B202504250,Pantoprazole 40mg,Gastrointestinal,2025-05-14,2027-05-14,6637,19759,2834,23562,Hyderabad,Available
INV04251,P004,B202604251,Metformin 500mg,Antidiabetic,2026-07-23,2029-07-22,3639,19410,8449,14600,Mumbai,Available
INV04252,P008,B202504252,Amlodipine 5mg,Cardiovascular,2025-12-08,2026-12-08,2134,18788,2479,18443,Bangalore,Available
INV04253,P018,B202604253,Doxycycline 100mg,Antibiotic,2026-07-21,2029-07-20,1481,16940,3203,15218,Bangalore,Available
INV04254,P019,B202504254,Vitamin D3 60000IU,Supplement,2025-06-10,2027-06-10,1201,4600,5110,691,Delhi,Low Stock
INV04255,P020,B202604255,Enoxaparin 40mg,Anticoagulant,2025-04-19,2028-04-18,8808,18560,597,26771,Bangalore,Available
INV04256,P011,B202504256,Insulin Glargine,Antidiabetic,2025-03-11,2026-03-11,8209,14206,10129,12286,Kolkata,Available
INV04257,P003,B202604257,Azithromycin 500mg,Antibiotic,2026-05-14,2027-05-14,4031,6653,2531,8153,Chennai,Available
INV04258,P003,B202504258,Azithromycin 500mg,Antibiotic,2026-05-01,2029-04-30,6824,2541,5588,3777,Delhi,Available
INV04259,P008,B202604259,Amlodipine 5mg,Cardiovascular,2025-08-09,2027-01-31,9960,1069,5612,5417,Hyderabad,Available
INV04260,P011,B202504260,Insulin Glargine,Antidiabetic,2025-01-03,2028-01-03,4841,19424,1850,22415,Delhi,Available
INV04261,P014,B202604261,Diclofenac 50mg,Analgesic,2026-04-23,2027-04-23,6530,3808,4418,5920,Bangalore,Available
INV04262,P002,B202504262,Amoxicillin 500mg,Antibiotic,2026-04-05,2028-04-04,9006,14305,7150,16161,Bangalore,Available
INV04263,P016,B202604263,Salbutamol Inhaler,Respiratory,2025-05-19,2026-05-19,7455,12173,1796,17832,Delhi,Available
INV04264,P014,B202504264,Diclofenac 50mg,Analgesic,2025-10-27,2027-10-27,5293,7713,2681,10325,Hyderabad,Available
INV04265,P017,B202604265,Levothyroxine 50mcg,Endocrine,2025-08-12,2027-08-12,3912,10984,7284,7612,Mumbai,Available
INV04266,P015,B202504266,Montelukast 10mg,Respiratory,2026-07-09,2029-07-08,9254,1569,8218,2605,Chennai,Available
INV04267,P009,B202604267,Cetirizine 10mg,Antiallergic,2025-07-08,2026-07-08,8467,16964,908,24523,Delhi,Available
INV04268,P012,B202504268,Losartan 50mg,Cardiovascular,2025-04-14,2027-04-14,8212,7204,8709,6707,Kolkata,Available
INV04269,P010,B202604269,Omeprazole 20mg,Gastrointestinal,2025-03-06,2026-08-28,1795,7702,6119,3378,Hyderabad,Available
INV04270,P011,B202504270,Insulin Glargine,Antidiabetic,2026-08-22,2028-02-13,8859,6781,7369,8271,Bangalore,Available
INV04271,P006,B202604271,Pantoprazole 40mg,Gastrointestinal,2026-06-05,2028-06-04,5910,10704,2938,13676,Kolkata,Available
INV04272,P008,B202504272,Amlodipine 5mg,Cardiovascular,2025-01-07,2028-01-07,942,17850,3192,15600,Bangalore,Available
INV04273,P005,B202604273,Atorvastatin 20mg,Cardiovascular,2026-01-28,2028-01-28,1953,6703,1825,6831,Delhi,Available
INV04274,P018,B202504274,Doxycycline 100mg,Antibiotic,2025-06-03,2028-06-02,4377,2571,2240,4708,Kolkata,Available
INV04275,P017,B202604275,Levothyroxine 50mcg,Endocrine,2026-03-14,2027-09-05,7870,14496,9502,12864,Delhi,Available
INV04276,P011,B202504276,Insulin Glargine,Antidiabetic,2026-08-04,2029-08-03,5594,4807,4254,6147,Delhi,Available
INV04277,P014,B202604277,Diclofenac 50mg,Analgesic,2025-07-11,2026-07-11,8313,19032,992,26353,Hyderabad,Available
INV04278,P009,B202504278,Cetirizine 10mg,Antiallergic,2026-04-02,2029-04-01,3761,6934,4333,6362,Hyderabad,Available
INV04279,P009,B202604279,Cetirizine 10mg,Antiallergic,2025-06-07,2026-06-07,7279,15956,3441,19794,Mumbai,Available
INV04280,P009,B202504280,Cetirizine 10mg,Antiallergic,2025-01-14,2027-01-14,4855,18875,4461,19269,Chennai,Available
INV04281,P008,B202604281,Amlodipine 5mg,Cardiovascular,2025-04-22,2026-10-14,8890,5870,10138,4622,Delhi,Available
INV04282,P015,B202504282,Montelukast 10mg,Respiratory,2026-03-28,2028-03-27,6218,2326,5973,2571,Chennai,Available
INV04283,P003,B202604283,Azithromycin 500mg,Antibiotic,2025-11-08,2027-11-08,3443,2256,56,5643,Hyderabad,Available
INV04284,P005,B202504284,Atorvastatin 20mg,Cardiovascular,2025-05-08,2027-05-08,4501,3133,640,6994,Delhi,Available
INV04285,P019,B202604285,Vitamin D3 60000IU,Supplement,2026-05-07,2029-05-06,3523,14376,983,16916,Hyderabad,Available
INV04286,P003,B202504286,Azithromycin 500mg,Antibiotic,2025-04-21,2026-10-13,914,16456,8581,8789,Delhi,Available
INV04287,P004,B202604287,Metformin 500mg,Antidiabetic,2026-06-05,2027-06-05,9948,14809,2430,22327,Hyderabad,Available
INV04288,P014,B202504288,Diclofenac 50mg,Analgesic,2026-04-30,2027-10-22,1070,10376,5488,5958,Hyderabad,Available
INV04289,P019,B202604289,Vitamin D3 60000IU,Supplement,2025-07-25,2026-07-25,6925,12748,7450,12223,Delhi,Available
INV04290,P007,B202504290,Ibuprofen 400mg,Analgesic,2025-06-04,2026-06-04,2264,11987,4873,9378,Chennai,Available
INV04291,P017,B202604291,Levothyroxine 50mcg,Endocrine,2025-12-02,2026-12-02,534,5341,1658,4217,Bangalore,Available
INV04292,P016,B202504292,Salbutamol Inhaler,Respiratory,2025-08-09,2027-08-09,2483,1197,504,3176,Mumbai,Available
INV04293,P010,B202604293,Omeprazole 20mg,Gastrointestinal,2025-09-20,2028-09-19,6697,14907,1499,20105,Mumbai,Available
INV04294,P013,B202504294,Ciprofloxacin 500mg,Antibiotic,2025-12-17,2028-12-16,5019,8063,11333,1749,Mumbai,Available
INV04295,P012,B202604295,Losartan 50mg,Cardiovascular,2025-01-17,2026-01-17,1045,8939,9301,683,Bangalore,Low Stock
INV04296,P020,B202504296,Enoxaparin 40mg,Anticoagulant,2026-06-06,2027-06-06,646,18113,7023,11736,Hyderabad,Available
INV04297,P020,B202604297,Enoxaparin 40mg,Anticoagulant,2025-12-03,2027-12-03,6943,4830,4227,7546,Bangalore,Available
INV04298,P011,B202504298,Insulin Glargine,Antidiabetic,2026-08-16,2028-08-15,7074,4684,6372,5386,Kolkata,Available
INV04299,P002,B202604299,Amoxicillin 500mg,Antibiotic,2025-05-03,2027-05-03,598,4925,5216,307,Bangalore,Low Stock
INV04300,P009,B202504300,Cetirizine 10mg,Antiallergic,2025-07-17,2027-01-08,2951,6238,6991,2198,Bangalore,Available
INV04301,P003,B202604301,Azithromycin 500mg,Antibiotic,2025-06-08,2028-06-07,4236,1661,3068,2829,Delhi,Available
INV04302,P010,B202504302,Omeprazole 20mg,Gastrointestinal,2025-02-23,2028-02-23,8653,18316,11568,15401,Hyderabad,Available
INV04303,P009,B202604303,Cetirizine 10mg,Antiallergic,2026-07-30,2028-01-21,8717,13307,11132,10892,Bangalore,Available
INV04304,P015,B202504304,Montelukast 10mg,Respiratory,2026-04-26,2027-04-26,7487,4709,10858,1338,Kolkata,Available
INV04305,P001,B202604305,Paracetamol 500mg,Analgesic,2025-11-01,2027-04-25,8960,7085,8647,7398,Bangalore,Available
INV04306,P005,B202504306,Atorvastatin 20mg,Cardiovascular,2026-08-15,2028-02-06,7776,19389,11583,15582,Bangalore,Available
INV04307,P005,B202604307,Atorvastatin 20mg,Cardiovascular,2026-03-05,2029-03-04,9799,14685,1249,23235,Chennai,Available
INV04308,P006,B202504308,Pantoprazole 40mg,Gastrointestinal,2026-05-01,2028-04-30,2247,17032,11867,7412,Delhi,Available
INV04309,P017,B202604309,Levothyroxine 50mcg,Endocrine,2025-02-05,2026-07-30,1708,6394,3046,5056,Mumbai,Available
INV04310,P007,B202504310,Ibuprofen 400mg,Analgesic,2025-11-23,2026-11-23,3804,16963,6747,14020,Bangalore,Available
INV04311,P007,B202604311,Ibuprofen 400mg,Analgesic,2026-05-13,2027-05-13,9256,6621,7561,8316,Mumbai,Available
INV04312,P013,B202504312,Ciprofloxacin 500mg,Antibiotic,2026-04-24,2027-04-24,3846,11798,3127,12517,Mumbai,Available
INV04313,P018,B202604313,Doxycycline 100mg,Antibiotic,2025-05-18,2026-05-18,6042,2895,10,8927,Kolkata,Available
INV04314,P006,B202504314,Pantoprazole 40mg,Gastrointestinal,2025-03-14,2027-03-14,5069,9646,5260,9455,Bangalore,Available
INV04315,P018,B202604315,Doxycycline 100mg,Antibiotic,2025-01-01,2026-06-25,3069,13193,6589,9673,Mumbai,Available
INV04316,P011,B202504316,Insulin Glargine,Antidiabetic,2025-05-17,2026-05-17,9101,12660,7846,13915,Kolkata,Available
INV04317,P019,B202604317,Vitamin D3 60000IU,Supplement,2025-12-17,2028-12-16,5513,5520,6870,4163,Kolkata,Available
INV04318,P018,B202504318,Doxycycline 100mg,Antibiotic,2025-10-31,2028-10-30,2377,1779,1676,2480,Hyderabad,Available
INV04319,P020,B202604319,Enoxaparin 40mg,Anticoagulant,2025-03-11,2027-03-11,7838,3106,498,10446,Delhi,Available
INV04320,P019,B202504320,Vitamin D3 60000IU,Supplement,2025-01-10,2026-01-10,9293,12448,8417,13324,Hyderabad,Available
INV04321,P007,B202604321,Ibuprofen 400mg,Analgesic,2025-10-10,2026-10-10,4698,19126,8987,14837,Kolkata,Available
INV04322,P010,B202504322,Omeprazole 20mg,Gastrointestinal,2026-04-18,2027-10-10,6366,14875,9899,11342,Kolkata,Available
INV04323,P003,B202604323,Azithromycin 500mg,Antibiotic,2026-04-22,2028-04-21,7499,1278,4281,4496,Kolkata,Available
INV04324,P019,B202504324,Vitamin D3 60000IU,Supplement,2025-05-19,2026-11-10,8707,18676,3974,23409,Chennai,Available
INV04325,P017,B202604325,Levothyroxine 50mcg,Endocrine,2025-04-01,2026-04-01,946,3762,3488,1220,Mumbai,Available
INV04326,P014,B202504326,Diclofenac 50mg,Analgesic,2025-02-23,2027-02-23,7579,19549,3831,23297,Delhi,Available
INV04327,P010,B202604327,Omeprazole 20mg,Gastrointestinal,2025-07-28,2027-07-28,5867,16827,340,22354,Hyderabad,Available
INV04328,P012,B202504328,Losartan 50mg,Cardiovascular,2025-12-11,2028-12-10,6911,1082,3910,4083,Kolkata,Available
INV04329,P018,B202604329,Doxycycline 100mg,Antibiotic,2026-04-27,2027-10-19,1508,5053,5556,1005,Mumbai,Available
INV04330,P016,B202504330,Salbutamol Inhaler,Respiratory,2025-01-22,2026-07-16,9529,5659,366,14822,Hyderabad,Available
INV04331,P002,B202604331,Amoxicillin 500mg,Antibiotic,2026-01-03,2027-01-03,2840,12166,3904,11102,Delhi,Available
INV04332,P019,B202504332,Vitamin D3 60000IU,Supplement,2026-07-13,2028-07-12,9703,14986,814,23875,Kolkata,Available
INV04333,P012,B202604333,Losartan 50mg,Cardiovascular,2025-01-04,2027-01-04,2822,11154,7896,6080,Bangalore,Available
INV04334,P009,B202504334,Cetirizine 10mg,Antiallergic,2025-02-03,2026-02-03,2507,15844,4957,13394,Bangalore,Available
INV04335,P015,B202604335,Montelukast 10mg,Respiratory,2025-11-23,2026-11-23,5843,5726,7358,4211,Kolkata,Available
INV04336,P007,B202504336,Ibuprofen 400mg,Analgesic,2026-03-24,2027-03-24,4368,17891,895,21364,Kolkata,Available
INV04337,P002,B202604337,Amoxicillin 500mg,Antibiotic,2025-10-17,2026-10-17,696,7636,4840,3492,Chennai,Available
INV04338,P007,B202504338,Ibuprofen 400mg,Analgesic,2025-10-23,2026-10-23,7431,4210,10024,1617,Hyderabad,Available
INV04339,P014,B202604339,Diclofenac 50mg,Analgesic,2025-07-18,2028-07-17,3166,19026,10037,12155,Mumbai,Available
INV04340,P010,B202504340,Omeprazole 20mg,Gastrointestinal,2025-08-01,2027-01-23,4927,3770,2808,5889,Kolkata,Available
INV04341,P020,B202604341,Enoxaparin 40mg,Anticoagulant,2025-02-02,2027-02-02,2775,13424,7458,8741,Kolkata,Available
INV04342,P015,B202504342,Montelukast 10mg,Respiratory,2026-05-10,2029-05-09,6650,8795,4045,11400,Mumbai,Available
INV04343,P008,B202604343,Amlodipine 5mg,Cardiovascular,2025-06-23,2026-12-15,5897,6133,4183,7847,Chennai,Available
INV04344,P007,B202504344,Ibuprofen 400mg,Analgesic,2025-03-05,2026-03-05,7769,19018,8191,18596,Bangalore,Available
INV04345,P012,B202604345,Losartan 50mg,Cardiovascular,2025-06-12,2026-12-04,9254,16664,8824,17094,Delhi,Available
INV04346,P012,B202504346,Losartan 50mg,Cardiovascular,2026-07-04,2028-07-03,6000,2844,8813,31,Chennai,Low Stock
INV04347,P008,B202604347,Amlodipine 5mg,Cardiovascular,2025-05-31,2028-05-30,9584,8985,2776,15793,Chennai,Available
INV04348,P013,B202504348,Ciprofloxacin 500mg,Antibiotic,2026-06-25,2028-06-24,5743,3719,5707,3755,Mumbai,Available
INV04349,P005,B202604349,Atorvastatin 20mg,Cardiovascular,2026-04-14,2027-10-06,2519,19251,11555,10215,Mumbai,Available
INV04350,P006,B202504350,Pantoprazole 40mg,Gastrointestinal,2025-04-08,2027-04-08,6303,12759,9213,9849,Mumbai,Available
INV04351,P014,B202604351,Diclofenac 50mg,Analgesic,2026-01-29,2029-01-28,7564,1682,5723,3523,Kolkata,Available
INV04352,P012,B202504352,Losartan 50mg,Cardiovascular,2025-11-14,2027-11-14,5820,8637,11928,2529,Bangalore,Available
INV04353,P017,B202604353,Levothyroxine 50mcg,Endocrine,2025-04-06,2026-04-06,6264,13121,11127,8258,Hyderabad,Available
INV04354,P001,B202504354,Paracetamol 500mg,Analgesic,2025-06-03,2027-06-03,3895,5789,8853,831,Delhi,Low Stock
INV04355,P014,B202604355,Diclofenac 50mg,Analgesic,2026-03-26,2027-09-17,7487,19312,8699,18100,Hyderabad,Available
INV04356,P016,B202504356,Salbutamol Inhaler,Respiratory,2025-05-22,2026-05-22,4719,10682,5637,9764,Hyderabad,Available
INV04357,P006,B202604357,Pantoprazole 40mg,Gastrointestinal,2026-07-07,2027-12-29,7938,5894,1290,12542,Bangalore,Available
INV04358,P005,B202504358,Atorvastatin 20mg,Cardiovascular,2026-05-20,2027-11-11,7103,19296,577,25822,Bangalore,Available
INV04359,P019,B202604359,Vitamin D3 60000IU,Supplement,2025-12-07,2027-12-07,3742,16709,7756,12695,Hyderabad,Available
INV04360,P013,B202504360,Ciprofloxacin 500mg,Antibiotic,2025-01-03,2026-01-03,2437,15931,8822,9546,Bangalore,Available
INV04361,P019,B202604361,Vitamin D3 60000IU,Supplement,2026-05-06,2027-10-28,2513,8985,6779,4719,Delhi,Available
INV04362,P007,B202504362,Ibuprofen 400mg,Analgesic,2025-03-02,2027-03-02,7199,6081,7674,5606,Delhi,Available
INV04363,P011,B202604363,Insulin Glargine,Antidiabetic,2025-01-05,2026-06-29,4057,16843,9917,10983,Kolkata,Available
INV04364,P010,B202504364,Omeprazole 20mg,Gastrointestinal,2025-07-16,2027-01-07,8021,12810,7215,13616,Mumbai,Available
INV04365,P014,B202604365,Diclofenac 50mg,Analgesic,2026-06-05,2028-06-04,4331,16959,11311,9979,Chennai,Available
INV04366,P018,B202504366,Doxycycline 100mg,Antibiotic,2025-06-09,2026-12-01,2869,7950,7936,2883,Chennai,Available
INV04367,P001,B202604367,Paracetamol 500mg,Analgesic,2026-03-30,2027-03-30,2265,11329,2892,10702,Kolkata,Available
INV04368,P003,B202504368,Azithromycin 500mg,Antibiotic,2025-04-01,2028-03-31,3222,14574,8178,9618,Hyderabad,Available
INV04369,P012,B202604369,Losartan 50mg,Cardiovascular,2025-11-19,2026-11-19,7761,17291,11365,13687,Bangalore,Available
INV04370,P004,B202504370,Metformin 500mg,Antidiabetic,2026-05-11,2027-11-02,6443,7618,2611,11450,Delhi,Available
INV04371,P005,B202604371,Atorvastatin 20mg,Cardiovascular,2025-03-23,2027-03-23,2337,4652,5455,1534,Delhi,Available
INV04372,P011,B202504372,Insulin Glargine,Antidiabetic,2025-03-28,2026-03-28,4212,8380,5419,7173,Bangalore,Available
INV04373,P018,B202604373,Doxycycline 100mg,Antibiotic,2025-08-06,2028-08-05,4302,9971,1345,12928,Chennai,Available
INV04374,P002,B202504374,Amoxicillin 500mg,Antibiotic,2026-03-25,2029-03-24,3935,17866,8386,13415,Bangalore,Available
INV04375,P005,B202604375,Atorvastatin 20mg,Cardiovascular,2026-01-20,2028-01-20,1390,14008,9722,5676,Bangalore,Available
INV04376,P018,B202504376,Doxycycline 100mg,Antibiotic,2025-11-16,2027-11-16,980,12650,5454,8176,Mumbai,Available
INV04377,P016,B202604377,Salbutamol Inhaler,Respiratory,2025-05-30,2026-05-30,5243,15131,1604,18770,Kolkata,Available
INV04378,P014,B202504378,Diclofenac 50mg,Analgesic,2026-07-15,2028-01-06,1670,4374,3026,3018,Delhi,Available
INV04379,P015,B202604379,Montelukast 10mg,Respiratory,2026-04-23,2029-04-22,6094,1342,3939,3497,Chennai,Available
INV04380,P017,B202504380,Levothyroxine 50mcg,Endocrine,2026-05-16,2027-05-16,4635,12718,2970,14383,Mumbai,Available
INV04381,P002,B202604381,Amoxicillin 500mg,Antibiotic,2025-04-27,2026-04-27,9806,17335,4846,22295,Bangalore,Available
INV04382,P007,B202504382,Ibuprofen 400mg,Analgesic,2025-09-18,2026-09-18,6786,19958,10127,16617,Kolkata,Available
INV04383,P017,B202604383,Levothyroxine 50mcg,Endocrine,2025-02-11,2027-02-11,5875,2917,1296,7496,Delhi,Available
INV04384,P015,B202504384,Montelukast 10mg,Respiratory,2025-05-06,2026-10-28,1214,3097,2501,1810,Delhi,Available
INV04385,P016,B202604385,Salbutamol Inhaler,Respiratory,2026-07-01,2027-07-01,3741,17262,609,20394,Chennai,Available
INV04386,P019,B202504386,Vitamin D3 60000IU,Supplement,2025-03-01,2026-03-01,7001,10026,11852,5175,Delhi,Available
INV04387,P014,B202604387,Diclofenac 50mg,Analgesic,2025-05-23,2026-11-14,2185,3790,676,5299,Kolkata,Available
INV04388,P002,B202504388,Amoxicillin 500mg,Antibiotic,2025-11-06,2027-11-06,1031,16999,6008,12022,Bangalore,Available
INV04389,P003,B202604389,Azithromycin 500mg,Antibiotic,2026-02-25,2028-02-25,4420,8698,422,12696,Bangalore,Available
INV04390,P011,B202504390,Insulin Glargine,Antidiabetic,2025-08-07,2027-01-29,4101,12500,3518,13083,Mumbai,Available
INV04391,P006,B202604391,Pantoprazole 40mg,Gastrointestinal,2026-02-04,2027-02-04,9226,11536,2934,17828,Chennai,Available
INV04392,P019,B202504392,Vitamin D3 60000IU,Supplement,2025-02-04,2026-02-04,1867,2343,3110,1100,Hyderabad,Available
INV04393,P008,B202604393,Amlodipine 5mg,Cardiovascular,2026-05-04,2028-05-03,6937,2856,9508,285,Bangalore,Low Stock
INV04394,P015,B202504394,Montelukast 10mg,Respiratory,2026-01-19,2027-07-13,8463,17957,843,25577,Kolkata,Available
INV04395,P005,B202604395,Atorvastatin 20mg,Cardiovascular,2026-04-20,2029-04-19,5788,17403,9910,13281,Delhi,Available
INV04396,P004,B202504396,Metformin 500mg,Antidiabetic,2025-09-18,2028-09-17,2425,19992,2180,20237,Delhi,Available
INV04397,P013,B202604397,Ciprofloxacin 500mg,Antibiotic,2025-04-28,2026-10-20,1872,7930,9405,397,Bangalore,Low Stock
INV04398,P018,B202504398,Doxycycline 100mg,Antibiotic,2026-02-11,2028-02-11,3180,19034,3041,19173,Delhi,Available
INV04399,P001,B202604399,Paracetamol 500mg,Analgesic,2026-06-17,2028-06-16,2046,13580,2193,13433,Mumbai,Available
INV04400,P011,B202504400,Insulin Glargine,Antidiabetic,2026-07-13,2028-01-04,621,9218,9117,722,Chennai,Low Stock
INV04401,P002,B202604401,Amoxicillin 500mg,Antibiotic,2025-02-02,2028-02-02,7348,11587,1058,17877,Hyderabad,Available
INV04402,P017,B202504402,Levothyroxine 50mcg,Endocrine,2025-03-25,2026-03-25,4796,14964,9939,9821,Delhi,Available
INV04403,P010,B202604403,Omeprazole 20mg,Gastrointestinal,2025-08-20,2026-08-20,3041,5080,466,7655,Chennai,Available
INV04404,P008,B202504404,Amlodipine 5mg,Cardiovascular,2025-11-02,2026-11-02,6117,3582,6573,3126,Chennai,Available
INV04405,P007,B202604405,Ibuprofen 400mg,Analgesic,2025-05-08,2028-05-07,2620,4386,2385,4621,Kolkata,Available
INV04406,P010,B202504406,Omeprazole 20mg,Gastrointestinal,2025-06-07,2027-06-07,3810,13627,5266,12171,Delhi,Available
INV04407,P009,B202604407,Cetirizine 10mg,Antiallergic,2025-10-17,2027-04-10,4242,19312,3189,20365,Chennai,Available
INV04408,P015,B202504408,Montelukast 10mg,Respiratory,2025-11-13,2027-05-07,5096,17142,2183,20055,Delhi,Available
INV04409,P016,B202604409,Salbutamol Inhaler,Respiratory,2026-01-16,2027-01-16,5334,4477,9110,701,Mumbai,Low Stock
INV04410,P009,B202504410,Cetirizine 10mg,Antiallergic,2026-05-30,2027-11-21,2342,17968,7776,12534,Delhi,Available
INV04411,P002,B202604411,Amoxicillin 500mg,Antibiotic,2025-09-27,2027-03-21,2990,11725,2940,11775,Mumbai,Available
INV04412,P017,B202504412,Levothyroxine 50mcg,Endocrine,2026-03-18,2027-09-09,2471,1109,1237,2343,Bangalore,Available
INV04413,P003,B202604413,Azithromycin 500mg,Antibiotic,2026-08-11,2029-08-10,5819,15717,5868,15668,Delhi,Available
INV04414,P019,B202504414,Vitamin D3 60000IU,Supplement,2025-02-17,2026-08-11,1630,16105,9871,7864,Chennai,Available
INV04415,P013,B202604415,Ciprofloxacin 500mg,Antibiotic,2025-10-14,2026-10-14,7859,17986,11590,14255,Mumbai,Available
INV04416,P005,B202504416,Atorvastatin 20mg,Cardiovascular,2026-01-28,2027-01-28,1072,16608,11483,6197,Mumbai,Available
INV04417,P011,B202604417,Insulin Glargine,Antidiabetic,2025-11-23,2026-11-23,2613,6670,7815,1468,Mumbai,Available
INV04418,P015,B202504418,Montelukast 10mg,Respiratory,2025-04-27,2028-04-26,8893,10030,2707,16216,Kolkata,Available
INV04419,P017,B202604419,Levothyroxine 50mcg,Endocrine,2025-11-03,2027-04-27,6404,8037,8090,6351,Chennai,Available
INV04420,P010,B202504420,Omeprazole 20mg,Gastrointestinal,2025-01-29,2027-01-29,8658,5243,11513,2388,Mumbai,Available
INV04421,P014,B202604421,Diclofenac 50mg,Analgesic,2026-02-26,2027-02-26,870,19027,8405,11492,Delhi,Available
INV04422,P007,B202504422,Ibuprofen 400mg,Analgesic,2025-03-06,2026-08-28,5703,14176,3828,16051,Hyderabad,Available
INV04423,P005,B202604423,Atorvastatin 20mg,Cardiovascular,2026-08-01,2028-07-31,9912,1119,5053,5978,Mumbai,Available
INV04424,P009,B202504424,Cetirizine 10mg,Antiallergic,2025-08-23,2026-08-23,805,15786,5286,11305,Bangalore,Available
INV04425,P007,B202604425,Ibuprofen 400mg,Analgesic,2026-07-14,2028-01-05,9911,4068,1469,12510,Delhi,Available
INV04426,P014,B202504426,Diclofenac 50mg,Analgesic,2026-08-12,2028-02-03,2401,11282,3683,10000,Hyderabad,Available
INV04427,P002,B202604427,Amoxicillin 500mg,Antibiotic,2026-03-11,2028-03-10,2082,11619,10624,3077,Chennai,Available
INV04428,P010,B202504428,Omeprazole 20mg,Gastrointestinal,2025-02-04,2027-02-04,5404,18514,6640,17278,Chennai,Available
INV04429,P011,B202604429,Insulin Glargine,Antidiabetic,2025-11-21,2027-05-15,4325,6622,5059,5888,Kolkata,Available
INV04430,P007,B202504430,Ibuprofen 400mg,Analgesic,2025-10-05,2028-10-04,1936,5804,3817,3923,Mumbai,Available
INV04431,P007,B202604431,Ibuprofen 400mg,Analgesic,2026-04-12,2027-10-04,3961,10100,10640,3421,Kolkata,Available
INV04432,P005,B202504432,Atorvastatin 20mg,Cardiovascular,2025-01-25,2026-01-25,4731,12946,615,17062,Delhi,Available
INV04433,P008,B202604433,Amlodipine 5mg,Cardiovascular,2026-07-14,2028-07-13,4520,12146,1627,15039,Mumbai,Available
INV04434,P007,B202504434,Ibuprofen 400mg,Analgesic,2025-04-19,2026-10-11,6571,12080,11568,7083,Hyderabad,Available
INV04435,P014,B202604435,Diclofenac 50mg,Analgesic,2025-11-27,2028-11-26,9127,14443,5085,18485,Delhi,Available
INV04436,P014,B202504436,Diclofenac 50mg,Analgesic,2026-04-29,2027-04-29,8794,16226,1057,23963,Hyderabad,Available
INV04437,P005,B202604437,Atorvastatin 20mg,Cardiovascular,2025-12-14,2026-12-14,3352,4594,535,7411,Mumbai,Available
INV04438,P007,B202504438,Ibuprofen 400mg,Analgesic,2025-10-30,2026-10-30,3220,17961,9661,11520,Hyderabad,Available
INV04439,P004,B202604439,Metformin 500mg,Antidiabetic,2026-08-08,2028-08-07,5177,14289,2653,16813,Mumbai,Available
INV04440,P008,B202504440,Amlodipine 5mg,Cardiovascular,2026-03-09,2027-03-09,5146,16840,2356,19630,Bangalore,Available
INV04441,P017,B202604441,Levothyroxine 50mcg,Endocrine,2026-06-09,2027-12-01,936,11273,3595,8614,Delhi,Available
INV04442,P003,B202504442,Azithromycin 500mg,Antibiotic,2026-04-29,2028-04-28,6630,10734,2642,14722,Kolkata,Available
INV04443,P006,B202604443,Pantoprazole 40mg,Gastrointestinal,2025-08-08,2028-08-07,887,3376,3247,1016,Mumbai,Available
INV04444,P012,B202504444,Losartan 50mg,Cardiovascular,2025-12-15,2028-12-14,6393,9097,6591,8899,Chennai,Available
INV04445,P008,B202604445,Amlodipine 5mg,Cardiovascular,2025-04-13,2026-10-05,9996,3131,2083,11044,Kolkata,Available
INV04446,P017,B202504446,Levothyroxine 50mcg,Endocrine,2025-03-12,2026-03-12,7063,15868,8808,14123,Kolkata,Available
INV04447,P011,B202604447,Insulin Glargine,Antidiabetic,2026-06-10,2028-06-09,5019,13092,5146,12965,Delhi,Available
INV04448,P017,B202504448,Levothyroxine 50mcg,Endocrine,2026-07-29,2028-07-28,554,12804,3023,10335,Hyderabad,Available
INV04449,P018,B202604449,Doxycycline 100mg,Antibiotic,2025-09-25,2028-09-24,4010,12530,7984,8556,Kolkata,Available
INV04450,P004,B202504450,Metformin 500mg,Antidiabetic,2025-12-03,2027-05-27,4906,17126,1630,20402,Delhi,Available
INV04451,P008,B202604451,Amlodipine 5mg,Cardiovascular,2026-06-22,2027-06-22,2709,2726,2391,3044,Bangalore,Available
INV04452,P011,B202504452,Insulin Glargine,Antidiabetic,2025-05-15,2026-11-06,6249,14006,734,19521,Bangalore,Available
INV04453,P007,B202604453,Ibuprofen 400mg,Analgesic,2025-11-08,2028-11-07,1818,2289,2584,1523,Kolkata,Available
INV04454,P017,B202504454,Levothyroxine 50mcg,Endocrine,2025-12-06,2026-12-06,5974,9682,5363,10293,Mumbai,Available
INV04455,P012,B202604455,Losartan 50mg,Cardiovascular,2026-03-09,2027-03-09,1209,1977,1293,1893,Delhi,Available
INV04456,P016,B202504456,Salbutamol Inhaler,Respiratory,2025-09-18,2027-09-18,9779,15247,8291,16735,Mumbai,Available
INV04457,P004,B202604457,Metformin 500mg,Antidiabetic,2026-07-07,2028-07-06,1234,10163,1039,10358,Kolkata,Available
INV04458,P011,B202504458,Insulin Glargine,Antidiabetic,2026-04-16,2027-10-08,687,13131,7837,5981,Hyderabad,Available
INV04459,P015,B202604459,Montelukast 10mg,Respiratory,2025-05-16,2027-05-16,7617,3611,3276,7952,Bangalore,Available
INV04460,P015,B202504460,Montelukast 10mg,Respiratory,2025-05-22,2027-05-22,4467,2583,6223,827,Chennai,Low Stock
INV04461,P006,B202604461,Pantoprazole 40mg,Gastrointestinal,2026-06-12,2028-06-11,8258,4384,106,12536,Bangalore,Available
INV04462,P011,B202504462,Insulin Glargine,Antidiabetic,2026-04-18,2029-04-17,9630,12376,7575,14431,Hyderabad,Available
INV04463,P001,B202604463,Paracetamol 500mg,Analgesic,2025-04-27,2026-04-27,7007,10559,9255,8311,Bangalore,Available
INV04464,P019,B202504464,Vitamin D3 60000IU,Supplement,2026-03-08,2029-03-07,6660,7446,7514,6592,Delhi,Available
INV04465,P004,B202604465,Metformin 500mg,Antidiabetic,2025-03-02,2027-03-02,1397,2906,307,3996,Delhi,Available
INV04466,P019,B202504466,Vitamin D3 60000IU,Supplement,2025-10-26,2026-10-26,5370,10164,7120,8414,Mumbai,Available
INV04467,P011,B202604467,Insulin Glargine,Antidiabetic,2025-07-14,2028-07-13,5608,6905,33,12480,Chennai,Available
INV04468,P008,B202504468,Amlodipine 5mg,Cardiovascular,2025-05-30,2026-11-21,5109,16263,6511,14861,Chennai,Available
INV04469,P013,B202604469,Ciprofloxacin 500mg,Antibiotic,2026-05-25,2027-05-25,4075,14593,1691,16977,Mumbai,Available
INV04470,P009,B202504470,Cetirizine 10mg,Antiallergic,2026-04-29,2029-04-28,1510,5072,5096,1486,Hyderabad,Available
INV04471,P010,B202604471,Omeprazole 20mg,Gastrointestinal,2026-07-21,2029-07-20,9525,3553,1790,11288,Hyderabad,Available
INV04472,P016,B202504472,Salbutamol Inhaler,Respiratory,2025-04-18,2026-10-10,8275,10352,11288,7339,Mumbai,Available
INV04473,P008,B202604473,Amlodipine 5mg,Cardiovascular,2026-08-05,2028-08-04,2254,13055,9277,6032,Kolkata,Available
INV04474,P001,B202504474,Paracetamol 500mg,Analgesic,2025-03-07,2027-03-07,7548,13401,4594,16355,Chennai,Available
INV04475,P012,B202604475,Losartan 50mg,Cardiovascular,2026-07-10,2028-01-01,7662,3731,8342,3051,Chennai,Available
INV04476,P006,B202504476,Pantoprazole 40mg,Gastrointestinal,2025-02-06,2028-02-06,1226,9900,12,11114,Mumbai,Available
INV04477,P017,B202604477,Levothyroxine 50mcg,Endocrine,2025-10-29,2026-10-29,4243,2754,4154,2843,Bangalore,Available
INV04478,P007,B202504478,Ibuprofen 400mg,Analgesic,2025-02-06,2026-02-06,1140,18632,9265,10507,Kolkata,Available
INV04479,P014,B202604479,Diclofenac 50mg,Analgesic,2025-10-25,2026-10-25,9641,18433,4989,23085,Hyderabad,Available
INV04480,P008,B202504480,Amlodipine 5mg,Cardiovascular,2025-08-25,2028-08-24,1135,13026,9223,4938,Chennai,Available
INV04481,P004,B202604481,Metformin 500mg,Antidiabetic,2025-09-05,2027-02-27,4366,2654,584,6436,Bangalore,Available
INV04482,P020,B202504482,Enoxaparin 40mg,Anticoagulant,2025-09-08,2026-09-08,8078,10391,4374,14095,Bangalore,Available
INV04483,P008,B202604483,Amlodipine 5mg,Cardiovascular,2026-01-24,2028-01-24,4213,12648,9212,7649,Kolkata,Available
INV04484,P011,B202504484,Insulin Glargine,Antidiabetic,2025-05-17,2026-05-17,1998,1204,1787,1415,Hyderabad,Available
INV04485,P005,B202604485,Atorvastatin 20mg,Cardiovascular,2026-03-11,2027-09-02,8371,3603,4087,7887,Bangalore,Available
INV04486,P011,B202504486,Insulin Glargine,Antidiabetic,2025-03-16,2026-03-16,7487,17729,6545,18671,Kolkata,Available
INV04487,P016,B202604487,Salbutamol Inhaler,Respiratory,2026-03-28,2029-03-27,1344,5411,2953,3802,Delhi,Available
INV04488,P020,B202504488,Enoxaparin 40mg,Anticoagulant,2025-03-01,2026-03-01,3333,13739,11421,5651,Kolkata,Available
INV04489,P015,B202604489,Montelukast 10mg,Respiratory,2026-04-09,2027-10-01,6284,4247,5336,5195,Hyderabad,Available
INV04490,P019,B202504490,Vitamin D3 60000IU,Supplement,2025-08-09,2027-01-31,4326,18125,11191,11260,Mumbai,Available
INV04491,P020,B202604491,Enoxaparin 40mg,Anticoagulant,2026-03-30,2029-03-29,9200,7318,6608,9910,Hyderabad,Available
INV04492,P007,B202504492,Ibuprofen 400mg,Analgesic,2025-10-06,2026-10-06,2544,16376,1989,16931,Delhi,Available
INV04493,P016,B202604493,Salbutamol Inhaler,Respiratory,2025-06-07,2026-11-29,8836,16874,11044,14666,Delhi,Available
INV04494,P018,B202504494,Doxycycline 100mg,Antibiotic,2025-08-28,2027-08-28,6839,19556,4419,21976,Kolkata,Available
INV04495,P011,B202604495,Insulin Glargine,Antidiabetic,2025-03-04,2027-03-04,9821,9615,6586,12850,Kolkata,Available
INV04496,P019,B202504496,Vitamin D3 60000IU,Supplement,2025-08-29,2028-08-28,6494,13304,8646,11152,Hyderabad,Available
INV04497,P007,B202604497,Ibuprofen 400mg,Analgesic,2025-01-17,2028-01-17,3129,13811,8230,8710,Chennai,Available
INV04498,P018,B202504498,Doxycycline 100mg,Antibiotic,2026-06-05,2027-06-05,8481,4951,7745,5687,Chennai,Available
INV04499,P002,B202604499,Amoxicillin 500mg,Antibiotic,2025-06-20,2028-06-19,1846,5405,594,6657,Hyderabad,Available
INV04500,P013,B202504500,Ciprofloxacin 500mg,Antibiotic,2026-05-20,2028-05-19,3203,17314,4408,16109,Hyderabad,Available
INV04501,P011,B202604501,Insulin Glargine,Antidiabetic,2025-03-24,2026-09-15,8092,12558,11859,8791,Chennai,Available
INV04502,P008,B202504502,Amlodipine 5mg,Cardiovascular,2026-04-06,2029-04-05,6493,15489,6040,15942,Kolkata,Available
INV04503,P005,B202604503,Atorvastatin 20mg,Cardiovascular,2025-09-12,2027-03-06,1462,12704,1420,12746,Hyderabad,Available
INV04504,P016,B202504504,Salbutamol Inhaler,Respiratory,2025-05-25,2028-05-24,966,9683,715,9934,Bangalore,Available
INV04505,P016,B202604505,Salbutamol Inhaler,Respiratory,2025-02-10,2028-02-10,6187,10168,11024,5331,Mumbai,Available
INV04506,P008,B202504506,Amlodipine 5mg,Cardiovascular,2025-09-03,2027-09-03,8549,11298,3372,16475,Kolkata,Available
INV04507,P012,B202604507,Losartan 50mg,Cardiovascular,2026-05-15,2027-11-06,2394,18946,8131,13209,Hyderabad,Available
INV04508,P017,B202504508,Levothyroxine 50mcg,Endocrine,2025-01-06,2028-01-06,5997,12209,160,18046,Hyderabad,Available
INV04509,P015,B202604509,Montelukast 10mg,Respiratory,2025-12-01,2026-12-01,6825,15182,3270,18737,Chennai,Available
INV04510,P020,B202504510,Enoxaparin 40mg,Anticoagulant,2025-10-17,2026-10-17,9639,18316,5482,22473,Mumbai,Available
INV04511,P017,B202604511,Levothyroxine 50mcg,Endocrine,2025-01-01,2026-06-25,5661,13427,7540,11548,Mumbai,Available
INV04512,P018,B202504512,Doxycycline 100mg,Antibiotic,2026-01-25,2028-01-25,9418,2788,8518,3688,Kolkata,Available
INV04513,P014,B202604513,Diclofenac 50mg,Analgesic,2025-12-06,2027-05-30,3079,11372,10787,3664,Mumbai,Available
INV04514,P003,B202504514,Azithromycin 500mg,Antibiotic,2025-10-18,2026-10-18,9393,11165,2566,17992,Delhi,Available
INV04515,P011,B202604515,Insulin Glargine,Antidiabetic,2025-11-03,2027-11-03,9326,17265,3154,23437,Hyderabad,Available
INV04516,P020,B202504516,Enoxaparin 40mg,Anticoagulant,2026-01-22,2027-01-22,5531,3252,261,8522,Hyderabad,Available
INV04517,P006,B202604517,Pantoprazole 40mg,Gastrointestinal,2025-02-17,2028-02-17,4663,11487,10385,5765,Kolkata,Available
INV04518,P017,B202504518,Levothyroxine 50mcg,Endocrine,2025-04-28,2027-04-28,9960,1140,9636,1464,Kolkata,Available
INV04519,P017,B202604519,Levothyroxine 50mcg,Endocrine,2025-08-26,2026-08-26,7451,12838,8723,11566,Hyderabad,Available
INV04520,P004,B202504520,Metformin 500mg,Antidiabetic,2026-06-25,2028-06-24,8588,18598,5511,21675,Hyderabad,Available
INV04521,P018,B202604521,Doxycycline 100mg,Antibiotic,2026-03-06,2028-03-05,9602,5679,4327,10954,Bangalore,Available
INV04522,P008,B202504522,Amlodipine 5mg,Cardiovascular,2025-09-25,2027-03-19,1933,16372,5871,12434,Mumbai,Available
INV04523,P018,B202604523,Doxycycline 100mg,Antibiotic,2025-10-19,2028-10-18,2612,17163,11861,7914,Chennai,Available
INV04524,P018,B202504524,Doxycycline 100mg,Antibiotic,2026-03-21,2028-03-20,7756,19251,7261,19746,Chennai,Available
INV04525,P002,B202604525,Amoxicillin 500mg,Antibiotic,2026-07-30,2029-07-29,2034,6504,1925,6613,Hyderabad,Available
INV04526,P018,B202504526,Doxycycline 100mg,Antibiotic,2025-10-06,2027-03-30,7901,8052,10630,5323,Chennai,Available
INV04527,P006,B202604527,Pantoprazole 40mg,Gastrointestinal,2026-01-14,2027-07-08,3769,18220,4774,17215,Bangalore,Available
INV04528,P009,B202504528,Cetirizine 10mg,Antiallergic,2025-11-07,2026-11-07,7556,5361,1109,11808,Delhi,Available
INV04529,P004,B202604529,Metformin 500mg,Antidiabetic,2026-04-15,2027-04-15,4481,1983,2478,3986,Kolkata,Available
INV04530,P014,B202504530,Diclofenac 50mg,Analgesic,2025-11-18,2026-11-18,3472,8234,6773,4933,Hyderabad,Available
INV04531,P020,B202604531,Enoxaparin 40mg,Anticoagulant,2026-01-26,2027-07-20,1567,12305,5374,8498,Chennai,Available
INV04532,P012,B202504532,Losartan 50mg,Cardiovascular,2026-01-20,2029-01-19,5489,14767,4308,15948,Kolkata,Available
INV04533,P009,B202604533,Cetirizine 10mg,Antiallergic,2026-02-12,2029-02-11,3817,2930,1563,5184,Hyderabad,Available
INV04534,P002,B202504534,Amoxicillin 500mg,Antibiotic,2025-11-23,2027-05-17,1422,3600,1373,3649,Mumbai,Available
INV04535,P020,B202604535,Enoxaparin 40mg,Anticoagulant,2026-02-26,2028-02-26,7075,16262,3818,19519,Bangalore,Available
INV04536,P011,B202504536,Insulin Glargine,Antidiabetic,2025-01-01,2026-01-01,7654,10557,8288,9923,Delhi,Available
INV04537,P011,B202604537,Insulin Glargine,Antidiabetic,2025-06-30,2026-06-30,2965,16163,11755,7373,Bangalore,Available
INV04538,P011,B202504538,Insulin Glargine,Antidiabetic,2025-10-10,2027-10-10,2712,1148,785,3075,Hyderabad,Available
INV04539,P002,B202604539,Amoxicillin 500mg,Antibiotic,2025-08-02,2027-08-02,9677,13488,2103,21062,Mumbai,Available
INV04540,P007,B202504540,Ibuprofen 400mg,Analgesic,2025-05-08,2028-05-07,6729,10141,5241,11629,Hyderabad,Available
INV04541,P009,B202604541,Cetirizine 10mg,Antiallergic,2026-01-16,2029-01-15,5215,4514,9315,414,Hyderabad,Low Stock
INV04542,P002,B202504542,Amoxicillin 500mg,Antibiotic,2025-11-23,2028-11-22,2947,6302,2675,6574,Chennai,Available
INV04543,P020,B202604543,Enoxaparin 40mg,Anticoagulant,2026-05-24,2027-05-24,8568,6883,10401,5050,Kolkata,Available
INV04544,P015,B202504544,Montelukast 10mg,Respiratory,2026-07-28,2027-07-28,6721,1986,5679,3028,Mumbai,Available
INV04545,P020,B202604545,Enoxaparin 40mg,Anticoagulant,2025-10-25,2028-10-24,3375,2422,4303,1494,Hyderabad,Available
INV04546,P015,B202504546,Montelukast 10mg,Respiratory,2025-10-06,2028-10-05,3850,8611,8886,3575,Chennai,Available
INV04547,P003,B202604547,Azithromycin 500mg,Antibiotic,2026-03-21,2027-09-12,9894,12990,9284,13600,Mumbai,Available
INV04548,P006,B202504548,Pantoprazole 40mg,Gastrointestinal,2026-04-17,2027-04-17,6014,19396,11895,13515,Chennai,Available
INV04549,P010,B202604549,Omeprazole 20mg,Gastrointestinal,2026-05-03,2027-05-03,8036,4609,8829,3816,Mumbai,Available
INV04550,P016,B202504550,Salbutamol Inhaler,Respiratory,2025-12-28,2028-12-27,7981,18369,1814,24536,Mumbai,Available
INV04551,P009,B202604551,Cetirizine 10mg,Antiallergic,2025-01-19,2026-01-19,867,15578,5360,11085,Chennai,Available
INV04552,P017,B202504552,Levothyroxine 50mcg,Endocrine,2025-01-22,2028-01-22,2644,8683,10908,419,Hyderabad,Low Stock
INV04553,P019,B202604553,Vitamin D3 60000IU,Supplement,2025-10-31,2026-10-31,8409,1842,6525,3726,Mumbai,Available
INV04554,P003,B202504554,Azithromycin 500mg,Antibiotic,2025-11-05,2027-04-29,1436,11553,526,12463,Delhi,Available
INV04555,P005,B202604555,Atorvastatin 20mg,Cardiovascular,2026-05-14,2029-05-13,9356,18817,1205,26968,Delhi,Available
INV04556,P005,B202504556,Atorvastatin 20mg,Cardiovascular,2025-02-28,2026-08-22,4578,6631,1279,9930,Mumbai,Available
INV04557,P004,B202604557,Metformin 500mg,Antidiabetic,2025-01-25,2026-07-19,1127,19354,10061,10420,Kolkata,Available
INV04558,P003,B202504558,Azithromycin 500mg,Antibiotic,2025-10-06,2028-10-05,5968,6824,9979,2813,Hyderabad,Available
INV04559,P020,B202604559,Enoxaparin 40mg,Anticoagulant,2025-03-02,2027-03-02,626,18372,4263,14735,Bangalore,Available
INV04560,P017,B202504560,Levothyroxine 50mcg,Endocrine,2026-08-04,2029-08-03,5114,2170,1659,5625,Bangalore,Available
INV04561,P001,B202604561,Paracetamol 500mg,Analgesic,2025-04-06,2027-04-06,7780,12112,2458,17434,Delhi,Available
INV04562,P005,B202504562,Atorvastatin 20mg,Cardiovascular,2025-10-04,2028-10-03,1778,17624,3252,16150,Chennai,Available
INV04563,P006,B202604563,Pantoprazole 40mg,Gastrointestinal,2025-04-09,2026-10-01,4121,10642,2834,11929,Kolkata,Available
INV04564,P014,B202504564,Diclofenac 50mg,Analgesic,2026-05-20,2029-05-19,7380,3700,6516,4564,Kolkata,Available
INV04565,P002,B202604565,Amoxicillin 500mg,Antibiotic,2025-10-05,2026-10-05,8053,18697,619,26131,Chennai,Available
INV04566,P008,B202504566,Amlodipine 5mg,Cardiovascular,2026-08-02,2027-08-02,2319,14651,9341,7629,Bangalore,Available
INV04567,P004,B202604567,Metformin 500mg,Antidiabetic,2025-07-22,2026-07-22,7927,13724,8988,12663,Mumbai,Available
INV04568,P013,B202504568,Ciprofloxacin 500mg,Antibiotic,2025-12-10,2027-12-10,4781,13374,7745,10410,Delhi,Available
INV04569,P018,B202604569,Doxycycline 100mg,Antibiotic,2025-07-29,2028-07-28,767,10237,4862,6142,Kolkata,Available
INV04570,P001,B202504570,Paracetamol 500mg,Analgesic,2025-05-11,2026-11-02,8247,9817,7668,10396,Hyderabad,Available
INV04571,P019,B202604571,Vitamin D3 60000IU,Supplement,2026-04-16,2027-04-16,7190,3459,5959,4690,Chennai,Available
INV04572,P019,B202504572,Vitamin D3 60000IU,Supplement,2025-02-12,2026-08-06,7059,5978,8551,4486,Hyderabad,Available
INV04573,P004,B202604573,Metformin 500mg,Antidiabetic,2025-11-23,2027-11-23,2451,17606,10427,9630,Bangalore,Available
INV04574,P007,B202504574,Ibuprofen 400mg,Analgesic,2025-11-30,2027-05-24,2922,11061,11554,2429,Hyderabad,Available
INV04575,P005,B202604575,Atorvastatin 20mg,Cardiovascular,2026-03-20,2028-03-19,7075,13281,9130,11226,Chennai,Available
INV04576,P013,B202504576,Ciprofloxacin 500mg,Antibiotic,2025-09-30,2027-03-24,3021,9529,7260,5290,Chennai,Available
INV04577,P016,B202604577,Salbutamol Inhaler,Respiratory,2025-08-15,2027-08-15,4654,7809,1964,10499,Hyderabad,Available
INV04578,P014,B202504578,Diclofenac 50mg,Analgesic,2025-05-10,2026-05-10,3083,19820,1797,21106,Bangalore,Available
INV04579,P009,B202604579,Cetirizine 10mg,Antiallergic,2025-08-18,2028-08-17,2759,8928,3397,8290,Hyderabad,Available
INV04580,P007,B202504580,Ibuprofen 400mg,Analgesic,2025-06-04,2027-06-04,8007,4358,5951,6414,Hyderabad,Available
INV04581,P018,B202604581,Doxycycline 100mg,Antibiotic,2025-03-02,2026-08-24,3649,7906,10876,679,Delhi,Low Stock
INV04582,P008,B202504582,Amlodipine 5mg,Cardiovascular,2026-04-30,2029-04-29,1875,9772,4800,6847,Mumbai,Available
INV04583,P007,B202604583,Ibuprofen 400mg,Analgesic,2026-05-10,2029-05-09,754,17277,10379,7652,Mumbai,Available
INV04584,P010,B202504584,Omeprazole 20mg,Gastrointestinal,2025-03-03,2026-08-25,2763,18230,1285,19708,Mumbai,Available
INV04585,P010,B202604585,Omeprazole 20mg,Gastrointestinal,2026-08-10,2029-08-09,9396,6893,3215,13074,Delhi,Available
INV04586,P007,B202504586,Ibuprofen 400mg,Analgesic,2025-01-10,2028-01-10,1401,4716,5770,347,Chennai,Low Stock
INV04587,P013,B202604587,Ciprofloxacin 500mg,Antibiotic,2025-03-19,2026-09-10,2453,13185,6006,9632,Mumbai,Available
INV04588,P015,B202504588,Montelukast 10mg,Respiratory,2026-04-12,2028-04-11,1505,12570,2520,11555,Hyderabad,Available
INV04589,P020,B202604589,Enoxaparin 40mg,Anticoagulant,2025-09-07,2028-09-06,2839,19475,3324,18990,Hyderabad,Available
INV04590,P007,B202504590,Ibuprofen 400mg,Analgesic,2025-04-15,2027-04-15,1868,4944,4783,2029,Bangalore,Available
INV04591,P009,B202604591,Cetirizine 10mg,Antiallergic,2026-02-20,2027-08-14,707,4002,4572,137,Chennai,Low Stock
INV04592,P008,B202504592,Amlodipine 5mg,Cardiovascular,2026-06-09,2027-06-09,949,17808,8091,10666,Delhi,Available
INV04593,P007,B202604593,Ibuprofen 400mg,Analgesic,2026-05-06,2028-05-05,4633,8230,4250,8613,Delhi,Available
INV04594,P014,B202504594,Diclofenac 50mg,Analgesic,2026-04-28,2027-10-20,2911,11568,7001,7478,Hyderabad,Available
INV04595,P002,B202604595,Amoxicillin 500mg,Antibiotic,2025-07-19,2026-07-19,1280,19353,9377,11256,Bangalore,Available
INV04596,P007,B202504596,Ibuprofen 400mg,Analgesic,2025-06-02,2028-06-01,4657,5935,6723,3869,Mumbai,Available
INV04597,P004,B202604597,Metformin 500mg,Antidiabetic,2025-07-03,2026-07-03,7092,19443,9701,16834,Mumbai,Available
INV04598,P010,B202504598,Omeprazole 20mg,Gastrointestinal,2025-02-06,2026-07-31,804,15151,10911,5044,Hyderabad,Available
INV04599,P014,B202604599,Diclofenac 50mg,Analgesic,2025-12-26,2027-06-19,7470,13915,3231,18154,Chennai,Available
INV04600,P014,B202504600,Diclofenac 50mg,Analgesic,2025-07-07,2027-07-07,6586,3231,1633,8184,Hyderabad,Available
INV04601,P001,B202604601,Paracetamol 500mg,Analgesic,2025-09-01,2027-02-23,7872,4258,6810,5320,Delhi,Available
INV04602,P009,B202504602,Cetirizine 10mg,Antiallergic,2026-06-29,2027-12-21,4375,1077,2239,3213,Bangalore,Available
INV04603,P020,B202604603,Enoxaparin 40mg,Anticoagulant,2025-05-25,2028-05-24,1608,6210,935,6883,Mumbai,Available
INV04604,P013,B202504604,Ciprofloxacin 500mg,Antibiotic,2025-09-09,2027-09-09,8160,1850,4247,5763,Delhi,Available
INV04605,P011,B202604605,Insulin Glargine,Antidiabetic,2025-03-29,2026-03-29,4084,13375,11877,5582,Mumbai,Available
INV04606,P011,B202504606,Insulin Glargine,Antidiabetic,2025-07-03,2026-07-03,4284,7605,1789,10100,Chennai,Available
INV04607,P006,B202604607,Pantoprazole 40mg,Gastrointestinal,2025-05-15,2026-11-06,9663,13091,5103,17651,Chennai,Available
INV04608,P001,B202504608,Paracetamol 500mg,Analgesic,2025-07-22,2027-07-22,5142,13848,8421,10569,Mumbai,Available
INV04609,P019,B202604609,Vitamin D3 60000IU,Supplement,2026-07-11,2028-01-02,9069,13177,1667,20579,Bangalore,Available
INV04610,P002,B202504610,Amoxicillin 500mg,Antibiotic,2025-05-08,2026-10-30,1156,12555,4935,8776,Delhi,Available
INV04611,P011,B202604611,Insulin Glargine,Antidiabetic,2025-06-12,2027-06-12,9536,7018,3688,12866,Delhi,Available
INV04612,P017,B202504612,Levothyroxine 50mcg,Endocrine,2025-11-15,2028-11-14,1203,2870,1655,2418,Hyderabad,Available
INV04613,P001,B202604613,Paracetamol 500mg,Analgesic,2025-05-10,2026-11-01,9237,15864,4213,20888,Kolkata,Available
INV04614,P017,B202504614,Levothyroxine 50mcg,Endocrine,2025-05-31,2026-11-22,9257,9687,4451,14493,Kolkata,Available
INV04615,P014,B202604615,Diclofenac 50mg,Analgesic,2025-09-22,2028-09-21,7576,7608,5092,10092,Bangalore,Available
INV04616,P003,B202504616,Azithromycin 500mg,Antibiotic,2026-07-27,2027-07-27,8450,4956,6499,6907,Chennai,Available
INV04617,P020,B202604617,Enoxaparin 40mg,Anticoagulant,2025-08-13,2028-08-12,4814,17476,1222,21068,Hyderabad,Available
INV04618,P013,B202504618,Ciprofloxacin 500mg,Antibiotic,2026-02-28,2029-02-27,3900,12869,7449,9320,Kolkata,Available
INV04619,P003,B202604619,Azithromycin 500mg,Antibiotic,2025-01-10,2027-01-10,648,4721,2685,2684,Hyderabad,Available
INV04620,P006,B202504620,Pantoprazole 40mg,Gastrointestinal,2025-07-27,2027-07-27,3975,16071,1908,18138,Bangalore,Available
INV04621,P004,B202604621,Metformin 500mg,Antidiabetic,2026-07-05,2027-12-27,784,6991,5353,2422,Mumbai,Available
INV04622,P008,B202504622,Amlodipine 5mg,Cardiovascular,2025-02-21,2027-02-21,2595,2855,3896,1554,Kolkata,Available
INV04623,P013,B202604623,Ciprofloxacin 500mg,Antibiotic,2026-07-17,2028-01-08,5434,7787,6115,7106,Kolkata,Available
INV04624,P013,B202504624,Ciprofloxacin 500mg,Antibiotic,2025-01-17,2027-01-17,4084,11327,6693,8718,Delhi,Available
INV04625,P018,B202604625,Doxycycline 100mg,Antibiotic,2026-05-31,2029-05-30,6305,6420,2350,10375,Kolkata,Available
INV04626,P019,B202504626,Vitamin D3 60000IU,Supplement,2025-01-23,2026-01-23,6954,4138,555,10537,Kolkata,Available
INV04627,P002,B202604627,Amoxicillin 500mg,Antibiotic,2025-05-09,2028-05-08,1450,16197,6744,10903,Delhi,Available
INV04628,P017,B202504628,Levothyroxine 50mcg,Endocrine,2025-01-13,2026-01-13,2357,10312,11547,1122,Bangalore,Available
INV04629,P009,B202604629,Cetirizine 10mg,Antiallergic,2025-09-15,2026-09-15,3767,4818,1177,7408,Delhi,Available
INV04630,P019,B202504630,Vitamin D3 60000IU,Supplement,2025-08-31,2027-08-31,6867,17018,9897,13988,Kolkata,Available
INV04631,P017,B202604631,Levothyroxine 50mcg,Endocrine,2026-07-13,2029-07-12,7607,10370,3683,14294,Delhi,Available
INV04632,P017,B202504632,Levothyroxine 50mcg,Endocrine,2026-03-29,2028-03-28,1223,6161,4262,3122,Mumbai,Available
INV04633,P010,B202604633,Omeprazole 20mg,Gastrointestinal,2025-06-30,2026-06-30,4929,9454,9376,5007,Bangalore,Available
INV04634,P010,B202504634,Omeprazole 20mg,Gastrointestinal,2026-05-28,2027-11-19,3505,2660,3542,2623,Kolkata,Available
INV04635,P010,B202604635,Omeprazole 20mg,Gastrointestinal,2025-09-08,2027-09-08,4698,8574,9165,4107,Hyderabad,Available
INV04636,P017,B202504636,Levothyroxine 50mcg,Endocrine,2025-06-10,2027-06-10,2877,13015,5210,10682,Hyderabad,Available
INV04637,P015,B202604637,Montelukast 10mg,Respiratory,2026-07-16,2027-07-16,5895,14652,8635,11912,Hyderabad,Available
INV04638,P003,B202504638,Azithromycin 500mg,Antibiotic,2025-11-05,2027-11-05,3250,8010,5991,5269,Mumbai,Available
INV04639,P010,B202604639,Omeprazole 20mg,Gastrointestinal,2026-02-14,2029-02-13,8065,1155,3221,5999,Bangalore,Available
INV04640,P018,B202504640,Doxycycline 100mg,Antibiotic,2026-01-22,2027-01-22,8472,11695,617,19550,Bangalore,Available
INV04641,P017,B202604641,Levothyroxine 50mcg,Endocrine,2025-06-23,2027-06-23,9007,6493,138,15362,Bangalore,Available
INV04642,P019,B202504642,Vitamin D3 60000IU,Supplement,2025-12-26,2027-06-19,1247,14220,475,14992,Bangalore,Available
INV04643,P012,B202604643,Losartan 50mg,Cardiovascular,2026-01-20,2028-01-20,9140,6114,6662,8592,Hyderabad,Available
INV04644,P008,B202504644,Amlodipine 5mg,Cardiovascular,2025-04-01,2028-03-31,7185,14542,1706,20021,Bangalore,Available
INV04645,P016,B202604645,Salbutamol Inhaler,Respiratory,2026-02-04,2027-02-04,6814,19621,9023,17412,Hyderabad,Available
INV04646,P007,B202504646,Ibuprofen 400mg,Analgesic,2026-03-28,2027-09-19,7499,19241,4866,21874,Delhi,Available
INV04647,P010,B202604647,Omeprazole 20mg,Gastrointestinal,2025-11-02,2026-11-02,9876,11275,2754,18397,Delhi,Available
INV04648,P008,B202504648,Amlodipine 5mg,Cardiovascular,2026-05-09,2029-05-08,4130,14549,397,18282,Kolkata,Available
INV04649,P011,B202604649,Insulin Glargine,Antidiabetic,2026-01-28,2028-01-28,3474,14108,4772,12810,Chennai,Available
INV04650,P002,B202504650,Amoxicillin 500mg,Antibiotic,2025-03-29,2028-03-28,7491,3444,2337,8598,Delhi,Available
INV04651,P001,B202604651,Paracetamol 500mg,Analgesic,2025-08-29,2027-02-20,1775,6697,2482,5990,Bangalore,Available
INV04652,P013,B202504652,Ciprofloxacin 500mg,Antibiotic,2025-06-13,2026-06-13,710,19354,1419,18645,Kolkata,Available
INV04653,P004,B202604653,Metformin 500mg,Antidiabetic,2025-02-20,2027-02-20,8750,2360,3650,7460,Chennai,Available
INV04654,P002,B202504654,Amoxicillin 500mg,Antibiotic,2025-04-12,2026-10-04,8163,16369,8513,16019,Delhi,Available
INV04655,P001,B202604655,Paracetamol 500mg,Analgesic,2025-05-24,2028-05-23,7332,5579,8494,4417,Chennai,Available
INV04656,P015,B202504656,Montelukast 10mg,Respiratory,2026-08-12,2028-08-11,1068,16560,179,17449,Delhi,Available
INV04657,P016,B202604657,Salbutamol Inhaler,Respiratory,2025-03-17,2028-03-16,8198,13424,3885,17737,Hyderabad,Available
INV04658,P015,B202504658,Montelukast 10mg,Respiratory,2025-04-05,2027-04-05,2111,7382,4808,4685,Bangalore,Available
INV04659,P016,B202604659,Salbutamol Inhaler,Respiratory,2026-02-21,2027-02-21,8566,14620,10059,13127,Delhi,Available
INV04660,P013,B202504660,Ciprofloxacin 500mg,Antibiotic,2025-08-19,2026-08-19,2736,7008,2835,6909,Chennai,Available
INV04661,P011,B202604661,Insulin Glargine,Antidiabetic,2025-09-04,2027-09-04,7459,18764,3713,22510,Hyderabad,Available
INV04662,P001,B202504662,Paracetamol 500mg,Analgesic,2025-04-06,2027-04-06,8188,12418,11901,8705,Delhi,Available
INV04663,P018,B202604663,Doxycycline 100mg,Antibiotic,2025-06-10,2026-12-02,8205,13558,5850,15913,Kolkata,Available
INV04664,P016,B202504664,Salbutamol Inhaler,Respiratory,2025-06-27,2027-06-27,4262,8905,9661,3506,Chennai,Available
INV04665,P001,B202604665,Paracetamol 500mg,Analgesic,2025-12-11,2027-12-11,5352,6699,7783,4268,Kolkata,Available
INV04666,P002,B202504666,Amoxicillin 500mg,Antibiotic,2025-12-28,2028-12-27,4305,7366,2890,8781,Hyderabad,Available
INV04667,P008,B202604667,Amlodipine 5mg,Cardiovascular,2026-04-09,2027-04-09,2696,19978,11950,10724,Hyderabad,Available
INV04668,P009,B202504668,Cetirizine 10mg,Antiallergic,2025-08-31,2027-02-22,1952,2179,2536,1595,Bangalore,Available
INV04669,P013,B202604669,Ciprofloxacin 500mg,Antibiotic,2025-02-27,2026-02-27,547,8559,2978,6128,Hyderabad,Available
INV04670,P007,B202504670,Ibuprofen 400mg,Analgesic,2026-07-17,2028-01-08,8188,5425,5798,7815,Bangalore,Available
INV04671,P006,B202604671,Pantoprazole 40mg,Gastrointestinal,2025-02-12,2026-02-12,2230,4020,1979,4271,Chennai,Available
INV04672,P003,B202504672,Azithromycin 500mg,Antibiotic,2026-01-02,2027-06-26,4326,18523,5579,17270,Hyderabad,Available
INV04673,P005,B202604673,Atorvastatin 20mg,Cardiovascular,2025-04-12,2028-04-11,6816,6087,5891,7012,Delhi,Available
INV04674,P001,B202504674,Paracetamol 500mg,Analgesic,2026-06-30,2029-06-29,5586,14592,1309,18869,Kolkata,Available
INV04675,P013,B202604675,Ciprofloxacin 500mg,Antibiotic,2026-07-17,2029-07-16,6050,6478,8232,4296,Delhi,Available
INV04676,P009,B202504676,Cetirizine 10mg,Antiallergic,2026-03-03,2029-03-02,2128,11503,9342,4289,Hyderabad,Available
INV04677,P007,B202604677,Ibuprofen 400mg,Analgesic,2025-01-06,2026-06-30,6071,19459,6305,19225,Hyderabad,Available
INV04678,P017,B202504678,Levothyroxine 50mcg,Endocrine,2025-04-23,2026-04-23,5452,16493,2549,19396,Bangalore,Available
INV04679,P015,B202604679,Montelukast 10mg,Respiratory,2025-12-19,2027-12-19,4270,3250,2493,5027,Mumbai,Available
INV04680,P009,B202504680,Cetirizine 10mg,Antiallergic,2026-06-18,2027-06-18,3462,4485,4535,3412,Chennai,Available
INV04681,P018,B202604681,Doxycycline 100mg,Antibiotic,2025-05-17,2026-11-08,7501,1871,6667,2705,Bangalore,Available
INV04682,P001,B202504682,Paracetamol 500mg,Analgesic,2025-03-09,2028-03-08,6969,15998,8282,14685,Chennai,Available
INV04683,P010,B202604683,Omeprazole 20mg,Gastrointestinal,2026-05-01,2027-05-01,6034,15347,11921,9460,Mumbai,Available
INV04684,P004,B202504684,Metformin 500mg,Antidiabetic,2026-03-09,2027-03-09,7878,14379,8293,13964,Hyderabad,Available
INV04685,P003,B202604685,Azithromycin 500mg,Antibiotic,2025-12-31,2027-06-24,4221,4567,2931,5857,Chennai,Available
INV04686,P018,B202504686,Doxycycline 100mg,Antibiotic,2025-07-29,2026-07-29,821,4590,52,5359,Chennai,Available
INV04687,P013,B202604687,Ciprofloxacin 500mg,Antibiotic,2026-04-15,2027-10-07,8406,4223,2774,9855,Kolkata,Available
INV04688,P018,B202504688,Doxycycline 100mg,Antibiotic,2025-12-26,2027-12-26,7156,16641,2775,21022,Bangalore,Available
INV04689,P004,B202604689,Metformin 500mg,Antidiabetic,2025-08-03,2026-08-03,5486,3624,5256,3854,Chennai,Available
INV04690,P002,B202504690,Amoxicillin 500mg,Antibiotic,2025-06-22,2027-06-22,1129,13644,9043,5730,Mumbai,Available
INV04691,P001,B202604691,Paracetamol 500mg,Analgesic,2025-10-28,2028-10-27,3279,17137,10446,9970,Hyderabad,Available
INV04692,P012,B202504692,Losartan 50mg,Cardiovascular,2025-01-26,2027-01-26,8856,18943,2395,25404,Delhi,Available
INV04693,P002,B202604693,Amoxicillin 500mg,Antibiotic,2025-06-17,2028-06-16,6597,8449,11540,3506,Chennai,Available
INV04694,P001,B202504694,Paracetamol 500mg,Analgesic,2025-02-17,2027-02-17,8829,3980,6460,6349,Chennai,Available
INV04695,P018,B202604695,Doxycycline 100mg,Antibiotic,2026-01-20,2029-01-19,9402,16847,8035,18214,Kolkata,Available
INV04696,P001,B202504696,Paracetamol 500mg,Analgesic,2025-02-23,2027-02-23,6875,18170,8141,16904,Hyderabad,Available
INV04697,P019,B202604697,Vitamin D3 60000IU,Supplement,2025-02-19,2026-02-19,7339,19304,6030,20613,Bangalore,Available
INV04698,P001,B202504698,Paracetamol 500mg,Analgesic,2026-08-11,2028-02-02,6574,7208,2574,11208,Chennai,Available
INV04699,P015,B202604699,Montelukast 10mg,Respiratory,2025-10-10,2027-10-10,5128,12235,9680,7683,Chennai,Available
INV04700,P006,B202504700,Pantoprazole 40mg,Gastrointestinal,2025-05-29,2027-05-29,6630,7983,10064,4549,Mumbai,Available
INV04701,P007,B202604701,Ibuprofen 400mg,Analgesic,2025-11-30,2026-11-30,7109,18043,11343,13809,Mumbai,Available
INV04702,P006,B202504702,Pantoprazole 40mg,Gastrointestinal,2025-10-15,2026-10-15,6844,9147,1462,14529,Delhi,Available
INV04703,P015,B202604703,Montelukast 10mg,Respiratory,2025-05-17,2026-11-08,8960,14488,9586,13862,Mumbai,Available
INV04704,P010,B202504704,Omeprazole 20mg,Gastrointestinal,2025-10-26,2027-04-19,1870,1774,3033,611,Delhi,Low Stock
INV04705,P011,B202604705,Insulin Glargine,Antidiabetic,2025-12-24,2027-06-17,8971,9930,6013,12888,Delhi,Available
INV04706,P004,B202504706,Metformin 500mg,Antidiabetic,2025-04-15,2026-04-15,2914,4037,1558,5393,Kolkata,Available
INV04707,P008,B202604707,Amlodipine 5mg,Cardiovascular,2026-04-22,2027-10-14,8336,15309,10086,13559,Hyderabad,Available
INV04708,P002,B202504708,Amoxicillin 500mg,Antibiotic,2025-07-04,2027-07-04,6716,14383,11921,9178,Hyderabad,Available
INV04709,P009,B202604709,Cetirizine 10mg,Antiallergic,2025-10-22,2026-10-22,6793,1929,7827,895,Bangalore,Low Stock
INV04710,P003,B202504710,Azithromycin 500mg,Antibiotic,2025-04-15,2028-04-14,8684,18526,9999,17211,Kolkata,Available
INV04711,P010,B202604711,Omeprazole 20mg,Gastrointestinal,2025-01-03,2026-06-27,2599,5650,5702,2547,Hyderabad,Available
INV04712,P007,B202504712,Ibuprofen 400mg,Analgesic,2025-08-24,2026-08-24,7163,15496,6702,15957,Bangalore,Available
INV04713,P016,B202604713,Salbutamol Inhaler,Respiratory,2025-09-25,2027-03-19,9502,17329,5283,21548,Mumbai,Available
INV04714,P019,B202504714,Vitamin D3 60000IU,Supplement,2025-04-25,2026-10-17,5919,7587,3787,9719,Bangalore,Available
INV04715,P006,B202604715,Pantoprazole 40mg,Gastrointestinal,2025-08-03,2028-08-02,3701,4062,6572,1191,Mumbai,Available
INV04716,P019,B202504716,Vitamin D3 60000IU,Supplement,2025-03-07,2026-03-07,9257,2866,102,12021,Delhi,Available
INV04717,P007,B202604717,Ibuprofen 400mg,Analgesic,2025-10-18,2027-04-11,3320,10142,3119,10343,Hyderabad,Available
INV04718,P005,B202504718,Atorvastatin 20mg,Cardiovascular,2025-03-13,2027-03-13,5711,1332,3236,3807,Chennai,Available
INV04719,P001,B202604719,Paracetamol 500mg,Analgesic,2025-06-30,2028-06-29,4555,1314,3093,2776,Mumbai,Available
INV04720,P005,B202504720,Atorvastatin 20mg,Cardiovascular,2025-02-14,2028-02-14,8222,13960,211,21971,Kolkata,Available
INV04721,P010,B202604721,Omeprazole 20mg,Gastrointestinal,2025-10-13,2028-10-12,4608,5488,2394,7702,Kolkata,Available
INV04722,P011,B202504722,Insulin Glargine,Antidiabetic,2025-12-14,2027-12-14,2595,8978,11013,560,Bangalore,Low Stock
INV04723,P020,B202604723,Enoxaparin 40mg,Anticoagulant,2025-06-13,2026-12-05,635,13610,3829,10416,Mumbai,Available
INV04724,P012,B202504724,Losartan 50mg,Cardiovascular,2026-01-16,2029-01-15,5780,4380,7148,3012,Bangalore,Available
INV04725,P017,B202604725,Levothyroxine 50mcg,Endocrine,2025-06-27,2027-06-27,1989,8727,7453,3263,Delhi,Available
INV04726,P001,B202504726,Paracetamol 500mg,Analgesic,2025-01-21,2028-01-21,5524,17258,872,21910,Mumbai,Available
INV04727,P012,B202604727,Losartan 50mg,Cardiovascular,2026-07-07,2028-07-06,6467,6575,11926,1116,Hyderabad,Available
INV04728,P006,B202504728,Pantoprazole 40mg,Gastrointestinal,2026-03-11,2029-03-10,8641,4424,9785,3280,Mumbai,Available
INV04729,P005,B202604729,Atorvastatin 20mg,Cardiovascular,2026-07-16,2029-07-15,4020,1497,1157,4360,Delhi,Available
INV04730,P002,B202504730,Amoxicillin 500mg,Antibiotic,2025-05-17,2026-05-17,9545,7749,4561,12733,Mumbai,Available
INV04731,P001,B202604731,Paracetamol 500mg,Analgesic,2025-11-22,2028-11-21,8229,5763,160,13832,Chennai,Available
INV04732,P017,B202504732,Levothyroxine 50mcg,Endocrine,2026-07-08,2028-07-07,4998,15373,8285,12086,Chennai,Available
INV04733,P006,B202604733,Pantoprazole 40mg,Gastrointestinal,2026-06-26,2027-06-26,1387,13441,6858,7970,Delhi,Available
INV04734,P019,B202504734,Vitamin D3 60000IU,Supplement,2026-06-07,2028-06-06,2064,2835,684,4215,Delhi,Available
INV04735,P015,B202604735,Montelukast 10mg,Respiratory,2026-04-25,2027-04-25,3111,7422,6662,3871,Bangalore,Available
INV04736,P017,B202504736,Levothyroxine 50mcg,Endocrine,2025-02-18,2027-02-18,9363,4689,8248,5804,Delhi,Available
INV04737,P017,B202604737,Levothyroxine 50mcg,Endocrine,2025-12-19,2028-12-18,4327,4115,5738,2704,Kolkata,Available
INV04738,P009,B202504738,Cetirizine 10mg,Antiallergic,2026-05-07,2029-05-06,6633,16041,6756,15918,Chennai,Available
INV04739,P007,B202604739,Ibuprofen 400mg,Analgesic,2025-11-12,2026-11-12,2365,12003,8693,5675,Bangalore,Available
INV04740,P002,B202504740,Amoxicillin 500mg,Antibiotic,2025-01-04,2027-01-04,3685,2006,4517,1174,Delhi,Available
INV04741,P001,B202604741,Paracetamol 500mg,Analgesic,2026-02-16,2029-02-15,4482,19044,5003,18523,Bangalore,Available
INV04742,P003,B202504742,Azithromycin 500mg,Antibiotic,2025-02-10,2026-08-04,4156,9441,5768,7829,Kolkata,Available
INV04743,P001,B202604743,Paracetamol 500mg,Analgesic,2026-06-23,2027-06-23,9559,3567,1203,11923,Bangalore,Available
INV04744,P006,B202504744,Pantoprazole 40mg,Gastrointestinal,2026-07-19,2028-01-10,2069,13193,6096,9166,Chennai,Available
INV04745,P015,B202604745,Montelukast 10mg,Respiratory,2026-04-17,2027-04-17,5211,12983,6679,11515,Kolkata,Available
INV04746,P020,B202504746,Enoxaparin 40mg,Anticoagulant,2026-05-03,2027-05-03,5525,16272,3219,18578,Chennai,Available
INV04747,P005,B202604747,Atorvastatin 20mg,Cardiovascular,2025-03-26,2026-03-26,9302,19912,10265,18949,Hyderabad,Available
INV04748,P016,B202504748,Salbutamol Inhaler,Respiratory,2025-05-11,2026-05-11,2958,3653,4234,2377,Chennai,Available
INV04749,P001,B202604749,Paracetamol 500mg,Analgesic,2025-03-06,2026-08-28,1576,16736,4803,13509,Mumbai,Available
INV04750,P001,B202504750,Paracetamol 500mg,Analgesic,2026-02-25,2028-02-25,7686,11264,3234,15716,Bangalore,Available
INV04751,P007,B202604751,Ibuprofen 400mg,Analgesic,2025-11-23,2026-11-23,1013,5122,433,5702,Bangalore,Available
INV04752,P010,B202504752,Omeprazole 20mg,Gastrointestinal,2026-03-24,2027-09-15,1367,7441,313,8495,Delhi,Available
INV04753,P005,B202604753,Atorvastatin 20mg,Cardiovascular,2025-08-21,2028-08-20,6076,15532,4197,17411,Kolkata,Available
INV04754,P015,B202504754,Montelukast 10mg,Respiratory,2025-11-06,2027-11-06,6421,4040,2632,7829,Chennai,Available
INV04755,P009,B202604755,Cetirizine 10mg,Antiallergic,2026-04-16,2028-04-15,1125,13632,7320,7437,Mumbai,Available
INV04756,P016,B202504756,Salbutamol Inhaler,Respiratory,2025-07-30,2026-07-30,1651,18132,4513,15270,Mumbai,Available
INV04757,P007,B202604757,Ibuprofen 400mg,Analgesic,2026-03-19,2028-03-18,9041,17996,11876,15161,Hyderabad,Available
INV04758,P012,B202504758,Losartan 50mg,Cardiovascular,2025-07-27,2027-07-27,7608,5782,10317,3073,Hyderabad,Available
INV04759,P020,B202604759,Enoxaparin 40mg,Anticoagulant,2026-05-26,2027-05-26,4283,8379,9870,2792,Chennai,Available
INV04760,P002,B202504760,Amoxicillin 500mg,Antibiotic,2026-05-20,2027-05-20,4012,4231,1298,6945,Delhi,Available
INV04761,P002,B202604761,Amoxicillin 500mg,Antibiotic,2025-02-18,2028-02-18,3767,13317,11835,5249,Bangalore,Available
INV04762,P016,B202504762,Salbutamol Inhaler,Respiratory,2025-03-07,2028-03-06,3407,3567,1595,5379,Mumbai,Available
INV04763,P015,B202604763,Montelukast 10mg,Respiratory,2026-02-13,2028-02-13,705,19531,5208,15028,Bangalore,Available
INV04764,P019,B202504764,Vitamin D3 60000IU,Supplement,2026-04-21,2027-04-21,4650,18219,8192,14677,Hyderabad,Available
INV04765,P015,B202604765,Montelukast 10mg,Respiratory,2025-04-24,2026-10-16,2356,14174,11176,5354,Bangalore,Available
INV04766,P013,B202504766,Ciprofloxacin 500mg,Antibiotic,2025-05-30,2028-05-29,1823,7962,2014,7771,Kolkata,Available
INV04767,P002,B202604767,Amoxicillin 500mg,Antibiotic,2025-12-16,2026-12-16,6199,15591,9028,12762,Bangalore,Available
INV04768,P016,B202504768,Salbutamol Inhaler,Respiratory,2025-06-28,2027-06-28,9657,3259,4352,8564,Kolkata,Available
INV04769,P003,B202604769,Azithromycin 500mg,Antibiotic,2025-06-06,2027-06-06,9964,6599,4626,11937,Chennai,Available
INV04770,P003,B202504770,Azithromycin 500mg,Antibiotic,2025-07-16,2027-01-07,4310,11897,2659,13548,Mumbai,Available
INV04771,P019,B202604771,Vitamin D3 60000IU,Supplement,2026-05-13,2029-05-12,6981,12063,2561,16483,Bangalore,Available
INV04772,P011,B202504772,Insulin Glargine,Antidiabetic,2025-08-31,2028-08-30,591,17934,2046,16479,Mumbai,Available
INV04773,P008,B202604773,Amlodipine 5mg,Cardiovascular,2026-07-09,2028-07-08,841,17208,8120,9929,Bangalore,Available
INV04774,P016,B202504774,Salbutamol Inhaler,Respiratory,2025-01-21,2026-07-15,2040,1208,1817,1431,Chennai,Available
INV04775,P010,B202604775,Omeprazole 20mg,Gastrointestinal,2025-07-25,2027-07-25,1942,1949,611,3280,Bangalore,Available
INV04776,P016,B202504776,Salbutamol Inhaler,Respiratory,2026-01-01,2027-01-01,5914,10198,1335,14777,Kolkata,Available
INV04777,P019,B202604777,Vitamin D3 60000IU,Supplement,2026-04-01,2029-03-31,5698,16273,6339,15632,Bangalore,Available
INV04778,P004,B202504778,Metformin 500mg,Antidiabetic,2026-05-28,2027-11-19,7430,3753,5008,6175,Bangalore,Available
INV04779,P005,B202604779,Atorvastatin 20mg,Cardiovascular,2025-03-07,2026-03-07,6263,1103,1425,5941,Chennai,Available
INV04780,P003,B202504780,Azithromycin 500mg,Antibiotic,2025-11-30,2028-11-29,7911,3318,1656,9573,Chennai,Available
INV04781,P007,B202604781,Ibuprofen 400mg,Analgesic,2025-09-08,2027-03-02,6001,9534,280,15255,Bangalore,Available
INV04782,P001,B202504782,Paracetamol 500mg,Analgesic,2025-06-08,2028-06-07,9733,10033,326,19440,Bangalore,Available
INV04783,P017,B202604783,Levothyroxine 50mcg,Endocrine,2025-07-26,2028-07-25,5310,17705,1626,21389,Kolkata,Available
INV04784,P011,B202504784,Insulin Glargine,Antidiabetic,2025-09-20,2027-09-20,3608,12454,9241,6821,Chennai,Available
INV04785,P020,B202604785,Enoxaparin 40mg,Anticoagulant,2025-09-05,2028-09-04,8942,1337,4879,5400,Chennai,Available
INV04786,P010,B202504786,Omeprazole 20mg,Gastrointestinal,2025-03-02,2027-03-02,4358,12733,16,17075,Bangalore,Available
INV04787,P013,B202604787,Ciprofloxacin 500mg,Antibiotic,2026-08-13,2028-08-12,9456,17098,3375,23179,Bangalore,Available
INV04788,P012,B202504788,Losartan 50mg,Cardiovascular,2026-01-08,2029-01-07,5450,18489,10128,13811,Delhi,Available
INV04789,P012,B202604789,Losartan 50mg,Cardiovascular,2025-01-12,2028-01-12,6967,18028,1117,23878,Bangalore,Available
INV04790,P014,B202504790,Diclofenac 50mg,Analgesic,2025-10-21,2027-10-21,4629,13173,7902,9900,Hyderabad,Available
INV04791,P016,B202604791,Salbutamol Inhaler,Respiratory,2025-10-24,2027-10-24,6371,15145,3603,17913,Bangalore,Available
INV04792,P004,B202504792,Metformin 500mg,Antidiabetic,2026-08-03,2027-08-03,2869,17303,2829,17343,Mumbai,Available
INV04793,P008,B202604793,Amlodipine 5mg,Cardiovascular,2026-02-01,2028-02-01,5391,10529,10010,5910,Delhi,Available
INV04794,P011,B202504794,Insulin Glargine,Antidiabetic,2026-06-17,2027-06-17,8418,4761,3980,9199,Bangalore,Available
INV04795,P012,B202604795,Losartan 50mg,Cardiovascular,2026-05-14,2027-11-05,6801,8467,9111,6157,Kolkata,Available
INV04796,P015,B202504796,Montelukast 10mg,Respiratory,2025-07-24,2028-07-23,860,19753,10075,10538,Delhi,Available
INV04797,P013,B202604797,Ciprofloxacin 500mg,Antibiotic,2025-06-01,2026-11-23,1463,7437,5249,3651,Mumbai,Available
INV04798,P016,B202504798,Salbutamol Inhaler,Respiratory,2026-05-27,2028-05-26,3738,6767,5743,4762,Chennai,Available
INV04799,P003,B202604799,Azithromycin 500mg,Antibiotic,2025-09-26,2027-03-20,3222,5517,7351,1388,Mumbai,Available
INV04800,P012,B202504800,Losartan 50mg,Cardiovascular,2025-01-23,2026-07-17,2624,7243,8305,1562,Delhi,Available
INV04801,P019,B202604801,Vitamin D3 60000IU,Supplement,2025-09-11,2028-09-10,2025,16491,7326,11190,Bangalore,Available
INV04802,P014,B202504802,Diclofenac 50mg,Analgesic,2025-10-15,2026-10-15,8547,11201,7279,12469,Delhi,Available
INV04803,P002,B202604803,Amoxicillin 500mg,Antibiotic,2025-07-19,2027-07-19,3718,17879,3812,17785,Mumbai,Available
INV04804,P009,B202504804,Cetirizine 10mg,Antiallergic,2025-01-12,2028-01-12,1788,9911,10621,1078,Kolkata,Available
INV04805,P005,B202604805,Atorvastatin 20mg,Cardiovascular,2025-08-14,2027-08-14,7143,5750,6588,6305,Kolkata,Available
INV04806,P016,B202504806,Salbutamol Inhaler,Respiratory,2026-05-09,2029-05-08,8683,10722,11691,7714,Mumbai,Available
INV04807,P015,B202604807,Montelukast 10mg,Respiratory,2026-07-20,2027-07-20,9370,16616,11964,14022,Chennai,Available
INV04808,P004,B202504808,Metformin 500mg,Antidiabetic,2025-07-01,2026-07-01,6275,9309,5696,9888,Chennai,Available
INV04809,P017,B202604809,Levothyroxine 50mcg,Endocrine,2025-02-13,2028-02-13,4049,15289,6978,12360,Mumbai,Available
INV04810,P005,B202504810,Atorvastatin 20mg,Cardiovascular,2025-04-24,2027-04-24,3553,5361,51,8863,Kolkata,Available
INV04811,P008,B202604811,Amlodipine 5mg,Cardiovascular,2025-07-28,2027-01-19,6187,10156,6530,9813,Hyderabad,Available
INV04812,P006,B202504812,Pantoprazole 40mg,Gastrointestinal,2026-06-02,2027-11-24,9744,17074,8541,18277,Delhi,Available
INV04813,P017,B202604813,Levothyroxine 50mcg,Endocrine,2025-02-03,2026-07-28,7274,3055,1884,8445,Bangalore,Available
INV04814,P010,B202504814,Omeprazole 20mg,Gastrointestinal,2025-11-21,2027-05-15,1021,10243,10004,1260,Bangalore,Available
INV04815,P016,B202604815,Salbutamol Inhaler,Respiratory,2025-06-13,2026-06-13,982,1241,922,1301,Mumbai,Available
INV04816,P013,B202504816,Ciprofloxacin 500mg,Antibiotic,2025-02-18,2027-02-18,7528,2226,6585,3169,Bangalore,Available
INV04817,P009,B202604817,Cetirizine 10mg,Antiallergic,2026-02-01,2029-01-31,5546,9273,10001,4818,Hyderabad,Available
INV04818,P005,B202504818,Atorvastatin 20mg,Cardiovascular,2025-10-07,2026-10-07,711,7878,1310,7279,Delhi,Available
INV04819,P011,B202604819,Insulin Glargine,Antidiabetic,2025-10-19,2027-04-12,1436,8648,718,9366,Mumbai,Available
INV04820,P014,B202504820,Diclofenac 50mg,Analgesic,2026-08-15,2028-02-06,3009,13720,11015,5714,Hyderabad,Available
INV04821,P017,B202604821,Levothyroxine 50mcg,Endocrine,2025-07-08,2027-07-08,2493,5979,8335,137,Mumbai,Low Stock
INV04822,P001,B202504822,Paracetamol 500mg,Analgesic,2026-04-09,2027-04-09,1551,16890,4183,14258,Bangalore,Available
INV04823,P020,B202604823,Enoxaparin 40mg,Anticoagulant,2025-06-18,2027-06-18,2996,12041,8364,6673,Chennai,Available
INV04824,P009,B202504824,Cetirizine 10mg,Antiallergic,2026-01-05,2029-01-04,8483,15201,4796,18888,Delhi,Available
INV04825,P020,B202604825,Enoxaparin 40mg,Anticoagulant,2025-05-30,2027-05-30,8028,10136,10392,7772,Mumbai,Available
INV04826,P017,B202504826,Levothyroxine 50mcg,Endocrine,2026-01-22,2027-01-22,8322,14261,2668,19915,Chennai,Available
INV04827,P011,B202604827,Insulin Glargine,Antidiabetic,2026-07-20,2028-01-11,3003,2110,4021,1092,Kolkata,Available
INV04828,P014,B202504828,Diclofenac 50mg,Analgesic,2025-08-10,2028-08-09,2906,14173,7164,9915,Kolkata,Available
INV04829,P020,B202604829,Enoxaparin 40mg,Anticoagulant,2025-08-04,2026-08-04,1997,15047,4360,12684,Bangalore,Available
INV04830,P017,B202504830,Levothyroxine 50mcg,Endocrine,2026-01-25,2027-01-25,7276,13121,11818,8579,Kolkata,Available
INV04831,P020,B202604831,Enoxaparin 40mg,Anticoagulant,2026-06-22,2029-06-21,6876,11350,9512,8714,Kolkata,Available
INV04832,P003,B202504832,Azithromycin 500mg,Antibiotic,2025-03-23,2026-09-14,3289,11106,3734,10661,Chennai,Available
INV04833,P018,B202604833,Doxycycline 100mg,Antibiotic,2025-06-19,2028-06-18,1511,16139,8378,9272,Chennai,Available
INV04834,P010,B202504834,Omeprazole 20mg,Gastrointestinal,2025-03-06,2028-03-05,1542,10148,2037,9653,Kolkata,Available
INV04835,P012,B202604835,Losartan 50mg,Cardiovascular,2025-11-01,2027-04-25,7936,4991,8649,4278,Kolkata,Available
INV04836,P006,B202504836,Pantoprazole 40mg,Gastrointestinal,2026-02-16,2027-08-10,9333,18085,3765,23653,Hyderabad,Available
INV04837,P002,B202604837,Amoxicillin 500mg,Antibiotic,2026-02-23,2029-02-22,1878,16507,9062,9323,Mumbai,Available
INV04838,P005,B202504838,Atorvastatin 20mg,Cardiovascular,2026-01-27,2028-01-27,8210,11721,585,19346,Hyderabad,Available
INV04839,P008,B202604839,Amlodipine 5mg,Cardiovascular,2025-10-22,2027-04-15,8853,6342,8167,7028,Mumbai,Available
INV04840,P020,B202504840,Enoxaparin 40mg,Anticoagulant,2026-07-04,2029-07-03,7767,13226,7047,13946,Delhi,Available
INV04841,P001,B202604841,Paracetamol 500mg,Analgesic,2026-07-17,2029-07-16,5507,17541,4832,18216,Bangalore,Available
INV04842,P017,B202504842,Levothyroxine 50mcg,Endocrine,2025-11-02,2028-11-01,2525,10099,8010,4614,Bangalore,Available
INV04843,P020,B202604843,Enoxaparin 40mg,Anticoagulant,2026-01-01,2027-01-01,7539,17690,4484,20745,Delhi,Available
INV04844,P015,B202504844,Montelukast 10mg,Respiratory,2025-03-29,2027-03-29,5812,6726,3596,8942,Delhi,Available
INV04845,P016,B202604845,Salbutamol Inhaler,Respiratory,2025-08-22,2026-08-22,7975,4299,36,12238,Hyderabad,Available
INV04846,P017,B202504846,Levothyroxine 50mcg,Endocrine,2026-03-31,2027-09-22,5434,19233,8626,16041,Chennai,Available
INV04847,P002,B202604847,Amoxicillin 500mg,Antibiotic,2025-05-25,2026-05-25,9799,7502,5995,11306,Delhi,Available
INV04848,P011,B202504848,Insulin Glargine,Antidiabetic,2025-02-01,2028-02-01,4113,18450,9181,13382,Chennai,Available
INV04849,P015,B202604849,Montelukast 10mg,Respiratory,2026-08-11,2028-02-02,3624,13742,2788,14578,Chennai,Available
INV04850,P001,B202504850,Paracetamol 500mg,Analgesic,2026-06-23,2027-12-15,543,12450,3306,9687,Hyderabad,Available
INV04851,P010,B202604851,Omeprazole 20mg,Gastrointestinal,2025-12-14,2026-12-14,959,9766,3797,6928,Delhi,Available
INV04852,P015,B202504852,Montelukast 10mg,Respiratory,2026-01-04,2027-01-04,9965,14582,589,23958,Chennai,Available
INV04853,P018,B202604853,Doxycycline 100mg,Antibiotic,2025-12-08,2028-12-07,8918,19318,11455,16781,Hyderabad,Available
INV04854,P001,B202504854,Paracetamol 500mg,Analgesic,2026-01-27,2028-01-27,5904,5506,10826,584,Mumbai,Low Stock
INV04855,P015,B202604855,Montelukast 10mg,Respiratory,2026-01-09,2029-01-08,7267,13058,10083,10242,Bangalore,Available
INV04856,P015,B202504856,Montelukast 10mg,Respiratory,2025-12-18,2028-12-17,2629,12382,3409,11602,Bangalore,Available
INV04857,P012,B202604857,Losartan 50mg,Cardiovascular,2025-01-13,2026-01-13,5533,18073,8587,15019,Bangalore,Available
INV04858,P003,B202504858,Azithromycin 500mg,Antibiotic,2025-09-16,2027-03-10,879,5867,856,5890,Delhi,Available
INV04859,P014,B202604859,Diclofenac 50mg,Analgesic,2025-08-23,2027-08-23,2414,17181,52,19543,Delhi,Available
INV04860,P007,B202504860,Ibuprofen 400mg,Analgesic,2025-09-28,2027-09-28,6637,18655,6734,18558,Hyderabad,Available
INV04861,P011,B202604861,Insulin Glargine,Antidiabetic,2025-11-04,2028-11-03,5882,17493,7791,15584,Delhi,Available
INV04862,P007,B202504862,Ibuprofen 400mg,Analgesic,2025-06-03,2026-06-03,5708,18506,151,24063,Kolkata,Available
INV04863,P018,B202604863,Doxycycline 100mg,Antibiotic,2025-09-20,2027-03-14,6016,17255,348,22923,Mumbai,Available
INV04864,P001,B202504864,Paracetamol 500mg,Analgesic,2026-01-22,2027-01-22,3508,15036,9024,9520,Hyderabad,Available
INV04865,P011,B202604865,Insulin Glargine,Antidiabetic,2025-04-21,2027-04-21,579,16462,274,16767,Delhi,Available
INV04866,P009,B202504866,Cetirizine 10mg,Antiallergic,2025-05-15,2027-05-15,1846,12002,7737,6111,Mumbai,Available
INV04867,P008,B202604867,Amlodipine 5mg,Cardiovascular,2025-10-03,2028-10-02,7655,1110,2538,6227,Bangalore,Available
INV04868,P005,B202504868,Atorvastatin 20mg,Cardiovascular,2026-04-13,2029-04-12,4842,14096,4447,14491,Mumbai,Available
INV04869,P017,B202604869,Levothyroxine 50mcg,Endocrine,2025-06-15,2026-12-07,1797,5148,259,6686,Chennai,Available
INV04870,P018,B202504870,Doxycycline 100mg,Antibiotic,2025-09-10,2027-09-10,2863,1870,2441,2292,Bangalore,Available
INV04871,P017,B202604871,Levothyroxine 50mcg,Endocrine,2025-06-17,2027-06-17,2999,3402,3510,2891,Hyderabad,Available
INV04872,P008,B202504872,Amlodipine 5mg,Cardiovascular,2025-06-25,2028-06-24,5279,14669,7066,12882,Kolkata,Available
INV04873,P009,B202604873,Cetirizine 10mg,Antiallergic,2026-06-02,2029-06-01,9253,14220,11761,11712,Chennai,Available
INV04874,P007,B202504874,Ibuprofen 400mg,Analgesic,2025-04-05,2026-04-05,5951,4138,2397,7692,Delhi,Available
INV04875,P007,B202604875,Ibuprofen 400mg,Analgesic,2026-02-13,2029-02-12,1334,13182,9853,4663,Bangalore,Available
INV04876,P016,B202504876,Salbutamol Inhaler,Respiratory,2025-11-01,2027-11-01,989,9277,3767,6499,Bangalore,Available
INV04877,P016,B202604877,Salbutamol Inhaler,Respiratory,2025-10-31,2028-10-30,2012,14885,7260,9637,Delhi,Available
INV04878,P007,B202504878,Ibuprofen 400mg,Analgesic,2026-02-19,2027-02-19,7742,9380,5755,11367,Delhi,Available
INV04879,P002,B202604879,Amoxicillin 500mg,Antibiotic,2025-08-09,2026-08-09,9655,9013,70,18598,Bangalore,Available
INV04880,P019,B202504880,Vitamin D3 60000IU,Supplement,2025-04-05,2026-04-05,2515,5117,609,7023,Kolkata,Available
INV04881,P002,B202604881,Amoxicillin 500mg,Antibiotic,2026-03-13,2029-03-12,6623,3514,7361,2776,Hyderabad,Available
INV04882,P009,B202504882,Cetirizine 10mg,Antiallergic,2025-05-31,2028-05-30,6009,3942,4055,5896,Chennai,Available
INV04883,P019,B202604883,Vitamin D3 60000IU,Supplement,2026-07-18,2027-07-18,8648,11759,8876,11531,Mumbai,Available
INV04884,P014,B202504884,Diclofenac 50mg,Analgesic,2025-06-04,2027-06-04,2645,8509,4550,6604,Kolkata,Available
INV04885,P013,B202604885,Ciprofloxacin 500mg,Antibiotic,2026-01-24,2027-07-18,4631,9984,9418,5197,Hyderabad,Available
INV04886,P002,B202504886,Amoxicillin 500mg,Antibiotic,2025-10-31,2028-10-30,7469,16404,4721,19152,Hyderabad,Available
INV04887,P014,B202604887,Diclofenac 50mg,Analgesic,2025-01-23,2028-01-23,7280,10574,2398,15456,Hyderabad,Available
INV04888,P020,B202504888,Enoxaparin 40mg,Anticoagulant,2025-01-09,2026-01-09,3801,5366,6204,2963,Bangalore,Available
INV04889,P016,B202604889,Salbutamol Inhaler,Respiratory,2026-04-15,2027-04-15,5998,13762,10182,9578,Chennai,Available
INV04890,P020,B202504890,Enoxaparin 40mg,Anticoagulant,2025-03-11,2027-03-11,7842,5403,2621,10624,Bangalore,Available
INV04891,P020,B202604891,Enoxaparin 40mg,Anticoagulant,2026-06-04,2027-06-04,2828,9706,10723,1811,Chennai,Available
INV04892,P018,B202504892,Doxycycline 100mg,Antibiotic,2026-05-12,2028-05-11,3264,12476,5930,9810,Kolkata,Available
INV04893,P009,B202604893,Cetirizine 10mg,Antiallergic,2026-03-30,2027-03-30,6991,9622,5229,11384,Chennai,Available
INV04894,P010,B202504894,Omeprazole 20mg,Gastrointestinal,2025-02-05,2026-07-30,9651,18981,7372,21260,Delhi,Available
INV04895,P006,B202604895,Pantoprazole 40mg,Gastrointestinal,2026-04-14,2028-04-13,853,19040,10229,9664,Bangalore,Available
INV04896,P009,B202504896,Cetirizine 10mg,Antiallergic,2026-03-22,2028-03-21,2089,1760,3790,59,Kolkata,Low Stock
INV04897,P015,B202604897,Montelukast 10mg,Respiratory,2026-01-31,2028-01-31,4846,14003,3643,15206,Bangalore,Available
INV04898,P007,B202504898,Ibuprofen 400mg,Analgesic,2025-06-26,2026-12-18,4974,3489,3451,5012,Mumbai,Available
INV04899,P004,B202604899,Metformin 500mg,Antidiabetic,2025-09-30,2027-09-30,4413,1047,3839,1621,Delhi,Available
INV04900,P009,B202504900,Cetirizine 10mg,Antiallergic,2025-01-14,2026-01-14,1254,17189,3706,14737,Mumbai,Available
INV04901,P014,B202604901,Diclofenac 50mg,Analgesic,2026-01-29,2027-01-29,9334,6037,9209,6162,Chennai,Available
INV04902,P011,B202504902,Insulin Glargine,Antidiabetic,2025-04-08,2027-04-08,2823,17141,9054,10910,Chennai,Available
INV04903,P017,B202604903,Levothyroxine 50mcg,Endocrine,2025-04-18,2026-04-18,6452,12664,10389,8727,Delhi,Available
INV04904,P017,B202504904,Levothyroxine 50mcg,Endocrine,2025-07-29,2026-07-29,860,9278,19,10119,Delhi,Available
INV04905,P009,B202604905,Cetirizine 10mg,Antiallergic,2025-06-04,2027-06-04,6955,1754,4147,4562,Kolkata,Available
INV04906,P006,B202504906,Pantoprazole 40mg,Gastrointestinal,2026-04-14,2027-10-06,3081,17277,4277,16081,Kolkata,Available
INV04907,P014,B202604907,Diclofenac 50mg,Analgesic,2026-05-03,2029-05-02,9182,11541,11428,9295,Bangalore,Available
INV04908,P010,B202504908,Omeprazole 20mg,Gastrointestinal,2025-08-26,2026-08-26,8797,16202,8984,16015,Delhi,Available
INV04909,P013,B202604909,Ciprofloxacin 500mg,Antibiotic,2025-08-17,2027-08-17,9768,5773,4064,11477,Bangalore,Available
INV04910,P019,B202504910,Vitamin D3 60000IU,Supplement,2025-11-15,2027-11-15,3031,1696,3805,922,Kolkata,Low Stock
INV04911,P007,B202604911,Ibuprofen 400mg,Analgesic,2026-04-03,2028-04-02,6604,4282,6691,4195,Bangalore,Available
INV04912,P005,B202504912,Atorvastatin 20mg,Cardiovascular,2025-08-03,2026-08-03,9137,1554,9665,1026,Bangalore,Available
INV04913,P018,B202604913,Doxycycline 100mg,Antibiotic,2025-07-21,2028-07-20,5637,10303,1569,14371,Mumbai,Available
INV04914,P012,B202504914,Losartan 50mg,Cardiovascular,2026-08-14,2028-02-05,1286,5825,1728,5383,Kolkata,Available
INV04915,P004,B202604915,Metformin 500mg,Antidiabetic,2026-08-19,2027-08-19,8209,8878,652,16435,Delhi,Available
INV04916,P015,B202504916,Montelukast 10mg,Respiratory,2026-05-19,2027-05-19,6365,11815,5310,12870,Kolkata,Available
INV04917,P009,B202604917,Cetirizine 10mg,Antiallergic,2025-08-17,2027-08-17,9324,17480,8501,18303,Bangalore,Available
INV04918,P007,B202504918,Ibuprofen 400mg,Analgesic,2025-01-10,2026-01-10,8401,16492,1230,23663,Mumbai,Available
INV04919,P006,B202604919,Pantoprazole 40mg,Gastrointestinal,2025-02-13,2026-08-07,1479,14985,11604,4860,Mumbai,Available
INV04920,P005,B202504920,Atorvastatin 20mg,Cardiovascular,2025-10-27,2028-10-26,2016,13942,1117,14841,Hyderabad,Available
INV04921,P009,B202604921,Cetirizine 10mg,Antiallergic,2025-08-19,2026-08-19,7882,13789,5225,16446,Mumbai,Available
INV04922,P002,B202504922,Amoxicillin 500mg,Antibiotic,2026-02-01,2027-02-01,3360,17347,7706,13001,Chennai,Available
INV04923,P006,B202604923,Pantoprazole 40mg,Gastrointestinal,2025-10-28,2026-10-28,2832,16201,5695,13338,Delhi,Available
INV04924,P016,B202504924,Salbutamol Inhaler,Respiratory,2026-07-17,2027-07-17,6020,19901,2398,23523,Kolkata,Available
INV04925,P012,B202604925,Losartan 50mg,Cardiovascular,2025-07-10,2028-07-09,8771,3710,8181,4300,Kolkata,Available
INV04926,P014,B202504926,Diclofenac 50mg,Analgesic,2025-11-25,2026-11-25,4777,18212,9590,13399,Mumbai,Available
INV04927,P007,B202604927,Ibuprofen 400mg,Analgesic,2026-04-27,2029-04-26,3345,16406,3696,16055,Chennai,Available
INV04928,P020,B202504928,Enoxaparin 40mg,Anticoagulant,2026-02-02,2027-07-27,3484,2137,294,5327,Kolkata,Available
INV04929,P014,B202604929,Diclofenac 50mg,Analgesic,2025-05-17,2027-05-17,8849,13308,10998,11159,Bangalore,Available
INV04930,P002,B202504930,Amoxicillin 500mg,Antibiotic,2026-02-04,2028-02-04,7038,19649,1307,25380,Kolkata,Available
INV04931,P002,B202604931,Amoxicillin 500mg,Antibiotic,2025-11-12,2028-11-11,6965,5230,7251,4944,Kolkata,Available
INV04932,P005,B202504932,Atorvastatin 20mg,Cardiovascular,2026-07-17,2028-07-16,1324,7330,7461,1193,Mumbai,Available
INV04933,P019,B202604933,Vitamin D3 60000IU,Supplement,2025-09-09,2027-03-03,8596,15925,2860,21661,Chennai,Available
INV04934,P006,B202504934,Pantoprazole 40mg,Gastrointestinal,2026-06-22,2027-06-22,6791,3945,7266,3470,Kolkata,Available
INV04935,P014,B202604935,Diclofenac 50mg,Analgesic,2025-09-18,2028-09-17,2354,11320,11589,2085,Mumbai,Available
INV04936,P001,B202504936,Paracetamol 500mg,Analgesic,2025-09-22,2027-03-16,8214,16288,4081,20421,Chennai,Available
INV04937,P003,B202604937,Azithromycin 500mg,Antibiotic,2025-04-24,2027-04-24,7224,16338,7468,16094,Bangalore,Available
INV04938,P014,B202504938,Diclofenac 50mg,Analgesic,2025-09-15,2027-03-09,3721,16404,2130,17995,Delhi,Available
INV04939,P002,B202604939,Amoxicillin 500mg,Antibiotic,2026-03-12,2027-03-12,9426,17759,10266,16919,Mumbai,Available
INV04940,P016,B202504940,Salbutamol Inhaler,Respiratory,2025-03-22,2026-09-13,1758,2027,1389,2396,Delhi,Available
INV04941,P018,B202604941,Doxycycline 100mg,Antibiotic,2025-01-21,2026-07-15,7285,4829,8842,3272,Delhi,Available
INV04942,P012,B202504942,Losartan 50mg,Cardiovascular,2025-03-16,2026-03-16,8835,17639,5430,21044,Delhi,Available
INV04943,P011,B202604943,Insulin Glargine,Antidiabetic,2025-11-05,2027-11-05,5892,3380,768,8504,Kolkata,Available
INV04944,P015,B202504944,Montelukast 10mg,Respiratory,2025-04-30,2026-04-30,2585,11989,7006,7568,Hyderabad,Available
INV04945,P004,B202604945,Metformin 500mg,Antidiabetic,2025-05-05,2026-10-27,2716,9670,171,12215,Kolkata,Available
INV04946,P018,B202504946,Doxycycline 100mg,Antibiotic,2025-07-23,2028-07-22,5586,1594,2044,5136,Bangalore,Available
INV04947,P015,B202604947,Montelukast 10mg,Respiratory,2026-04-15,2028-04-14,564,5484,2836,3212,Bangalore,Available
INV04948,P003,B202504948,Azithromycin 500mg,Antibiotic,2025-07-02,2027-07-02,1340,19969,5508,15801,Hyderabad,Available
INV04949,P001,B202604949,Paracetamol 500mg,Analgesic,2026-07-29,2028-07-28,8722,15757,11831,12648,Kolkata,Available
INV04950,P016,B202504950,Salbutamol Inhaler,Respiratory,2026-05-26,2029-05-25,2921,12297,11832,3386,Kolkata,Available
INV04951,P003,B202604951,Azithromycin 500mg,Antibiotic,2025-03-08,2026-03-08,7546,8482,7545,8483,Bangalore,Available
INV04952,P002,B202504952,Amoxicillin 500mg,Antibiotic,2026-04-08,2027-09-30,910,5106,1944,4072,Mumbai,Available
INV04953,P018,B202604953,Doxycycline 100mg,Antibiotic,2025-04-30,2027-04-30,3111,10471,3552,10030,Mumbai,Available
INV04954,P012,B202504954,Losartan 50mg,Cardiovascular,2025-12-20,2026-12-20,1988,5581,6807,762,Hyderabad,Low Stock
INV04955,P012,B202604955,Losartan 50mg,Cardiovascular,2025-09-27,2027-03-21,861,9382,10235,8,Kolkata,Low Stock
INV04956,P007,B202504956,Ibuprofen 400mg,Analgesic,2025-11-16,2027-05-10,9255,11543,11042,9756,Kolkata,Available
INV04957,P007,B202604957,Ibuprofen 400mg,Analgesic,2025-10-02,2027-10-02,2864,16801,6791,12874,Hyderabad,Available
INV04958,P010,B202504958,Omeprazole 20mg,Gastrointestinal,2026-05-08,2027-10-30,7247,19694,4020,22921,Kolkata,Available
INV04959,P009,B202604959,Cetirizine 10mg,Antiallergic,2025-12-04,2028-12-03,1146,14328,6803,8671,Delhi,Available
INV04960,P020,B202504960,Enoxaparin 40mg,Anticoagulant,2025-10-19,2028-10-18,5894,5094,7170,3818,Hyderabad,Available
INV04961,P018,B202604961,Doxycycline 100mg,Antibiotic,2025-04-02,2026-09-24,8288,1174,4637,4825,Delhi,Available
INV04962,P007,B202504962,Ibuprofen 400mg,Analgesic,2026-02-08,2027-08-02,4057,6233,6424,3866,Kolkata,Available
INV04963,P004,B202604963,Metformin 500mg,Antidiabetic,2025-09-03,2026-09-03,2818,19461,8525,13754,Kolkata,Available
INV04964,P013,B202504964,Ciprofloxacin 500mg,Antibiotic,2026-02-04,2028-02-04,6704,16617,3913,19408,Bangalore,Available
INV04965,P010,B202604965,Omeprazole 20mg,Gastrointestinal,2025-01-02,2026-01-02,980,2470,2439,1011,Delhi,Available
INV04966,P019,B202504966,Vitamin D3 60000IU,Supplement,2025-06-23,2026-12-15,5156,15843,11169,9830,Chennai,Available
INV04967,P011,B202604967,Insulin Glargine,Antidiabetic,2026-08-10,2027-08-10,4973,5691,1771,8893,Mumbai,Available
INV04968,P016,B202504968,Salbutamol Inhaler,Respiratory,2025-07-11,2028-07-10,6304,14439,2918,17825,Kolkata,Available
INV04969,P005,B202604969,Atorvastatin 20mg,Cardiovascular,2025-08-11,2028-08-10,7058,6689,3166,10581,Mumbai,Available
INV04970,P009,B202504970,Cetirizine 10mg,Antiallergic,2025-02-05,2026-02-05,1968,3936,2087,3817,Bangalore,Available
INV04971,P014,B202604971,Diclofenac 50mg,Analgesic,2026-02-07,2027-02-07,8815,12281,3773,17323,Hyderabad,Available
INV04972,P009,B202504972,Cetirizine 10mg,Antiallergic,2026-07-31,2027-07-31,690,8844,8763,771,Hyderabad,Low Stock
INV04973,P015,B202604973,Montelukast 10mg,Respiratory,2025-12-11,2026-12-11,9131,4102,6074,7159,Delhi,Available
INV04974,P014,B202504974,Diclofenac 50mg,Analgesic,2026-05-28,2028-05-27,6744,3896,3262,7378,Mumbai,Available
INV04975,P008,B202604975,Amlodipine 5mg,Cardiovascular,2025-03-09,2026-03-09,4687,14736,10648,8775,Kolkata,Available
INV04976,P010,B202504976,Omeprazole 20mg,Gastrointestinal,2026-06-23,2027-12-15,4997,4977,6264,3710,Hyderabad,Available
INV04977,P010,B202604977,Omeprazole 20mg,Gastrointestinal,2026-07-16,2028-07-15,3378,13738,8777,8339,Delhi,Available
INV04978,P001,B202504978,Paracetamol 500mg,Analgesic,2025-05-16,2026-05-16,9580,6918,5692,10806,Kolkata,Available
INV04979,P020,B202604979,Enoxaparin 40mg,Anticoagulant,2025-05-12,2028-05-11,7404,12666,2010,18060,Chennai,Available
INV04980,P013,B202504980,Ciprofloxacin 500mg,Antibiotic,2025-09-25,2027-09-25,2502,12817,1838,13481,Hyderabad,Available
INV04981,P010,B202604981,Omeprazole 20mg,Gastrointestinal,2025-04-08,2028-04-07,8922,10012,6833,12101,Hyderabad,Available
INV04982,P005,B202504982,Atorvastatin 20mg,Cardiovascular,2026-07-31,2028-01-22,9559,2274,1262,10571,Mumbai,Available
INV04983,P016,B202604983,Salbutamol Inhaler,Respiratory,2025-09-12,2028-09-11,1761,17268,5332,13697,Hyderabad,Available
INV04984,P013,B202504984,Ciprofloxacin 500mg,Antibiotic,2026-04-13,2029-04-12,1332,14361,3774,11919,Delhi,Available
INV04985,P010,B202604985,Omeprazole 20mg,Gastrointestinal,2026-04-08,2027-09-30,3159,10261,8026,5394,Kolkata,Available
INV04986,P001,B202504986,Paracetamol 500mg,Analgesic,2025-12-08,2026-12-08,6390,12861,10260,8991,Hyderabad,Available
INV04987,P016,B202604987,Salbutamol Inhaler,Respiratory,2026-02-18,2028-02-18,6549,11444,764,17229,Chennai,Available
INV04988,P008,B202504988,Amlodipine 5mg,Cardiovascular,2025-03-04,2027-03-04,9499,14556,2952,21103,Chennai,Available
INV04989,P017,B202604989,Levothyroxine 50mcg,Endocrine,2025-07-18,2027-07-18,8449,3992,4251,8190,Mumbai,Available
INV04990,P001,B202504990,Paracetamol 500mg,Analgesic,2025-04-11,2027-04-11,3003,5591,2544,6050,Bangalore,Available
INV04991,P013,B202604991,Ciprofloxacin 500mg,Antibiotic,2025-06-05,2027-06-05,8366,10095,10968,7493,Hyderabad,Available
INV04992,P020,B202504992,Enoxaparin 40mg,Anticoagulant,2025-07-13,2027-01-04,9806,9663,8970,10499,Chennai,Available
INV04993,P009,B202604993,Cetirizine 10mg,Antiallergic,2025-07-10,2027-01-01,4159,8912,2847,10224,Kolkata,Available
INV04994,P012,B202504994,Losartan 50mg,Cardiovascular,2026-04-23,2028-04-22,3853,7050,10711,192,Bangalore,Low Stock
INV04995,P006,B202604995,Pantoprazole 40mg,Gastrointestinal,2026-03-18,2028-03-17,6358,1409,1701,6066,Delhi,Available
INV04996,P007,B202504996,Ibuprofen 400mg,Analgesic,2025-10-10,2028-10-09,6563,12974,2357,17180,Delhi,Available
INV04997,P020,B202604997,Enoxaparin 40mg,Anticoagulant,2026-01-19,2029-01-18,9568,18125,4078,23615,Hyderabad,Available
INV04998,P006,B202504998,Pantoprazole 40mg,Gastrointestinal,2026-04-08,2027-09-30,8314,16218,7991,16541,Bangalore,Available
INV04999,P015,B202604999,Montelukast 10mg,Respiratory,2025-05-05,2027-05-05,2668,2178,3084,1762,Mumbai,Available
INV05000,P013,B202505000,Ciprofloxacin 500mg,Antibiotic,2025-10-22,2027-04-15,648,6247,6072,823,Chennai,Low Stock
