Quality_ID,Batch_ID,Product_ID,Inspection_Date,Test_Type,Test_Result,Specification_Limit,Quality_Status,Defect_Type,Rejection_Qty
Q00001,B202600001,P014,2025-11-17,Purity,97.45,95.13,Passed,None,0
Q00002,B202500002,P012,2025-06-09,Purity,98.95,98.61,Passed,None,0
Q00003,B202600003,P019,2026-04-22,Potency,96.92,95.48,Passed,None,0
Q00004,B202500004,P014,2025-11-20,Purity,99.21,97.2,Passed,None,0
Q00005,B202600005,P009,2025-12-04,Dissolution,101.2,97.28,Passed,None,0
Q00006,B202500006,P011,2025-02-18,Potency,96.15,98.58,Failed,High Impurity,791
Q00007,B202600007,P019,2026-01-03,Potency,92.56,95.05,Failed,Low Potency,647
Q00008,B202500008,P018,2025-01-27,Purity,97.3,95.04,Passed,None,0
Q00009,B202600009,P004,2026-06-01,Assay,96.45,96.18,Passed,None,0
Q00010,B202500010,P004,2026-06-23,Assay,98.2,98.39,Failed,Packaging Defect,300
Q00011,B202600011,P014,2025-02-26,Purity,99.14,95.32,Passed,None,0
Q00012,B202500012,P004,2025-06-15,Assay,101.83,98.62,Passed,None,0
Q00013,B202600013,P012,2026-01-02,Purity,98.09,95.54,Passed,None,0
Q00014,B202500014,P001,2025-02-13,Assay,94.12,95.31,Failed,Contamination,716
Q00015,B202600015,P020,2026-03-14,Potency,95.43,95.74,Failed,Low Potency,565
Q00016,B202500016,P010,2025-05-25,Assay,100.63,97.4,Passed,None,0
Q00017,B202600017,P016,2025-11-10,Potency,98.73,95.28,Passed,None,0
Q00018,B202500018,P018,2026-01-06,Purity,103.33,97.71,Passed,None,0
Q00019,B202600019,P001,2025-04-19,Assay,102.96,96.55,Passed,None,0
Q00020,B202500020,P004,2025-03-02,Assay,95.26,95.35,Failed,High Impurity,322
Q00021,B202600021,P017,2025-01-20,Assay,98.57,96.51,Passed,None,0
Q00022,B202500022,P002,2025-06-25,Purity,97.76,98.7,Failed,Dissolution Failure,324
Q00023,B202600023,P003,2025-04-29,Dissolution,101.45,97.33,Passed,None,0
Q00024,B202500024,P012,2025-04-04,Purity,101.5,96.5,Passed,None,0
Q00025,B202600025,P015,2025-09-15,Dissolution,100.39,98.75,Passed,None,0
Q00026,B202500026,P008,2025-11-30,Purity,99.54,98.22,Passed,None,0
Q00027,B202600027,P014,2025-02-11,Purity,98.44,96.9,Passed,None,0
Q00028,B202500028,P015,2025-01-01,Dissolution,96.25,96.08,Passed,None,0
Q00029,B202600029,P002,2025-02-23,Purity,96.46,97.12,Failed,Packaging Defect,858
Q00030,B202500030,P018,2026-03-17,Purity,101.97,97.54,Passed,None,0
Q00031,B202600031,P006,2026-04-23,Assay,102.44,97.54,Passed,None,0
Q00032,B202500032,P020,2025-08-29,Potency,101.24,98.4,Passed,None,0
Q00033,B202600033,P006,2025-10-14,Assay,99.37,97.87,Passed,None,0
Q00034,B202500034,P014,2026-04-03,Purity,95.92,96.1,Failed,Packaging Defect,882
Q00035,B202600035,P007,2025-11-09,Assay,101.4,98.89,Passed,None,0
Q00036,B202500036,P007,2026-04-05,Assay,97.88,98.45,Failed,High Impurity,589
Q00037,B202600037,P017,2026-06-08,Assay,95.56,96.56,Failed,Low Potency,278
Q00038,B202500038,P014,2026-08-04,Purity,100.31,95.41,Passed,None,0
Q00039,B202600039,P012,2025-01-06,Purity,98.89,97.55,Passed,None,0
Q00040,B202500040,P020,2025-06-11,Potency,92.86,95.47,Failed,Contamination,355
Q00041,B202600041,P017,2025-12-22,Assay,98.57,95.39,Passed,None,0
Q00042,B202500042,P001,2025-07-03,Assay,97.97,96.16,Passed,None,0
Q00043,B202600043,P008,2025-04-24,Purity,100.33,98.01,Passed,None,0
Q00044,B202500044,P012,2025-05-13,Purity,96.06,97.84,Failed,Dissolution Failure,551
Q00045,B202600045,P008,2026-04-29,Purity,95.54,95.24,Passed,None,0
Q00046,B202500046,P006,2026-06-08,Assay,96.06,96.58,Failed,Packaging Defect,565
Q00047,B202600047,P019,2026-08-08,Potency,103.52,98.96,Passed,None,0
Q00048,B202500048,P010,2025-07-29,Assay,95.95,98.84,Failed,Packaging Defect,278
Q00049,B202600049,P003,2025-02-10,Dissolution,102.78,98.28,Passed,None,0
Q00050,B202500050,P004,2026-03-27,Assay,94.74,95.14,Failed,Packaging Defect,120
Q00051,B202600051,P019,2026-03-12,Potency,102.52,98.49,Passed,None,0
Q00052,B202500052,P013,2025-06-07,Assay,99.54,95.14,Passed,None,0
Q00053,B202600053,P018,2025-12-18,Purity,98.61,97.23,Passed,None,0
Q00054,B202500054,P020,2025-02-05,Potency,100.04,98.98,Passed,None,0
Q00055,B202600055,P014,2026-03-30,Purity,99.17,95.54,Passed,None,0
Q00056,B202500056,P005,2026-02-19,Purity,99.64,96.74,Passed,None,0
Q00057,B202600057,P002,2025-01-30,Purity,99.16,96.54,Passed,None,0
Q00058,B202500058,P012,2025-07-27,Purity,93.67,95.47,Failed,High Impurity,689
Q00059,B202600059,P006,2026-04-20,Assay,98.5,95.23,Passed,None,0
Q00060,B202500060,P013,2026-04-12,Assay,101.26,98.31,Passed,None,0
Q00061,B202600061,P020,2026-06-08,Potency,96.21,98.97,Failed,High Impurity,118
Q00062,B202500062,P012,2025-04-20,Purity,98.44,95.85,Passed,None,0
Q00063,B202600063,P008,2025-12-23,Purity,100.83,97.78,Passed,None,0
Q00064,B202500064,P009,2026-05-18,Dissolution,102.34,98.82,Passed,None,0
Q00065,B202600065,P006,2025-08-09,Assay,99.07,97.67,Passed,None,0
Q00066,B202500066,P004,2025-04-07,Assay,96.08,95.89,Passed,None,0
Q00067,B202600067,P020,2025-05-21,Potency,100.26,98.62,Passed,None,0
Q00068,B202500068,P017,2026-05-29,Assay,96.16,96.44,Failed,Dissolution Failure,725
Q00069,B202600069,P012,2025-03-08,Purity,96.49,96.34,Passed,None,0
Q00070,B202500070,P009,2025-04-26,Dissolution,98.9,97.74,Passed,None,0
Q00071,B202600071,P013,2025-11-10,Assay,98.79,96.75,Passed,None,0
Q00072,B202500072,P017,2026-02-12,Assay,99.46,97.3,Passed,None,0
Q00073,B202600073,P016,2026-07-25,Potency,95.48,95.2,Passed,None,0
Q00074,B202500074,P002,2025-12-26,Purity,99.21,98.44,Passed,None,0
Q00075,B202600075,P016,2026-01-21,Potency,99.4,98.39,Passed,None,0
Q00076,B202500076,P003,2025-06-02,Dissolution,98.79,97.96,Passed,None,0
Q00077,B202600077,P008,2025-03-29,Purity,99.25,97.39,Passed,None,0
Q00078,B202500078,P005,2025-07-30,Purity,94.51,97.35,Failed,High Impurity,867
Q00079,B202600079,P016,2026-01-11,Potency,92.55,96.45,Failed,Dissolution Failure,490
Q00080,B202500080,P019,2025-01-30,Potency,100.14,96.6,Passed,None,0
Q00081,B202600081,P011,2026-01-08,Potency,103.29,98.52,Passed,None,0
Q00082,B202500082,P001,2025-01-22,Assay,100.28,95.07,Passed,None,0
Q00083,B202600083,P003,2025-08-15,Dissolution,97.17,96.39,Passed,None,0
Q00084,B202500084,P011,2025-01-01,Potency,98.98,96.12,Passed,None,0
Q00085,B202600085,P003,2025-11-13,Dissolution,99.6,98.0,Passed,None,0
Q00086,B202500086,P004,2026-01-05,Assay,97.69,96.85,Passed,None,0
Q00087,B202600087,P005,2025-10-27,Purity,99.47,95.58,Passed,None,0
Q00088,B202500088,P006,2025-11-26,Assay,95.56,95.41,Passed,None,0
Q00089,B202600089,P006,2025-10-06,Assay,98.96,96.45,Passed,None,0
Q00090,B202500090,P014,2025-03-11,Purity,97.72,95.57,Passed,None,0
Q00091,B202600091,P007,2025-08-26,Assay,97.05,96.17,Passed,None,0
Q00092,B202500092,P014,2025-02-18,Purity,94.71,95.31,Failed,High Impurity,977
Q00093,B202600093,P013,2026-03-27,Assay,103.15,97.67,Passed,None,0
Q00094,B202500094,P013,2025-06-06,Assay,92.39,95.18,Failed,Packaging Defect,642
Q00095,B202600095,P003,2026-07-10,Dissolution,97.02,96.93,Passed,None,0
Q00096,B202500096,P002,2026-03-10,Purity,93.11,95.17,Failed,Packaging Defect,378
Q00097,B202600097,P018,2025-07-20,Purity,98.42,96.3,Passed,None,0
Q00098,B202500098,P009,2026-05-28,Dissolution,91.25,95.92,Failed,Low Potency,731
Q00099,B202600099,P018,2025-03-16,Purity,98.41,97.54,Passed,None,0
Q00100,B202500100,P002,2025-08-11,Purity,101.64,98.94,Passed,None,0
Q00101,B202600101,P009,2025-09-04,Dissolution,98.09,95.66,Passed,None,0
Q00102,B202500102,P016,2025-10-22,Potency,101.84,98.02,Passed,None,0
Q00103,B202600103,P017,2025-05-20,Assay,94.21,95.06,Failed,Dissolution Failure,325
Q00104,B202500104,P018,2026-07-07,Purity,95.27,95.47,Failed,Low Potency,349
Q00105,B202600105,P002,2025-06-12,Purity,101.42,98.73,Passed,None,0
Q00106,B202500106,P018,2025-12-01,Purity,97.29,96.9,Passed,None,0
Q00107,B202600107,P019,2026-07-30,Potency,95.97,95.04,Passed,None,0
Q00108,B202500108,P012,2025-03-31,Purity,98.3,96.41,Passed,None,0
Q00109,B202600109,P002,2025-06-23,Purity,102.7,96.5,Passed,None,0
Q00110,B202500110,P010,2026-05-15,Assay,99.3,95.6,Passed,None,0
Q00111,B202600111,P004,2025-09-15,Assay,102.16,98.84,Passed,None,0
Q00112,B202500112,P017,2025-08-15,Assay,102.47,98.79,Passed,None,0
Q00113,B202600113,P020,2025-12-11,Potency,94.03,95.16,Failed,Dissolution Failure,699
Q00114,B202500114,P018,2025-07-23,Purity,99.64,98.33,Passed,None,0
Q00115,B202600115,P004,2026-05-23,Assay,93.77,95.9,Failed,Packaging Defect,522
Q00116,B202500116,P017,2025-08-25,Assay,97.41,96.08,Passed,None,0
Q00117,B202600117,P005,2025-08-25,Purity,98.6,98.27,Passed,None,0
Q00118,B202500118,P005,2025-07-08,Purity,97.07,97.54,Failed,Low Potency,504
Q00119,B202600119,P012,2025-05-28,Purity,102.29,96.6,Passed,None,0
Q00120,B202500120,P018,2025-12-31,Purity,101.65,97.91,Passed,None,0
Q00121,B202600121,P007,2026-01-04,Assay,101.11,98.04,Passed,None,0
Q00122,B202500122,P010,2025-07-05,Assay,98.96,96.48,Passed,None,0
Q00123,B202600123,P016,2026-05-06,Potency,99.55,98.03,Passed,None,0
Q00124,B202500124,P017,2025-12-16,Assay,98.54,95.14,Passed,None,0
Q00125,B202600125,P014,2025-06-21,Purity,96.61,96.54,Passed,None,0
Q00126,B202500126,P014,2025-04-13,Purity,97.94,97.64,Passed,None,0
Q00127,B202600127,P008,2025-08-17,Purity,102.09,98.65,Passed,None,0
Q00128,B202500128,P018,2025-04-18,Purity,99.64,96.21,Passed,None,0
Q00129,B202600129,P019,2025-08-24,Potency,99.25,98.0,Passed,None,0
Q00130,B202500130,P011,2025-01-15,Potency,98.09,95.47,Passed,None,0
Q00131,B202600131,P001,2025-10-09,Assay,97.71,96.91,Passed,None,0
Q00132,B202500132,P004,2025-12-02,Assay,98.4,96.36,Passed,None,0
Q00133,B202600133,P007,2025-05-30,Assay,99.95,97.33,Passed,None,0
Q00134,B202500134,P005,2025-07-19,Purity,99.99,96.61,Passed,None,0
Q00135,B202600135,P009,2025-11-30,Dissolution,100.75,97.89,Passed,None,0
Q00136,B202500136,P008,2026-02-05,Purity,102.32,98.65,Passed,None,0
Q00137,B202600137,P017,2026-04-16,Assay,101.12,98.15,Passed,None,0
Q00138,B202500138,P018,2026-06-24,Purity,97.11,95.98,Passed,None,0
Q00139,B202600139,P001,2025-07-20,Assay,99.0,97.76,Passed,None,0
Q00140,B202500140,P004,2025-02-04,Assay,100.72,98.01,Passed,None,0
Q00141,B202600141,P020,2025-02-25,Potency,101.91,97.89,Passed,None,0
Q00142,B202500142,P016,2026-06-01,Potency,96.32,95.16,Passed,None,0
Q00143,B202600143,P016,2025-04-22,Potency,99.84,98.48,Passed,None,0
Q00144,B202500144,P005,2025-01-22,Purity,98.76,98.12,Passed,None,0
Q00145,B202600145,P012,2026-06-14,Purity,100.96,96.63,Passed,None,0
Q00146,B202500146,P014,2025-11-12,Purity,100.75,97.58,Passed,None,0
Q00147,B202600147,P016,2026-07-06,Potency,101.16,97.46,Passed,None,0
Q00148,B202500148,P002,2025-12-21,Purity,100.69,98.45,Passed,None,0
Q00149,B202600149,P002,2026-05-20,Purity,96.49,95.66,Passed,None,0
Q00150,B202500150,P016,2025-05-12,Potency,97.96,97.91,Passed,None,0
Q00151,B202600151,P013,2025-08-01,Assay,99.87,97.15,Passed,None,0
Q00152,B202500152,P006,2025-11-13,Assay,100.76,96.93,Passed,None,0
Q00153,B202600153,P002,2026-01-18,Purity,97.02,95.67,Passed,None,0
Q00154,B202500154,P014,2025-05-24,Purity,101.1,98.0,Passed,None,0
Q00155,B202600155,P010,2025-08-20,Assay,98.53,98.73,Failed,Low Potency,305
Q00156,B202500156,P015,2025-05-15,Dissolution,100.66,98.4,Passed,None,0
Q00157,B202600157,P011,2026-01-12,Potency,91.95,95.3,Failed,High Impurity,763
Q00158,B202500158,P016,2025-07-22,Potency,99.38,97.84,Passed,None,0
Q00159,B202600159,P010,2025-12-24,Assay,99.62,98.11,Passed,None,0
Q00160,B202500160,P007,2025-12-09,Assay,95.97,95.74,Passed,None,0
Q00161,B202600161,P001,2025-01-27,Assay,95.93,95.25,Passed,None,0
Q00162,B202500162,P001,2025-09-24,Assay,97.07,95.23,Passed,None,0
Q00163,B202600163,P016,2025-12-25,Potency,100.98,98.33,Passed,None,0
Q00164,B202500164,P006,2026-02-09,Assay,98.88,96.59,Passed,None,0
Q00165,B202600165,P020,2026-08-12,Potency,92.74,96.51,Failed,High Impurity,334
Q00166,B202500166,P005,2026-05-14,Purity,99.15,98.71,Passed,None,0
Q00167,B202600167,P018,2025-09-28,Purity,101.77,96.99,Passed,None,0
Q00168,B202500168,P014,2025-07-31,Purity,99.6,97.37,Passed,None,0
Q00169,B202600169,P011,2025-08-12,Potency,94.95,98.65,Failed,Packaging Defect,507
Q00170,B202500170,P009,2025-11-23,Dissolution,96.2,96.53,Failed,Dissolution Failure,895
Q00171,B202600171,P008,2025-12-19,Purity,98.44,97.38,Passed,None,0
Q00172,B202500172,P016,2026-03-08,Potency,94.82,96.08,Failed,Packaging Defect,475
Q00173,B202600173,P007,2026-05-05,Assay,99.64,98.64,Passed,None,0
Q00174,B202500174,P019,2025-10-06,Potency,99.63,97.42,Passed,None,0
Q00175,B202600175,P001,2025-10-02,Assay,94.01,95.37,Failed,Low Potency,289
Q00176,B202500176,P007,2025-11-11,Assay,96.99,95.44,Passed,None,0
Q00177,B202600177,P017,2025-09-04,Assay,92.5,95.62,Failed,Dissolution Failure,803
Q00178,B202500178,P001,2026-03-27,Assay,103.36,98.56,Passed,None,0
Q00179,B202600179,P009,2025-05-30,Dissolution,102.71,98.57,Passed,None,0
Q00180,B202500180,P006,2025-03-28,Assay,96.7,95.98,Passed,None,0
Q00181,B202600181,P003,2025-04-08,Dissolution,92.28,96.96,Failed,Dissolution Failure,136
Q00182,B202500182,P007,2025-10-09,Assay,95.52,95.73,Failed,Packaging Defect,827
Q00183,B202600183,P010,2026-07-19,Assay,98.85,95.08,Passed,None,0
Q00184,B202500184,P003,2026-06-15,Dissolution,98.16,95.74,Passed,None,0
Q00185,B202600185,P011,2026-08-16,Potency,96.26,95.49,Passed,None,0
Q00186,B202500186,P005,2026-06-06,Purity,99.03,96.62,Passed,None,0
Q00187,B202600187,P009,2026-07-13,Dissolution,99.91,95.88,Passed,None,0
Q00188,B202500188,P008,2026-02-05,Purity,97.48,96.17,Passed,None,0
Q00189,B202600189,P009,2026-07-08,Dissolution,100.5,97.21,Passed,None,0
Q00190,B202500190,P003,2025-11-07,Dissolution,99.7,97.93,Passed,None,0
Q00191,B202600191,P007,2025-04-03,Assay,96.77,96.96,Failed,Packaging Defect,79
Q00192,B202500192,P001,2025-06-16,Assay,98.35,96.54,Passed,None,0
Q00193,B202600193,P018,2025-04-07,Purity,100.33,98.29,Passed,None,0
Q00194,B202500194,P012,2025-06-03,Purity,101.15,98.77,Passed,None,0
Q00195,B202600195,P007,2026-02-23,Assay,97.62,95.49,Passed,None,0
Q00196,B202500196,P012,2026-03-07,Purity,98.62,97.43,Passed,None,0
Q00197,B202600197,P015,2025-07-12,Dissolution,99.14,96.2,Passed,None,0
Q00198,B202500198,P001,2025-04-04,Assay,98.11,97.83,Passed,None,0
Q00199,B202600199,P020,2025-04-12,Potency,99.27,95.06,Passed,None,0
Q00200,B202500200,P007,2025-11-20,Assay,101.59,98.77,Passed,None,0
Q00201,B202600201,P019,2025-04-03,Potency,101.42,98.63,Passed,None,0
Q00202,B202500202,P019,2026-04-23,Potency,98.74,97.43,Passed,None,0
Q00203,B202600203,P011,2025-01-08,Potency,96.38,95.95,Passed,None,0
Q00204,B202500204,P016,2026-01-29,Potency,103.98,98.2,Passed,None,0
Q00205,B202600205,P003,2025-06-04,Dissolution,97.53,95.15,Passed,None,0
Q00206,B202500206,P006,2025-04-06,Assay,98.42,97.51,Passed,None,0
Q00207,B202600207,P004,2026-01-26,Assay,95.93,97.02,Failed,Contamination,409
Q00208,B202500208,P011,2025-08-29,Potency,96.46,95.09,Passed,None,0
Q00209,B202600209,P005,2026-03-06,Purity,99.21,96.8,Passed,None,0
Q00210,B202500210,P006,2026-03-23,Assay,97.81,96.65,Passed,None,0
Q00211,B202600211,P015,2025-05-25,Dissolution,103.47,98.39,Passed,None,0
Q00212,B202500212,P004,2025-05-04,Assay,96.92,96.9,Passed,None,0
Q00213,B202600213,P003,2025-07-05,Dissolution,97.75,95.63,Passed,None,0
Q00214,B202500214,P010,2026-05-10,Assay,98.48,98.05,Passed,None,0
Q00215,B202600215,P016,2025-02-28,Potency,97.43,98.11,Failed,High Impurity,445
Q00216,B202500216,P005,2025-06-18,Purity,100.16,95.28,Passed,None,0
Q00217,B202600217,P014,2025-12-20,Purity,94.5,95.89,Failed,Contamination,971
Q00218,B202500218,P016,2025-06-04,Potency,97.17,96.24,Passed,None,0
Q00219,B202600219,P009,2026-02-23,Dissolution,100.78,97.98,Passed,None,0
Q00220,B202500220,P019,2025-05-30,Potency,99.43,96.98,Passed,None,0
Q00221,B202600221,P008,2025-08-24,Purity,100.42,96.3,Passed,None,0
Q00222,B202500222,P012,2025-04-16,Purity,98.46,98.21,Passed,None,0
Q00223,B202600223,P017,2026-05-31,Assay,95.95,95.83,Passed,None,0
Q00224,B202500224,P016,2025-08-15,Potency,99.2,95.7,Passed,None,0
Q00225,B202600225,P003,2026-08-15,Dissolution,100.17,98.77,Passed,None,0
Q00226,B202500226,P001,2025-06-30,Assay,101.85,98.59,Passed,None,0
Q00227,B202600227,P005,2026-07-09,Purity,91.61,96.04,Failed,Contamination,980
Q00228,B202500228,P015,2025-05-07,Dissolution,104.17,98.11,Passed,None,0
Q00229,B202600229,P014,2026-07-06,Purity,96.66,96.96,Failed,High Impurity,233
Q00230,B202500230,P002,2026-05-10,Purity,98.54,95.04,Passed,None,0
Q00231,B202600231,P018,2025-10-25,Purity,99.15,98.45,Passed,None,0
Q00232,B202500232,P005,2025-10-30,Purity,102.26,98.84,Passed,None,0
Q00233,B202600233,P003,2025-05-27,Dissolution,99.84,98.71,Passed,None,0
Q00234,B202500234,P009,2026-07-03,Dissolution,95.09,95.82,Failed,Low Potency,853
Q00235,B202600235,P002,2025-09-27,Purity,97.0,95.02,Passed,None,0
Q00236,B202500236,P017,2025-11-20,Assay,97.43,97.36,Passed,None,0
Q00237,B202600237,P014,2025-07-22,Purity,99.69,96.29,Passed,None,0
Q00238,B202500238,P006,2025-05-24,Assay,100.62,97.03,Passed,None,0
Q00239,B202600239,P007,2026-04-14,Assay,98.33,95.11,Passed,None,0
Q00240,B202500240,P005,2025-10-06,Purity,99.59,98.54,Passed,None,0
Q00241,B202600241,P008,2026-06-09,Purity,97.73,96.98,Passed,None,0
Q00242,B202500242,P020,2025-03-19,Potency,96.67,97.79,Failed,Contamination,540
Q00243,B202600243,P007,2025-08-23,Assay,96.75,97.05,Failed,High Impurity,657
Q00244,B202500244,P020,2025-05-13,Potency,100.14,95.18,Passed,None,0
Q00245,B202600245,P006,2026-01-20,Assay,95.34,96.32,Failed,High Impurity,563
Q00246,B202500246,P013,2025-09-21,Assay,98.74,98.96,Failed,Dissolution Failure,612
Q00247,B202600247,P014,2025-06-03,Purity,99.15,97.32,Passed,None,0
Q00248,B202500248,P010,2025-10-13,Assay,96.21,96.97,Failed,Packaging Defect,799
Q00249,B202600249,P017,2025-06-12,Assay,98.94,96.43,Passed,None,0
Q00250,B202500250,P007,2026-04-27,Assay,100.43,97.73,Passed,None,0
Q00251,B202600251,P014,2025-04-26,Purity,95.93,95.53,Passed,None,0
Q00252,B202500252,P014,2026-03-16,Purity,98.87,95.44,Passed,None,0
Q00253,B202600253,P011,2025-02-28,Potency,90.78,95.62,Failed,Contamination,460
Q00254,B202500254,P016,2025-12-09,Potency,96.99,96.46,Passed,None,0
Q00255,B202600255,P001,2025-08-14,Assay,96.97,96.74,Passed,None,0
Q00256,B202500256,P020,2025-02-12,Potency,99.27,96.93,Passed,None,0
Q00257,B202600257,P001,2026-03-18,Assay,96.96,97.55,Failed,Dissolution Failure,523
Q00258,B202500258,P004,2025-07-22,Assay,100.03,97.43,Passed,None,0
Q00259,B202600259,P017,2025-03-16,Assay,98.58,95.26,Passed,None,0
Q00260,B202500260,P002,2026-05-27,Purity,100.37,98.49,Passed,None,0
Q00261,B202600261,P016,2026-08-13,Potency,94.93,96.34,Failed,Low Potency,940
Q00262,B202500262,P015,2025-02-16,Dissolution,103.73,98.5,Passed,None,0
Q00263,B202600263,P002,2025-04-24,Purity,96.94,97.45,Failed,Packaging Defect,559
Q00264,B202500264,P020,2026-01-31,Potency,98.73,95.11,Passed,None,0
Q00265,B202600265,P010,2026-02-11,Assay,101.16,97.98,Passed,None,0
Q00266,B202500266,P008,2026-02-23,Purity,99.52,97.14,Passed,None,0
Q00267,B202600267,P016,2025-06-04,Potency,95.88,96.15,Failed,Low Potency,150
Q00268,B202500268,P002,2026-08-18,Purity,96.29,95.62,Passed,None,0
Q00269,B202600269,P003,2025-03-27,Dissolution,103.83,99.0,Passed,None,0
Q00270,B202500270,P001,2025-05-28,Assay,96.66,98.15,Failed,High Impurity,771
Q00271,B202600271,P016,2025-08-21,Potency,97.88,97.12,Passed,None,0
Q00272,B202500272,P004,2025-12-08,Assay,96.58,96.48,Passed,None,0
Q00273,B202600273,P017,2026-07-05,Assay,102.8,97.04,Passed,None,0
Q00274,B202500274,P009,2025-02-21,Dissolution,100.87,96.29,Passed,None,0
Q00275,B202600275,P020,2025-02-27,Potency,95.64,96.32,Failed,Dissolution Failure,280
Q00276,B202500276,P016,2026-08-09,Potency,102.29,98.69,Passed,None,0
Q00277,B202600277,P006,2025-08-01,Assay,98.49,98.86,Failed,High Impurity,714
Q00278,B202500278,P007,2026-05-17,Assay,92.66,95.06,Failed,High Impurity,685
Q00279,B202600279,P006,2026-02-22,Assay,100.52,98.66,Passed,None,0
Q00280,B202500280,P014,2025-10-07,Purity,95.6,96.2,Failed,Low Potency,540
Q00281,B202600281,P004,2025-09-21,Assay,98.27,98.12,Passed,None,0
Q00282,B202500282,P002,2025-11-05,Purity,101.29,98.84,Passed,None,0
Q00283,B202600283,P005,2025-06-20,Purity,96.29,97.08,Failed,Low Potency,334
Q00284,B202500284,P018,2026-07-22,Purity,100.75,98.45,Passed,None,0
Q00285,B202600285,P003,2025-03-10,Dissolution,97.68,96.58,Passed,None,0
Q00286,B202500286,P017,2026-01-03,Assay,98.29,97.68,Passed,None,0
Q00287,B202600287,P011,2025-11-28,Potency,95.28,97.19,Failed,Contamination,848
Q00288,B202500288,P001,2025-06-15,Assay,96.53,97.64,Failed,Low Potency,678
Q00289,B202600289,P006,2025-12-06,Assay,99.07,98.48,Passed,None,0
Q00290,B202500290,P014,2025-06-28,Purity,94.76,97.76,Failed,Dissolution Failure,782
Q00291,B202600291,P002,2025-05-17,Purity,100.06,98.97,Passed,None,0
Q00292,B202500292,P020,2025-07-15,Potency,94.5,96.86,Failed,Dissolution Failure,667
Q00293,B202600293,P004,2026-01-20,Assay,95.92,96.66,Failed,Contamination,504
Q00294,B202500294,P017,2025-04-18,Assay,100.08,98.19,Passed,None,0
Q00295,B202600295,P020,2025-03-05,Potency,100.04,98.29,Passed,None,0
Q00296,B202500296,P006,2025-03-03,Assay,101.24,97.73,Passed,None,0
Q00297,B202600297,P001,2026-01-13,Assay,99.99,96.23,Passed,None,0
Q00298,B202500298,P009,2025-10-05,Dissolution,97.48,95.71,Passed,None,0
Q00299,B202600299,P011,2025-10-22,Potency,100.02,98.99,Passed,None,0
Q00300,B202500300,P016,2026-07-29,Potency,99.09,97.78,Passed,None,0
Q00301,B202600301,P003,2026-07-20,Dissolution,100.12,98.93,Passed,None,0
Q00302,B202500302,P020,2025-02-20,Potency,99.98,97.43,Passed,None,0
Q00303,B202600303,P005,2025-01-16,Purity,95.73,97.21,Failed,High Impurity,151
Q00304,B202500304,P019,2026-04-29,Potency,100.08,98.59,Passed,None,0
Q00305,B202600305,P009,2025-06-25,Dissolution,100.08,95.48,Passed,None,0
Q00306,B202500306,P003,2025-02-28,Dissolution,100.23,95.46,Passed,None,0
Q00307,B202600307,P020,2025-09-18,Potency,96.87,95.31,Passed,None,0
Q00308,B202500308,P013,2025-05-01,Assay,100.37,98.63,Passed,None,0
Q00309,B202600309,P018,2025-10-31,Purity,98.28,97.24,Passed,None,0
Q00310,B202500310,P006,2026-02-20,Assay,98.1,98.14,Failed,Contamination,993
Q00311,B202600311,P004,2025-07-30,Assay,96.37,96.88,Failed,Packaging Defect,297
Q00312,B202500312,P006,2026-06-26,Assay,94.81,96.32,Failed,Low Potency,696
Q00313,B202600313,P008,2025-04-05,Purity,98.32,97.27,Passed,None,0
Q00314,B202500314,P014,2026-05-13,Purity,99.75,95.32,Passed,None,0
Q00315,B202600315,P007,2025-08-24,Assay,97.33,95.65,Passed,None,0
Q00316,B202500316,P001,2025-01-15,Assay,93.68,95.26,Failed,Packaging Defect,760
Q00317,B202600317,P012,2025-12-03,Purity,101.15,95.8,Passed,None,0
Q00318,B202500318,P014,2026-06-02,Purity,101.61,98.86,Passed,None,0
Q00319,B202600319,P018,2025-12-24,Purity,98.14,97.71,Passed,None,0
Q00320,B202500320,P014,2025-07-17,Purity,95.54,96.27,Failed,High Impurity,810
Q00321,B202600321,P001,2026-06-20,Assay,101.92,98.69,Passed,None,0
Q00322,B202500322,P004,2025-08-07,Assay,94.74,97.03,Failed,Contamination,622
Q00323,B202600323,P014,2026-07-04,Purity,98.7,96.94,Passed,None,0
Q00324,B202500324,P006,2025-03-25,Assay,103.48,98.28,Passed,None,0
Q00325,B202600325,P011,2025-05-02,Potency,101.07,96.48,Passed,None,0
Q00326,B202500326,P019,2025-11-10,Potency,97.67,96.98,Passed,None,0
Q00327,B202600327,P008,2026-02-24,Purity,98.82,98.18,Passed,None,0
Q00328,B202500328,P015,2026-06-02,Dissolution,100.88,98.82,Passed,None,0
Q00329,B202600329,P002,2026-02-20,Purity,96.65,95.93,Passed,None,0
Q00330,B202500330,P017,2025-09-22,Assay,99.72,97.74,Passed,None,0
Q00331,B202600331,P017,2026-05-03,Assay,96.19,95.63,Passed,None,0
Q00332,B202500332,P011,2026-03-11,Potency,100.63,98.3,Passed,None,0
Q00333,B202600333,P011,2025-11-03,Potency,93.68,97.69,Failed,Packaging Defect,183
Q00334,B202500334,P005,2025-09-19,Purity,98.64,95.26,Passed,None,0
Q00335,B202600335,P002,2026-05-26,Purity,95.06,95.46,Failed,Packaging Defect,306
Q00336,B202500336,P014,2025-03-07,Purity,97.0,95.81,Passed,None,0
Q00337,B202600337,P014,2025-02-21,Purity,98.2,98.99,Failed,Low Potency,521
Q00338,B202500338,P017,2026-03-13,Assay,94.87,95.92,Failed,Packaging Defect,902
Q00339,B202600339,P009,2025-05-29,Dissolution,100.97,98.71,Passed,None,0
Q00340,B202500340,P007,2025-09-23,Assay,100.01,96.9,Passed,None,0
Q00341,B202600341,P007,2025-06-08,Assay,96.12,95.12,Passed,None,0
Q00342,B202500342,P008,2025-03-03,Purity,96.39,96.92,Failed,Low Potency,691
Q00343,B202600343,P014,2026-03-30,Purity,96.57,97.38,Failed,Contamination,518
Q00344,B202500344,P014,2026-05-03,Purity,100.47,97.47,Passed,None,0
Q00345,B202600345,P004,2026-08-18,Assay,99.52,97.51,Passed,None,0
Q00346,B202500346,P019,2025-01-19,Potency,101.17,97.01,Passed,None,0
Q00347,B202600347,P010,2026-04-19,Assay,97.98,95.94,Passed,None,0
Q00348,B202500348,P016,2025-02-25,Potency,97.07,98.46,Failed,Contamination,54
Q00349,B202600349,P010,2025-07-06,Assay,96.19,97.88,Failed,Dissolution Failure,423
Q00350,B202500350,P009,2026-04-22,Dissolution,92.32,96.4,Failed,Packaging Defect,441
Q00351,B202600351,P014,2025-09-17,Purity,98.79,97.39,Passed,None,0
Q00352,B202500352,P019,2025-06-26,Potency,98.13,96.51,Passed,None,0
Q00353,B202600353,P002,2026-05-18,Purity,96.69,96.76,Failed,Packaging Defect,162
Q00354,B202500354,P015,2025-05-12,Dissolution,99.81,98.17,Passed,None,0
Q00355,B202600355,P013,2025-10-27,Assay,99.04,98.79,Passed,None,0
Q00356,B202500356,P018,2025-11-14,Purity,101.44,95.67,Passed,None,0
Q00357,B202600357,P005,2026-03-07,Purity,99.87,96.05,Passed,None,0
Q00358,B202500358,P018,2026-06-25,Purity,99.92,98.8,Passed,None,0
Q00359,B202600359,P013,2026-01-22,Assay,98.31,97.19,Passed,None,0
Q00360,B202500360,P010,2025-09-15,Assay,98.7,95.42,Passed,None,0
Q00361,B202600361,P011,2026-07-30,Potency,94.99,98.67,Failed,High Impurity,907
Q00362,B202500362,P020,2025-09-25,Potency,98.77,95.36,Passed,None,0
Q00363,B202600363,P017,2025-04-14,Assay,100.45,98.52,Passed,None,0
Q00364,B202500364,P011,2026-01-01,Potency,96.57,97.1,Failed,Low Potency,638
Q00365,B202600365,P016,2025-10-31,Potency,97.56,97.4,Passed,None,0
Q00366,B202500366,P004,2025-08-16,Assay,97.69,95.26,Passed,None,0
Q00367,B202600367,P020,2025-01-10,Potency,98.49,96.98,Passed,None,0
Q00368,B202500368,P015,2025-06-28,Dissolution,97.39,98.18,Failed,Low Potency,510
Q00369,B202600369,P017,2025-04-03,Assay,100.77,98.17,Passed,None,0
Q00370,B202500370,P011,2025-11-21,Potency,99.89,98.46,Passed,None,0
Q00371,B202600371,P014,2025-10-10,Purity,101.98,97.57,Passed,None,0
Q00372,B202500372,P003,2025-05-27,Dissolution,100.52,97.01,Passed,None,0
Q00373,B202600373,P006,2025-07-26,Assay,99.67,98.53,Passed,None,0
Q00374,B202500374,P016,2026-07-18,Potency,98.47,96.49,Passed,None,0
Q00375,B202600375,P009,2025-11-05,Dissolution,100.21,98.12,Passed,None,0
Q00376,B202500376,P019,2026-06-17,Potency,100.78,96.45,Passed,None,0
Q00377,B202600377,P016,2026-06-01,Potency,101.97,98.16,Passed,None,0
Q00378,B202500378,P007,2025-04-18,Assay,98.97,96.16,Passed,None,0
Q00379,B202600379,P018,2025-09-25,Purity,101.72,98.02,Passed,None,0
Q00380,B202500380,P017,2025-09-11,Assay,100.11,98.48,Passed,None,0
Q00381,B202600381,P001,2026-04-05,Assay,95.36,96.2,Failed,Dissolution Failure,358
Q00382,B202500382,P015,2025-08-28,Dissolution,96.62,96.16,Passed,None,0
Q00383,B202600383,P003,2025-10-18,Dissolution,98.76,95.52,Passed,None,0
Q00384,B202500384,P017,2025-02-06,Assay,98.66,96.64,Passed,None,0
Q00385,B202600385,P006,2025-01-27,Assay,97.76,98.94,Failed,Dissolution Failure,667
Q00386,B202500386,P018,2025-07-06,Purity,94.34,95.36,Failed,Low Potency,237
Q00387,B202600387,P006,2025-03-20,Assay,97.91,96.74,Passed,None,0
Q00388,B202500388,P019,2026-04-09,Potency,101.15,98.5,Passed,None,0
Q00389,B202600389,P013,2025-04-30,Assay,97.62,98.11,Failed,Packaging Defect,196
Q00390,B202500390,P007,2025-11-07,Assay,98.27,95.78,Passed,None,0
Q00391,B202600391,P012,2026-02-21,Purity,94.98,98.23,Failed,Low Potency,866
Q00392,B202500392,P007,2025-06-20,Assay,96.15,96.11,Passed,None,0
Q00393,B202600393,P015,2025-09-28,Dissolution,99.04,98.72,Passed,None,0
Q00394,B202500394,P012,2026-04-11,Purity,96.16,97.28,Failed,Packaging Defect,63
Q00395,B202600395,P003,2025-04-24,Dissolution,98.1,95.65,Passed,None,0
Q00396,B202500396,P012,2026-04-10,Purity,97.67,98.56,Failed,Low Potency,829
Q00397,B202600397,P012,2026-05-09,Purity,97.27,95.31,Passed,None,0
Q00398,B202500398,P011,2026-01-23,Potency,96.67,95.46,Passed,None,0
Q00399,B202600399,P014,2025-04-16,Purity,97.58,96.64,Passed,None,0
Q00400,B202500400,P008,2025-05-23,Purity,99.45,98.49,Passed,None,0
Q00401,B202600401,P016,2025-06-28,Potency,98.63,97.16,Passed,None,0
Q00402,B202500402,P005,2026-04-03,Purity,99.38,98.59,Passed,None,0
Q00403,B202600403,P018,2025-09-08,Purity,101.2,97.92,Passed,None,0
Q00404,B202500404,P005,2026-07-03,Purity,98.3,98.81,Failed,Dissolution Failure,673
Q00405,B202600405,P008,2025-05-25,Purity,95.73,95.42,Passed,None,0
Q00406,B202500406,P003,2026-08-05,Dissolution,95.41,95.68,Failed,Low Potency,477
Q00407,B202600407,P017,2026-01-02,Assay,97.18,96.96,Passed,None,0
Q00408,B202500408,P016,2026-04-16,Potency,97.98,97.35,Passed,None,0
Q00409,B202600409,P006,2025-06-16,Assay,100.21,97.22,Passed,None,0
Q00410,B202500410,P004,2026-08-18,Assay,96.53,96.23,Passed,None,0
Q00411,B202600411,P016,2025-02-26,Potency,96.17,95.05,Passed,None,0
Q00412,B202500412,P013,2025-07-30,Assay,97.43,96.9,Passed,None,0
Q00413,B202600413,P013,2025-02-25,Assay,99.3,98.01,Passed,None,0
Q00414,B202500414,P009,2025-06-20,Dissolution,95.56,95.15,Passed,None,0
Q00415,B202600415,P001,2025-09-16,Assay,93.96,96.28,Failed,Dissolution Failure,547
Q00416,B202500416,P012,2026-08-16,Purity,98.65,95.6,Passed,None,0
Q00417,B202600417,P014,2025-07-18,Purity,102.17,98.88,Passed,None,0
Q00418,B202500418,P015,2026-03-06,Dissolution,101.02,98.66,Passed,None,0
Q00419,B202600419,P012,2026-03-29,Purity,94.11,95.36,Failed,Packaging Defect,629
Q00420,B202500420,P015,2025-09-04,Dissolution,96.84,95.04,Passed,None,0
Q00421,B202600421,P004,2026-01-18,Assay,96.38,98.43,Failed,Packaging Defect,213
Q00422,B202500422,P009,2026-03-10,Dissolution,98.86,96.05,Passed,None,0
Q00423,B202600423,P013,2025-05-30,Assay,96.31,95.97,Passed,None,0
Q00424,B202500424,P019,2025-05-08,Potency,101.05,96.78,Passed,None,0
Q00425,B202600425,P019,2025-04-11,Potency,99.41,96.7,Passed,None,0
Q00426,B202500426,P015,2026-07-30,Dissolution,98.83,98.01,Passed,None,0
Q00427,B202600427,P010,2025-04-24,Assay,100.41,98.32,Passed,None,0
Q00428,B202500428,P002,2025-03-09,Purity,97.83,95.2,Passed,None,0
Q00429,B202600429,P016,2025-07-05,Potency,99.3,98.25,Passed,None,0
Q00430,B202500430,P011,2026-03-31,Potency,99.2,97.34,Passed,None,0
Q00431,B202600431,P008,2025-07-26,Purity,96.41,95.41,Passed,None,0
Q00432,B202500432,P019,2025-05-22,Potency,97.22,98.04,Failed,High Impurity,770
Q00433,B202600433,P009,2025-02-23,Dissolution,102.14,98.67,Passed,None,0
Q00434,B202500434,P016,2026-05-16,Potency,95.24,96.85,Failed,Dissolution Failure,283
Q00435,B202600435,P006,2026-01-14,Assay,98.34,98.23,Passed,None,0
Q00436,B202500436,P014,2026-02-01,Purity,96.89,95.44,Passed,None,0
Q00437,B202600437,P010,2026-02-27,Assay,97.04,97.17,Failed,Contamination,254
Q00438,B202500438,P020,2026-02-01,Potency,96.19,97.79,Failed,Low Potency,252
Q00439,B202600439,P009,2025-05-16,Dissolution,97.73,96.02,Passed,None,0
Q00440,B202500440,P020,2025-11-13,Potency,96.04,97.93,Failed,High Impurity,774
Q00441,B202600441,P001,2025-05-13,Assay,96.67,96.64,Passed,None,0
Q00442,B202500442,P004,2025-03-02,Assay,98.48,95.66,Passed,None,0
Q00443,B202600443,P010,2026-04-13,Assay,96.73,95.31,Passed,None,0
Q00444,B202500444,P001,2025-06-13,Assay,99.44,95.13,Passed,None,0
Q00445,B202600445,P006,2025-01-13,Assay,95.42,95.89,Failed,High Impurity,495
Q00446,B202500446,P013,2026-01-06,Assay,99.68,97.08,Passed,None,0
Q00447,B202600447,P017,2025-03-24,Assay,94.54,96.67,Failed,Contamination,234
Q00448,B202500448,P009,2025-07-06,Dissolution,99.0,96.5,Passed,None,0
Q00449,B202600449,P003,2026-02-16,Dissolution,102.3,98.91,Passed,None,0
Q00450,B202500450,P013,2025-03-06,Assay,101.79,98.17,Passed,None,0
Q00451,B202600451,P008,2025-11-23,Purity,101.04,98.39,Passed,None,0
Q00452,B202500452,P019,2026-01-17,Potency,98.2,95.48,Passed,None,0
Q00453,B202600453,P016,2025-09-06,Potency,96.23,95.72,Passed,None,0
Q00454,B202500454,P009,2026-03-04,Dissolution,100.54,96.5,Passed,None,0
Q00455,B202600455,P009,2025-06-19,Dissolution,97.82,96.97,Passed,None,0
Q00456,B202500456,P014,2025-02-12,Purity,99.32,96.25,Passed,None,0
Q00457,B202600457,P008,2026-03-16,Purity,98.68,96.33,Passed,None,0
Q00458,B202500458,P006,2025-11-14,Assay,97.61,96.27,Passed,None,0
Q00459,B202600459,P017,2025-08-23,Assay,95.86,95.34,Passed,None,0
Q00460,B202500460,P017,2025-03-28,Assay,101.58,98.32,Passed,None,0
Q00461,B202600461,P001,2025-10-09,Assay,102.17,98.85,Passed,None,0
Q00462,B202500462,P007,2025-05-13,Assay,96.2,95.51,Passed,None,0
Q00463,B202600463,P001,2025-06-04,Assay,96.85,96.06,Passed,None,0
Q00464,B202500464,P008,2026-05-21,Purity,94.99,96.89,Failed,Low Potency,694
Q00465,B202600465,P012,2026-08-23,Purity,97.33,96.61,Passed,None,0
Q00466,B202500466,P020,2025-03-28,Potency,101.06,96.22,Passed,None,0
Q00467,B202600467,P011,2026-07-03,Potency,96.95,97.16,Failed,Packaging Defect,248
Q00468,B202500468,P020,2025-05-17,Potency,99.1,98.33,Passed,None,0
Q00469,B202600469,P017,2026-07-12,Assay,98.9,96.3,Passed,None,0
Q00470,B202500470,P014,2025-10-17,Purity,99.44,98.46,Passed,None,0
Q00471,B202600471,P019,2026-01-08,Potency,101.89,97.89,Passed,None,0
Q00472,B202500472,P003,2025-11-24,Dissolution,97.96,97.56,Passed,None,0
Q00473,B202600473,P016,2026-02-27,Potency,98.76,96.71,Passed,None,0
Q00474,B202500474,P014,2025-02-28,Purity,99.25,96.7,Passed,None,0
Q00475,B202600475,P014,2026-05-07,Purity,99.85,98.13,Passed,None,0
Q00476,B202500476,P018,2025-06-20,Purity,102.47,97.97,Passed,None,0
Q00477,B202600477,P009,2025-11-08,Dissolution,100.33,98.79,Passed,None,0
Q00478,B202500478,P009,2025-10-21,Dissolution,97.21,97.04,Passed,None,0
Q00479,B202600479,P006,2026-07-08,Assay,96.42,96.13,Passed,None,0
Q00480,B202500480,P011,2026-03-25,Potency,101.41,98.52,Passed,None,0
Q00481,B202600481,P014,2025-11-15,Purity,97.66,96.97,Passed,None,0
Q00482,B202500482,P001,2025-12-30,Assay,95.53,96.67,Failed,Packaging Defect,611
Q00483,B202600483,P006,2026-01-25,Assay,92.57,97.44,Failed,High Impurity,901
Q00484,B202500484,P002,2026-07-11,Purity,93.57,97.78,Failed,Dissolution Failure,817
Q00485,B202600485,P017,2025-04-17,Assay,99.01,97.89,Passed,None,0
Q00486,B202500486,P002,2026-06-05,Purity,95.79,98.44,Failed,Low Potency,454
Q00487,B202600487,P007,2026-07-30,Assay,101.3,98.96,Passed,None,0
Q00488,B202500488,P002,2025-01-28,Purity,98.31,98.24,Passed,None,0
Q00489,B202600489,P014,2025-03-05,Purity,100.61,97.57,Passed,None,0
Q00490,B202500490,P003,2025-03-19,Dissolution,97.52,96.81,Passed,None,0
Q00491,B202600491,P007,2025-02-24,Assay,99.05,97.46,Passed,None,0
Q00492,B202500492,P009,2025-02-11,Dissolution,97.92,96.5,Passed,None,0
Q00493,B202600493,P020,2025-11-10,Potency,98.54,97.88,Passed,None,0
Q00494,B202500494,P005,2026-06-30,Purity,98.4,96.24,Passed,None,0
Q00495,B202600495,P020,2026-01-27,Potency,96.84,95.58,Passed,None,0
Q00496,B202500496,P012,2025-05-06,Purity,95.88,95.32,Passed,None,0
Q00497,B202600497,P009,2025-05-13,Dissolution,97.72,95.23,Passed,None,0
Q00498,B202500498,P020,2026-06-13,Potency,92.35,97.12,Failed,Dissolution Failure,536
Q00499,B202600499,P017,2025-07-14,Assay,99.97,98.87,Passed,None,0
Q00500,B202500500,P002,2026-05-24,Purity,100.84,98.93,Passed,None,0
Q00501,B202600501,P013,2026-03-06,Assay,98.14,97.02,Passed,None,0
Q00502,B202500502,P005,2025-06-30,Purity,100.21,97.63,Passed,None,0
Q00503,B202600503,P016,2025-04-02,Potency,102.07,98.81,Passed,None,0
Q00504,B202500504,P006,2026-08-21,Assay,97.89,95.89,Passed,None,0
Q00505,B202600505,P009,2025-12-06,Dissolution,96.9,97.31,Failed,Low Potency,962
Q00506,B202500506,P010,2026-08-02,Assay,94.32,95.38,Failed,Contamination,154
Q00507,B202600507,P020,2025-04-27,Potency,97.95,95.99,Passed,None,0
Q00508,B202500508,P016,2025-06-02,Potency,98.4,96.97,Passed,None,0
Q00509,B202600509,P013,2025-10-16,Assay,97.16,96.87,Passed,None,0
Q00510,B202500510,P008,2026-04-09,Purity,96.04,95.1,Passed,None,0
Q00511,B202600511,P002,2025-08-24,Purity,99.43,98.46,Passed,None,0
Q00512,B202500512,P008,2025-01-26,Purity,99.95,98.12,Passed,None,0
Q00513,B202600513,P014,2025-03-23,Purity,100.66,95.4,Passed,None,0
Q00514,B202500514,P006,2026-02-01,Assay,102.84,98.72,Passed,None,0
Q00515,B202600515,P002,2026-03-07,Purity,101.5,98.93,Passed,None,0
Q00516,B202500516,P011,2025-10-22,Potency,97.38,95.31,Passed,None,0
Q00517,B202600517,P004,2025-06-25,Assay,103.92,98.7,Passed,None,0
Q00518,B202500518,P017,2025-10-19,Assay,95.32,98.09,Failed,Contamination,144
Q00519,B202600519,P009,2025-12-18,Dissolution,97.39,96.53,Passed,None,0
Q00520,B202500520,P006,2026-03-19,Assay,98.64,95.96,Passed,None,0
Q00521,B202600521,P016,2025-08-24,Potency,99.54,97.99,Passed,None,0
Q00522,B202500522,P004,2025-02-28,Assay,97.86,95.37,Passed,None,0
Q00523,B202600523,P009,2025-12-11,Dissolution,97.59,96.03,Passed,None,0
Q00524,B202500524,P008,2025-07-20,Purity,100.27,97.52,Passed,None,0
Q00525,B202600525,P010,2025-11-21,Assay,96.05,95.7,Passed,None,0
Q00526,B202500526,P013,2025-04-02,Assay,97.55,97.26,Passed,None,0
Q00527,B202600527,P015,2026-04-04,Dissolution,99.51,95.67,Passed,None,0
Q00528,B202500528,P005,2025-05-01,Purity,99.83,96.35,Passed,None,0
Q00529,B202600529,P007,2026-02-17,Assay,98.22,96.06,Passed,None,0
Q00530,B202500530,P014,2025-09-21,Purity,97.13,98.14,Failed,High Impurity,385
Q00531,B202600531,P014,2025-02-27,Purity,99.37,97.52,Passed,None,0
Q00532,B202500532,P019,2025-10-21,Potency,99.83,98.85,Passed,None,0
Q00533,B202600533,P018,2026-04-08,Purity,96.27,96.05,Passed,None,0
Q00534,B202500534,P006,2026-06-05,Assay,100.24,98.07,Passed,None,0
Q00535,B202600535,P011,2025-10-18,Potency,99.75,98.54,Passed,None,0
Q00536,B202500536,P018,2025-08-31,Purity,95.14,96.83,Failed,Packaging Defect,671
Q00537,B202600537,P001,2025-11-08,Assay,99.73,96.73,Passed,None,0
Q00538,B202500538,P019,2026-01-18,Potency,102.13,97.34,Passed,None,0
Q00539,B202600539,P003,2025-11-03,Dissolution,95.86,97.57,Failed,High Impurity,372
Q00540,B202500540,P011,2025-02-17,Potency,91.54,96.34,Failed,Contamination,739
Q00541,B202600541,P013,2025-08-23,Assay,97.31,96.24,Passed,None,0
Q00542,B202500542,P008,2025-11-03,Purity,96.03,95.78,Passed,None,0
Q00543,B202600543,P002,2026-02-19,Purity,98.18,97.27,Passed,None,0
Q00544,B202500544,P005,2025-10-22,Purity,95.99,95.45,Passed,None,0
Q00545,B202600545,P015,2025-12-15,Dissolution,96.1,95.52,Passed,None,0
Q00546,B202500546,P002,2026-02-12,Purity,97.09,95.61,Passed,None,0
Q00547,B202600547,P013,2025-06-18,Assay,100.96,97.47,Passed,None,0
Q00548,B202500548,P013,2025-01-20,Assay,98.33,95.42,Passed,None,0
Q00549,B202600549,P008,2025-11-18,Purity,96.25,97.46,Failed,Low Potency,664
Q00550,B202500550,P015,2025-06-30,Dissolution,98.08,98.5,Failed,Contamination,778
Q00551,B202600551,P003,2025-11-30,Dissolution,97.25,96.04,Passed,None,0
Q00552,B202500552,P014,2026-02-12,Purity,101.03,96.92,Passed,None,0
Q00553,B202600553,P018,2026-02-24,Purity,99.45,95.34,Passed,None,0
Q00554,B202500554,P017,2026-01-27,Assay,102.78,98.99,Passed,None,0
Q00555,B202600555,P019,2025-10-23,Potency,95.69,96.46,Failed,Dissolution Failure,562
Q00556,B202500556,P012,2025-12-31,Purity,94.2,96.66,Failed,High Impurity,502
Q00557,B202600557,P019,2025-03-12,Potency,98.76,96.38,Passed,None,0
Q00558,B202500558,P003,2026-02-14,Dissolution,98.95,97.29,Passed,None,0
Q00559,B202600559,P002,2026-01-04,Purity,100.34,96.59,Passed,None,0
Q00560,B202500560,P004,2026-02-13,Assay,97.58,96.76,Passed,None,0
Q00561,B202600561,P016,2026-02-24,Potency,101.75,98.74,Passed,None,0
Q00562,B202500562,P003,2025-12-02,Dissolution,97.68,95.17,Passed,None,0
Q00563,B202600563,P007,2025-02-12,Assay,94.55,95.75,Failed,Packaging Defect,69
Q00564,B202500564,P004,2025-07-04,Assay,98.86,96.9,Passed,None,0
Q00565,B202600565,P017,2025-05-12,Assay,99.18,98.11,Passed,None,0
Q00566,B202500566,P004,2026-08-02,Assay,101.3,98.74,Passed,None,0
Q00567,B202600567,P014,2025-01-20,Purity,96.94,96.68,Passed,None,0
Q00568,B202500568,P002,2025-12-01,Purity,95.29,95.47,Failed,High Impurity,792
Q00569,B202600569,P010,2025-11-19,Assay,97.11,97.41,Failed,Low Potency,167
Q00570,B202500570,P017,2025-03-22,Assay,99.71,97.97,Passed,None,0
Q00571,B202600571,P009,2025-06-08,Dissolution,100.05,98.09,Passed,None,0
Q00572,B202500572,P004,2025-12-28,Assay,100.69,96.75,Passed,None,0
Q00573,B202600573,P004,2025-04-23,Assay,101.76,98.39,Passed,None,0
Q00574,B202500574,P002,2026-05-21,Purity,99.46,98.49,Passed,None,0
Q00575,B202600575,P019,2025-06-17,Potency,98.46,95.69,Passed,None,0
Q00576,B202500576,P006,2025-11-03,Assay,97.57,96.11,Passed,None,0
Q00577,B202600577,P007,2025-09-11,Assay,100.53,96.85,Passed,None,0
Q00578,B202500578,P016,2025-11-01,Potency,99.66,97.42,Passed,None,0
Q00579,B202600579,P015,2026-06-02,Dissolution,100.71,97.31,Passed,None,0
Q00580,B202500580,P009,2026-07-18,Dissolution,97.9,96.94,Passed,None,0
Q00581,B202600581,P020,2025-01-05,Potency,97.61,95.89,Passed,None,0
Q00582,B202500582,P003,2025-01-25,Dissolution,101.18,98.48,Passed,None,0
Q00583,B202600583,P020,2025-05-10,Potency,99.59,95.35,Passed,None,0
Q00584,B202500584,P002,2025-06-05,Purity,97.79,98.29,Failed,High Impurity,152
Q00585,B202600585,P011,2026-05-01,Potency,99.85,98.88,Passed,None,0
Q00586,B202500586,P012,2026-08-22,Purity,102.09,98.76,Passed,None,0
Q00587,B202600587,P006,2026-03-05,Assay,99.69,96.99,Passed,None,0
Q00588,B202500588,P001,2025-05-02,Assay,100.86,96.95,Passed,None,0
Q00589,B202600589,P016,2026-07-18,Potency,96.34,95.92,Passed,None,0
Q00590,B202500590,P016,2025-05-20,Potency,97.08,95.64,Passed,None,0
Q00591,B202600591,P009,2026-01-07,Dissolution,99.79,97.08,Passed,None,0
Q00592,B202500592,P018,2026-03-30,Purity,93.85,97.77,Failed,High Impurity,822
Q00593,B202600593,P001,2026-01-07,Assay,98.08,98.15,Failed,Packaging Defect,384
Q00594,B202500594,P012,2025-07-13,Purity,100.67,98.08,Passed,None,0
Q00595,B202600595,P005,2026-07-07,Purity,99.72,96.61,Passed,None,0
Q00596,B202500596,P002,2026-06-10,Purity,100.92,98.59,Passed,None,0
Q00597,B202600597,P006,2025-01-11,Assay,98.01,98.85,Failed,Low Potency,957
Q00598,B202500598,P017,2026-06-21,Assay,98.76,97.73,Passed,None,0
Q00599,B202600599,P002,2025-05-21,Purity,99.6,98.33,Passed,None,0
Q00600,B202500600,P016,2025-09-30,Potency,94.0,98.47,Failed,Packaging Defect,93
Q00601,B202600601,P012,2025-04-20,Purity,99.14,98.79,Passed,None,0
Q00602,B202500602,P002,2025-10-23,Purity,97.3,95.01,Passed,None,0
Q00603,B202600603,P011,2025-07-08,Potency,100.55,98.69,Passed,None,0
Q00604,B202500604,P005,2026-03-30,Purity,99.44,97.52,Passed,None,0
Q00605,B202600605,P020,2026-03-23,Potency,95.2,96.98,Failed,Dissolution Failure,916
Q00606,B202500606,P012,2025-09-21,Purity,102.67,98.6,Passed,None,0
Q00607,B202600607,P018,2025-03-13,Purity,98.0,98.24,Failed,High Impurity,288
Q00608,B202500608,P012,2025-05-07,Purity,97.76,95.3,Passed,None,0
Q00609,B202600609,P015,2026-06-22,Dissolution,97.05,96.42,Passed,None,0
Q00610,B202500610,P007,2025-06-29,Assay,96.59,97.29,Failed,High Impurity,443
Q00611,B202600611,P011,2026-07-04,Potency,90.85,95.85,Failed,High Impurity,480
Q00612,B202500612,P015,2025-03-30,Dissolution,98.22,97.98,Passed,None,0
Q00613,B202600613,P006,2025-11-08,Assay,97.98,96.78,Passed,None,0
Q00614,B202500614,P009,2026-01-03,Dissolution,97.31,98.22,Failed,Packaging Defect,485
Q00615,B202600615,P017,2026-04-12,Assay,100.51,98.32,Passed,None,0
Q00616,B202500616,P001,2025-12-25,Assay,98.07,96.97,Passed,None,0
Q00617,B202600617,P012,2026-07-06,Purity,99.57,96.7,Passed,None,0
Q00618,B202500618,P004,2025-10-23,Assay,99.94,97.84,Passed,None,0
Q00619,B202600619,P005,2025-04-01,Purity,100.49,97.21,Passed,None,0
Q00620,B202500620,P011,2026-07-18,Potency,93.19,95.62,Failed,Packaging Defect,160
Q00621,B202600621,P006,2025-07-02,Assay,98.16,96.99,Passed,None,0
Q00622,B202500622,P005,2025-08-01,Purity,99.47,98.19,Passed,None,0
Q00623,B202600623,P012,2025-03-24,Purity,99.24,97.58,Passed,None,0
Q00624,B202500624,P007,2026-04-28,Assay,96.42,95.81,Passed,None,0
Q00625,B202600625,P015,2025-12-12,Dissolution,99.87,98.96,Passed,None,0
Q00626,B202500626,P005,2025-07-05,Purity,96.6,95.67,Passed,None,0
Q00627,B202600627,P006,2025-07-08,Assay,94.3,95.78,Failed,Contamination,481
Q00628,B202500628,P003,2026-06-27,Dissolution,96.05,95.18,Passed,None,0
Q00629,B202600629,P006,2025-11-29,Assay,95.65,96.06,Failed,High Impurity,592
Q00630,B202500630,P020,2025-12-29,Potency,102.55,98.43,Passed,None,0
Q00631,B202600631,P005,2025-07-20,Purity,99.99,97.91,Passed,None,0
Q00632,B202500632,P001,2026-02-27,Assay,93.57,97.95,Failed,High Impurity,266
Q00633,B202600633,P008,2025-07-16,Purity,98.69,96.09,Passed,None,0
Q00634,B202500634,P004,2025-12-23,Assay,97.8,95.57,Passed,None,0
Q00635,B202600635,P018,2025-05-22,Purity,99.18,98.32,Passed,None,0
Q00636,B202500636,P013,2025-02-15,Assay,99.27,96.67,Passed,None,0
Q00637,B202600637,P008,2025-11-18,Purity,96.01,98.47,Failed,High Impurity,707
Q00638,B202500638,P020,2025-09-26,Potency,93.2,95.55,Failed,Packaging Defect,339
Q00639,B202600639,P015,2025-05-25,Dissolution,99.13,96.99,Passed,None,0
Q00640,B202500640,P016,2025-04-17,Potency,98.91,96.41,Passed,None,0
Q00641,B202600641,P020,2025-11-11,Potency,101.14,98.61,Passed,None,0
Q00642,B202500642,P003,2025-01-04,Dissolution,101.15,97.96,Passed,None,0
Q00643,B202600643,P001,2025-10-24,Assay,101.33,96.38,Passed,None,0
Q00644,B202500644,P001,2026-02-08,Assay,95.22,96.39,Failed,Dissolution Failure,640
Q00645,B202600645,P001,2025-03-20,Assay,98.26,96.84,Passed,None,0
Q00646,B202500646,P004,2025-08-19,Assay,98.01,98.24,Failed,Low Potency,789
Q00647,B202600647,P016,2025-11-06,Potency,96.67,95.86,Passed,None,0
Q00648,B202500648,P003,2025-05-18,Dissolution,99.74,98.2,Passed,None,0
Q00649,B202600649,P013,2026-04-03,Assay,99.32,98.02,Passed,None,0
Q00650,B202500650,P009,2026-07-30,Dissolution,97.68,96.84,Passed,None,0
Q00651,B202600651,P001,2025-12-01,Assay,99.58,97.57,Passed,None,0
Q00652,B202500652,P005,2026-08-20,Purity,101.59,97.56,Passed,None,0
Q00653,B202600653,P013,2026-01-28,Assay,95.72,95.54,Passed,None,0
Q00654,B202500654,P002,2025-01-13,Purity,99.05,97.13,Passed,None,0
Q00655,B202600655,P003,2025-08-08,Dissolution,97.27,96.01,Passed,None,0
Q00656,B202500656,P020,2026-02-15,Potency,95.43,98.69,Failed,Contamination,262
Q00657,B202600657,P015,2026-08-12,Dissolution,100.11,97.04,Passed,None,0
Q00658,B202500658,P006,2025-05-12,Assay,99.17,97.15,Passed,None,0
Q00659,B202600659,P010,2026-02-10,Assay,91.52,95.78,Failed,Packaging Defect,61
Q00660,B202500660,P016,2025-11-07,Potency,96.08,97.22,Failed,Packaging Defect,443
Q00661,B202600661,P013,2026-08-18,Assay,100.38,97.12,Passed,None,0
Q00662,B202500662,P017,2025-03-01,Assay,99.23,98.92,Passed,None,0
Q00663,B202600663,P005,2025-01-23,Purity,98.39,98.17,Passed,None,0
Q00664,B202500664,P007,2025-02-21,Assay,98.69,98.76,Failed,Dissolution Failure,569
Q00665,B202600665,P009,2026-05-25,Dissolution,95.43,97.35,Failed,Low Potency,735
Q00666,B202500666,P002,2026-05-16,Purity,99.33,95.97,Passed,None,0
Q00667,B202600667,P014,2026-04-20,Purity,94.45,95.07,Failed,Dissolution Failure,647
Q00668,B202500668,P014,2025-11-22,Purity,95.85,95.92,Failed,Dissolution Failure,457
Q00669,B202600669,P002,2026-01-22,Purity,95.55,95.55,Passed,None,0
Q00670,B202500670,P010,2026-08-06,Assay,98.06,98.26,Failed,Packaging Defect,128
Q00671,B202600671,P003,2026-08-10,Dissolution,93.62,95.1,Failed,Packaging Defect,430
Q00672,B202500672,P007,2025-01-08,Assay,94.67,98.89,Failed,Dissolution Failure,75
Q00673,B202600673,P013,2026-08-15,Assay,90.84,95.55,Failed,High Impurity,162
Q00674,B202500674,P007,2026-07-17,Assay,99.51,97.68,Passed,None,0
Q00675,B202600675,P003,2026-08-07,Dissolution,100.67,96.52,Passed,None,0
Q00676,B202500676,P014,2026-03-09,Purity,97.58,97.07,Passed,None,0
Q00677,B202600677,P012,2025-03-23,Purity,94.65,96.36,Failed,Dissolution Failure,637
Q00678,B202500678,P011,2025-06-19,Potency,97.6,97.68,Failed,Dissolution Failure,888
Q00679,B202600679,P019,2026-06-24,Potency,96.5,96.78,Failed,High Impurity,255
Q00680,B202500680,P017,2026-06-06,Assay,92.03,95.87,Failed,Dissolution Failure,804
Q00681,B202600681,P008,2025-06-13,Purity,96.36,96.85,Failed,Contamination,959
Q00682,B202500682,P006,2026-02-27,Assay,99.84,97.56,Passed,None,0
Q00683,B202600683,P002,2026-02-18,Purity,98.53,96.22,Passed,None,0
Q00684,B202500684,P005,2025-03-16,Purity,97.91,98.12,Failed,Contamination,458
Q00685,B202600685,P007,2025-06-13,Assay,101.0,96.67,Passed,None,0
Q00686,B202500686,P005,2026-03-27,Purity,101.04,98.58,Passed,None,0
Q00687,B202600687,P012,2026-04-27,Purity,96.24,96.57,Failed,High Impurity,70
Q00688,B202500688,P009,2026-04-20,Dissolution,100.88,98.4,Passed,None,0
Q00689,B202600689,P020,2025-12-11,Potency,92.91,96.0,Failed,Low Potency,826
Q00690,B202500690,P019,2025-09-02,Potency,100.25,96.28,Passed,None,0
Q00691,B202600691,P003,2025-09-03,Dissolution,101.61,98.7,Passed,None,0
Q00692,B202500692,P018,2026-02-20,Purity,103.21,98.25,Passed,None,0
Q00693,B202600693,P020,2025-01-21,Potency,98.7,96.36,Passed,None,0
Q00694,B202500694,P003,2025-01-23,Dissolution,100.47,95.73,Passed,None,0
Q00695,B202600695,P016,2026-06-09,Potency,99.97,98.54,Passed,None,0
Q00696,B202500696,P016,2025-07-23,Potency,97.82,95.88,Passed,None,0
Q00697,B202600697,P001,2025-06-21,Assay,101.58,97.76,Passed,None,0
Q00698,B202500698,P015,2025-01-04,Dissolution,97.15,96.88,Passed,None,0
Q00699,B202600699,P016,2026-05-28,Potency,98.88,98.97,Failed,Low Potency,167
Q00700,B202500700,P009,2025-04-11,Dissolution,99.5,98.33,Passed,None,0
Q00701,B202600701,P010,2026-08-10,Assay,99.98,96.85,Passed,None,0
Q00702,B202500702,P008,2025-06-04,Purity,96.06,95.8,Passed,None,0
Q00703,B202600703,P011,2025-09-14,Potency,102.86,98.77,Passed,None,0
Q00704,B202500704,P016,2025-10-05,Potency,101.34,98.14,Passed,None,0
Q00705,B202600705,P009,2025-12-07,Dissolution,101.92,98.9,Passed,None,0
Q00706,B202500706,P012,2025-02-04,Purity,98.65,98.36,Passed,None,0
Q00707,B202600707,P004,2025-11-22,Assay,98.1,97.5,Passed,None,0
Q00708,B202500708,P002,2026-04-06,Purity,99.21,97.06,Passed,None,0
Q00709,B202600709,P002,2025-12-30,Purity,102.25,98.15,Passed,None,0
Q00710,B202500710,P019,2025-03-16,Potency,94.88,95.16,Failed,Low Potency,269
Q00711,B202600711,P008,2026-03-24,Purity,99.24,96.8,Passed,None,0
Q00712,B202500712,P003,2025-06-25,Dissolution,100.95,97.23,Passed,None,0
Q00713,B202600713,P010,2026-04-13,Assay,97.7,98.45,Failed,High Impurity,231
Q00714,B202500714,P001,2025-11-12,Assay,97.87,95.33,Passed,None,0
Q00715,B202600715,P019,2025-03-08,Potency,98.99,98.18,Passed,None,0
Q00716,B202500716,P008,2025-04-27,Purity,97.32,96.69,Passed,None,0
Q00717,B202600717,P010,2025-09-07,Assay,94.37,95.41,Failed,Contamination,769
Q00718,B202500718,P019,2025-07-13,Potency,98.52,96.27,Passed,None,0
Q00719,B202600719,P017,2025-11-01,Assay,102.53,98.74,Passed,None,0
Q00720,B202500720,P014,2025-02-21,Purity,93.63,96.01,Failed,Low Potency,740
Q00721,B202600721,P001,2026-01-22,Assay,101.03,98.36,Passed,None,0
Q00722,B202500722,P009,2026-07-24,Dissolution,100.79,98.41,Passed,None,0
Q00723,B202600723,P010,2025-02-19,Assay,93.91,95.01,Failed,Contamination,691
Q00724,B202500724,P007,2026-01-27,Assay,95.09,95.58,Failed,Low Potency,719
Q00725,B202600725,P008,2026-08-04,Purity,96.48,96.14,Passed,None,0
Q00726,B202500726,P015,2025-07-30,Dissolution,103.09,98.76,Passed,None,0
Q00727,B202600727,P017,2025-01-11,Assay,98.3,98.79,Failed,High Impurity,76
Q00728,B202500728,P007,2025-05-20,Assay,94.7,95.13,Failed,Contamination,181
Q00729,B202600729,P014,2026-05-21,Purity,101.45,95.71,Passed,None,0
Q00730,B202500730,P005,2025-09-17,Purity,96.16,97.27,Failed,Contamination,919
Q00731,B202600731,P020,2026-03-14,Potency,97.2,95.22,Passed,None,0
Q00732,B202500732,P009,2025-09-01,Dissolution,96.25,95.9,Passed,None,0
Q00733,B202600733,P018,2025-11-01,Purity,90.85,95.85,Failed,Contamination,911
Q00734,B202500734,P001,2025-05-13,Assay,99.41,97.49,Passed,None,0
Q00735,B202600735,P019,2025-11-28,Potency,99.46,98.27,Passed,None,0
Q00736,B202500736,P014,2025-08-14,Purity,97.29,95.64,Passed,None,0
Q00737,B202600737,P017,2025-04-18,Assay,101.05,98.18,Passed,None,0
Q00738,B202500738,P019,2025-04-21,Potency,97.23,95.12,Passed,None,0
Q00739,B202600739,P013,2026-03-21,Assay,100.47,98.37,Passed,None,0
Q00740,B202500740,P002,2025-08-30,Purity,97.93,95.54,Passed,None,0
Q00741,B202600741,P001,2026-06-12,Assay,96.13,96.54,Failed,Packaging Defect,332
Q00742,B202500742,P009,2025-06-13,Dissolution,93.94,97.53,Failed,Low Potency,313
Q00743,B202600743,P003,2026-01-29,Dissolution,95.24,95.71,Failed,Dissolution Failure,770
Q00744,B202500744,P005,2025-08-11,Purity,94.39,96.61,Failed,Low Potency,592
Q00745,B202600745,P018,2025-02-22,Purity,97.94,96.25,Passed,None,0
Q00746,B202500746,P013,2026-01-04,Assay,97.44,97.1,Passed,None,0
Q00747,B202600747,P003,2026-06-16,Dissolution,98.37,97.47,Passed,None,0
Q00748,B202500748,P014,2026-07-01,Purity,99.9,98.25,Passed,None,0
Q00749,B202600749,P005,2025-09-23,Purity,95.34,96.32,Failed,High Impurity,597
Q00750,B202500750,P005,2025-11-09,Purity,100.24,98.36,Passed,None,0
Q00751,B202600751,P006,2025-11-29,Assay,96.59,97.63,Failed,High Impurity,301
Q00752,B202500752,P008,2026-06-18,Purity,99.99,95.16,Passed,None,0
Q00753,B202600753,P016,2025-12-28,Potency,100.18,98.89,Passed,None,0
Q00754,B202500754,P017,2026-05-14,Assay,99.74,97.66,Passed,None,0
Q00755,B202600755,P013,2026-08-23,Assay,98.64,96.03,Passed,None,0
Q00756,B202500756,P009,2025-11-10,Dissolution,99.41,96.14,Passed,None,0
Q00757,B202600757,P002,2025-05-13,Purity,102.46,98.67,Passed,None,0
Q00758,B202500758,P016,2026-03-04,Potency,98.68,95.26,Passed,None,0
Q00759,B202600759,P018,2026-06-12,Purity,99.68,98.63,Passed,None,0
Q00760,B202500760,P018,2025-11-04,Purity,99.51,96.44,Passed,None,0
Q00761,B202600761,P016,2025-03-14,Potency,97.28,95.2,Passed,None,0
Q00762,B202500762,P019,2026-06-08,Potency,98.4,95.44,Passed,None,0
Q00763,B202600763,P003,2026-02-05,Dissolution,98.33,96.46,Passed,None,0
Q00764,B202500764,P008,2026-01-30,Purity,99.82,98.31,Passed,None,0
Q00765,B202600765,P014,2025-10-12,Purity,98.6,96.35,Passed,None,0
Q00766,B202500766,P010,2025-07-12,Assay,96.03,95.47,Passed,None,0
Q00767,B202600767,P018,2026-01-13,Purity,99.29,96.34,Passed,None,0
Q00768,B202500768,P013,2026-01-23,Assay,100.72,98.76,Passed,None,0
Q00769,B202600769,P020,2026-01-15,Potency,100.07,98.73,Passed,None,0
Q00770,B202500770,P002,2025-05-28,Purity,99.93,96.85,Passed,None,0
Q00771,B202600771,P012,2026-04-26,Purity,98.46,97.74,Passed,None,0
Q00772,B202500772,P014,2026-01-30,Purity,100.85,98.27,Passed,None,0
Q00773,B202600773,P013,2025-05-23,Assay,92.55,95.29,Failed,Contamination,697
Q00774,B202500774,P005,2025-09-17,Purity,99.79,96.84,Passed,None,0
Q00775,B202600775,P014,2026-03-05,Purity,99.03,97.21,Passed,None,0
Q00776,B202500776,P010,2025-12-09,Assay,100.64,96.65,Passed,None,0
Q00777,B202600777,P001,2025-08-11,Assay,94.78,95.9,Failed,Low Potency,907
Q00778,B202500778,P013,2025-12-11,Assay,94.38,95.28,Failed,Contamination,861
Q00779,B202600779,P014,2026-06-08,Purity,101.17,97.88,Passed,None,0
Q00780,B202500780,P010,2025-11-04,Assay,99.77,97.8,Passed,None,0
Q00781,B202600781,P003,2026-07-01,Dissolution,98.14,96.36,Passed,None,0
Q00782,B202500782,P004,2025-05-27,Assay,98.39,96.26,Passed,None,0
Q00783,B202600783,P012,2025-04-24,Purity,100.33,97.71,Passed,None,0
Q00784,B202500784,P001,2025-07-25,Assay,97.55,98.51,Failed,High Impurity,705
Q00785,B202600785,P014,2025-12-24,Purity,94.06,96.13,Failed,Low Potency,894
Q00786,B202500786,P010,2026-08-22,Assay,96.89,95.47,Passed,None,0
Q00787,B202600787,P011,2026-02-02,Potency,97.01,96.12,Passed,None,0
Q00788,B202500788,P001,2026-01-28,Assay,96.88,96.64,Passed,None,0
Q00789,B202600789,P017,2026-02-26,Assay,99.48,97.46,Passed,None,0
Q00790,B202500790,P011,2025-02-16,Potency,96.05,96.89,Failed,Low Potency,90
Q00791,B202600791,P002,2025-06-24,Purity,98.48,97.13,Passed,None,0
Q00792,B202500792,P013,2026-07-30,Assay,100.33,98.32,Passed,None,0
Q00793,B202600793,P011,2026-06-12,Potency,99.12,97.21,Passed,None,0
Q00794,B202500794,P013,2026-04-19,Assay,95.44,95.63,Failed,Low Potency,597
Q00795,B202600795,P011,2025-01-16,Potency,99.39,96.08,Passed,None,0
Q00796,B202500796,P001,2026-04-14,Assay,99.35,97.66,Passed,None,0
Q00797,B202600797,P008,2026-06-22,Purity,99.83,98.03,Passed,None,0
Q00798,B202500798,P016,2025-03-19,Potency,94.61,96.09,Failed,Contamination,826
Q00799,B202600799,P012,2025-08-27,Purity,95.57,98.23,Failed,Packaging Defect,761
Q00800,B202500800,P005,2026-05-01,Purity,94.0,98.48,Failed,Packaging Defect,626
Q00801,B202600801,P017,2025-05-16,Assay,97.51,96.69,Passed,None,0
Q00802,B202500802,P003,2025-11-20,Dissolution,96.35,98.14,Failed,Dissolution Failure,892
Q00803,B202600803,P015,2025-11-26,Dissolution,96.73,97.42,Failed,Low Potency,860
Q00804,B202500804,P004,2026-03-11,Assay,101.01,98.58,Passed,None,0
Q00805,B202600805,P005,2026-07-08,Purity,100.73,96.13,Passed,None,0
Q00806,B202500806,P008,2025-08-21,Purity,94.5,95.19,Failed,Low Potency,668
Q00807,B202600807,P009,2025-07-26,Dissolution,99.0,98.37,Passed,None,0
Q00808,B202500808,P020,2026-01-04,Potency,99.31,96.16,Passed,None,0
Q00809,B202600809,P003,2025-07-29,Dissolution,102.53,97.79,Passed,None,0
Q00810,B202500810,P012,2025-09-18,Purity,99.66,95.01,Passed,None,0
Q00811,B202600811,P002,2025-09-06,Purity,101.05,98.44,Passed,None,0
Q00812,B202500812,P019,2026-05-14,Potency,92.96,95.06,Failed,Packaging Defect,662
Q00813,B202600813,P017,2025-07-26,Assay,102.77,97.08,Passed,None,0
Q00814,B202500814,P012,2025-01-09,Purity,93.82,98.17,Failed,Low Potency,570
Q00815,B202600815,P020,2026-06-02,Potency,96.26,95.36,Passed,None,0
Q00816,B202500816,P001,2026-06-11,Assay,98.19,95.63,Passed,None,0
Q00817,B202600817,P018,2025-04-09,Purity,101.7,97.56,Passed,None,0
Q00818,B202500818,P017,2025-07-29,Assay,98.75,96.97,Passed,None,0
Q00819,B202600819,P007,2026-07-16,Assay,98.54,97.57,Passed,None,0
Q00820,B202500820,P013,2026-05-03,Assay,101.13,95.9,Passed,None,0
Q00821,B202600821,P014,2026-01-09,Purity,99.1,97.91,Passed,None,0
Q00822,B202500822,P012,2026-04-24,Purity,96.96,95.01,Passed,None,0
Q00823,B202600823,P003,2025-05-09,Dissolution,101.07,98.95,Passed,None,0
Q00824,B202500824,P006,2026-07-13,Assay,96.52,97.7,Failed,Dissolution Failure,557
Q00825,B202600825,P008,2026-06-09,Purity,98.84,95.82,Passed,None,0
Q00826,B202500826,P001,2026-05-29,Assay,97.98,96.54,Passed,None,0
Q00827,B202600827,P001,2025-12-04,Assay,96.4,98.24,Failed,Dissolution Failure,458
Q00828,B202500828,P007,2025-07-13,Assay,99.73,98.84,Passed,None,0
Q00829,B202600829,P012,2026-06-21,Purity,100.71,96.96,Passed,None,0
Q00830,B202500830,P002,2026-08-13,Purity,98.26,96.88,Passed,None,0
Q00831,B202600831,P008,2025-01-03,Purity,94.53,95.64,Failed,High Impurity,215
Q00832,B202500832,P010,2025-02-16,Assay,99.04,98.06,Passed,None,0
Q00833,B202600833,P011,2025-03-17,Potency,100.94,97.34,Passed,None,0
Q00834,B202500834,P015,2025-10-28,Dissolution,99.51,98.07,Passed,None,0
Q00835,B202600835,P018,2025-07-19,Purity,95.55,95.06,Passed,None,0
Q00836,B202500836,P017,2026-07-21,Assay,98.72,97.77,Passed,None,0
Q00837,B202600837,P005,2025-04-26,Purity,100.6,98.93,Passed,None,0
Q00838,B202500838,P011,2025-09-25,Potency,98.32,97.42,Passed,None,0
Q00839,B202600839,P005,2026-02-09,Purity,97.21,97.93,Failed,Packaging Defect,610
Q00840,B202500840,P001,2026-03-14,Assay,102.47,98.03,Passed,None,0
Q00841,B202600841,P015,2026-01-01,Dissolution,98.89,98.08,Passed,None,0
Q00842,B202500842,P014,2025-03-13,Purity,95.9,97.51,Failed,Contamination,977
Q00843,B202600843,P006,2025-07-26,Assay,97.96,98.02,Failed,High Impurity,173
Q00844,B202500844,P006,2026-02-21,Assay,98.12,97.46,Passed,None,0
Q00845,B202600845,P008,2025-04-13,Purity,95.92,95.95,Failed,Low Potency,515
Q00846,B202500846,P019,2025-04-04,Potency,98.16,96.5,Passed,None,0
Q00847,B202600847,P018,2025-05-28,Purity,102.54,98.12,Passed,None,0
Q00848,B202500848,P009,2025-12-13,Dissolution,99.83,98.28,Passed,None,0
Q00849,B202600849,P007,2025-06-25,Assay,94.84,95.24,Failed,Packaging Defect,829
Q00850,B202500850,P012,2026-06-09,Purity,96.06,95.08,Passed,None,0
Q00851,B202600851,P016,2025-09-23,Potency,96.58,97.18,Failed,Low Potency,126
Q00852,B202500852,P004,2025-02-24,Assay,97.84,96.99,Passed,None,0
Q00853,B202600853,P005,2025-09-01,Purity,96.08,96.56,Failed,High Impurity,579
Q00854,B202500854,P013,2026-03-13,Assay,99.6,97.59,Passed,None,0
Q00855,B202600855,P013,2025-12-05,Assay,98.23,96.65,Passed,None,0
Q00856,B202500856,P007,2026-06-26,Assay,100.63,97.25,Passed,None,0
Q00857,B202600857,P001,2025-11-02,Assay,95.04,97.04,Failed,Contamination,135
Q00858,B202500858,P017,2025-02-25,Assay,102.36,96.74,Passed,None,0
Q00859,B202600859,P001,2026-04-28,Assay,100.76,97.81,Passed,None,0
Q00860,B202500860,P013,2025-07-31,Assay,99.28,95.05,Passed,None,0
Q00861,B202600861,P020,2026-01-26,Potency,91.26,95.02,Failed,Dissolution Failure,53
Q00862,B202500862,P018,2026-05-16,Purity,101.13,96.67,Passed,None,0
Q00863,B202600863,P018,2026-06-06,Purity,96.67,95.8,Passed,None,0
Q00864,B202500864,P020,2026-01-30,Potency,98.36,96.16,Passed,None,0
Q00865,B202600865,P009,2025-08-18,Dissolution,100.4,95.94,Passed,None,0
Q00866,B202500866,P015,2026-03-22,Dissolution,96.26,96.55,Failed,Contamination,433
Q00867,B202600867,P007,2025-07-01,Assay,96.3,96.79,Failed,High Impurity,994
Q00868,B202500868,P004,2026-04-15,Assay,99.33,98.05,Passed,None,0
Q00869,B202600869,P018,2025-07-04,Purity,97.94,95.64,Passed,None,0
Q00870,B202500870,P009,2025-11-22,Dissolution,99.94,97.7,Passed,None,0
Q00871,B202600871,P020,2025-12-17,Potency,100.9,98.0,Passed,None,0
Q00872,B202500872,P006,2026-05-16,Assay,100.54,97.08,Passed,None,0
Q00873,B202600873,P016,2026-03-12,Potency,96.87,97.2,Failed,Packaging Defect,102
Q00874,B202500874,P013,2025-01-23,Assay,99.07,98.48,Passed,None,0
Q00875,B202600875,P020,2025-06-19,Potency,97.18,96.57,Passed,None,0
Q00876,B202500876,P007,2025-06-21,Assay,97.59,96.64,Passed,None,0
Q00877,B202600877,P011,2025-01-25,Potency,96.86,96.12,Passed,None,0
Q00878,B202500878,P007,2025-10-24,Assay,100.25,96.73,Passed,None,0
Q00879,B202600879,P008,2025-01-25,Purity,98.89,97.7,Passed,None,0
Q00880,B202500880,P013,2025-06-01,Assay,97.47,95.56,Passed,None,0
Q00881,B202600881,P012,2026-04-05,Purity,100.54,96.84,Passed,None,0
Q00882,B202500882,P004,2025-08-31,Assay,101.42,97.95,Passed,None,0
Q00883,B202600883,P015,2026-02-04,Dissolution,98.57,97.65,Passed,None,0
Q00884,B202500884,P007,2026-02-23,Assay,92.92,97.0,Failed,High Impurity,916
Q00885,B202600885,P017,2025-06-28,Assay,97.25,96.26,Passed,None,0
Q00886,B202500886,P015,2025-03-18,Dissolution,102.19,97.53,Passed,None,0
Q00887,B202600887,P009,2026-03-28,Dissolution,93.55,97.25,Failed,Contamination,638
Q00888,B202500888,P019,2025-06-27,Potency,103.0,98.9,Passed,None,0
Q00889,B202600889,P014,2025-08-07,Purity,97.1,97.67,Failed,Contamination,490
Q00890,B202500890,P002,2026-05-24,Purity,94.99,96.07,Failed,Packaging Defect,724
Q00891,B202600891,P009,2026-07-26,Dissolution,95.09,95.69,Failed,High Impurity,555
Q00892,B202500892,P017,2025-01-15,Assay,95.81,95.95,Failed,Contamination,764
Q00893,B202600893,P017,2025-01-19,Assay,94.29,95.44,Failed,Low Potency,424
Q00894,B202500894,P014,2025-06-28,Purity,98.32,98.86,Failed,Contamination,50
Q00895,B202600895,P012,2026-05-13,Purity,95.88,95.03,Passed,None,0
Q00896,B202500896,P016,2026-07-26,Potency,97.51,96.94,Passed,None,0
Q00897,B202600897,P014,2025-02-21,Purity,100.63,98.7,Passed,None,0
Q00898,B202500898,P019,2025-05-08,Potency,95.68,97.26,Failed,High Impurity,845
Q00899,B202600899,P001,2025-10-06,Assay,98.18,97.72,Passed,None,0
Q00900,B202500900,P007,2025-06-29,Assay,96.43,95.9,Passed,None,0
Q00901,B202600901,P011,2026-02-14,Potency,100.86,98.5,Passed,None,0
Q00902,B202500902,P003,2025-03-14,Dissolution,98.62,98.0,Passed,None,0
Q00903,B202600903,P004,2025-04-09,Assay,94.9,96.98,Failed,Dissolution Failure,826
Q00904,B202500904,P006,2025-03-07,Assay,102.45,98.91,Passed,None,0
Q00905,B202600905,P015,2026-03-13,Dissolution,100.64,96.17,Passed,None,0
Q00906,B202500906,P020,2025-10-01,Potency,96.38,95.06,Passed,None,0
Q00907,B202600907,P020,2025-10-21,Potency,102.86,97.71,Passed,None,0
Q00908,B202500908,P019,2025-03-21,Potency,97.45,97.7,Failed,High Impurity,75
Q00909,B202600909,P013,2026-07-11,Assay,98.28,96.37,Passed,None,0
Q00910,B202500910,P009,2026-05-02,Dissolution,94.75,96.52,Failed,Packaging Defect,542
Q00911,B202600911,P006,2025-02-25,Assay,102.81,98.55,Passed,None,0
Q00912,B202500912,P019,2026-04-02,Potency,97.09,95.96,Passed,None,0
Q00913,B202600913,P004,2026-05-07,Assay,101.09,97.94,Passed,None,0
Q00914,B202500914,P006,2025-05-26,Assay,98.41,95.9,Passed,None,0
Q00915,B202600915,P014,2025-09-25,Purity,102.84,98.68,Passed,None,0
Q00916,B202500916,P015,2026-06-21,Dissolution,99.98,98.73,Passed,None,0
Q00917,B202600917,P004,2025-04-17,Assay,98.66,96.93,Passed,None,0
Q00918,B202500918,P002,2026-01-20,Purity,99.52,97.55,Passed,None,0
Q00919,B202600919,P016,2026-03-20,Potency,97.47,97.07,Passed,None,0
Q00920,B202500920,P016,2025-10-06,Potency,102.32,97.92,Passed,None,0
Q00921,B202600921,P008,2026-01-15,Purity,98.08,97.67,Passed,None,0
Q00922,B202500922,P005,2026-07-02,Purity,94.03,96.41,Failed,Contamination,123
Q00923,B202600923,P002,2025-09-28,Purity,99.1,96.88,Passed,None,0
Q00924,B202500924,P001,2025-02-23,Assay,99.59,97.94,Passed,None,0
Q00925,B202600925,P001,2026-06-15,Assay,98.78,96.14,Passed,None,0
Q00926,B202500926,P003,2026-01-11,Dissolution,97.02,95.03,Passed,None,0
Q00927,B202600927,P019,2026-02-02,Potency,98.67,98.52,Passed,None,0
Q00928,B202500928,P018,2025-08-01,Purity,100.35,97.69,Passed,None,0
Q00929,B202600929,P005,2025-01-15,Purity,98.25,97.68,Passed,None,0
Q00930,B202500930,P011,2026-01-03,Potency,95.31,96.4,Failed,Dissolution Failure,366
Q00931,B202600931,P011,2025-08-06,Potency,97.99,96.66,Passed,None,0
Q00932,B202500932,P016,2025-04-06,Potency,99.92,98.32,Passed,None,0
Q00933,B202600933,P002,2025-10-08,Purity,101.52,98.78,Passed,None,0
Q00934,B202500934,P020,2026-01-08,Potency,95.4,95.12,Passed,None,0
Q00935,B202600935,P013,2025-12-09,Assay,99.58,97.87,Passed,None,0
Q00936,B202500936,P009,2025-09-28,Dissolution,101.06,98.07,Passed,None,0
Q00937,B202600937,P019,2025-07-03,Potency,101.24,98.62,Passed,None,0
Q00938,B202500938,P017,2026-03-14,Assay,97.02,98.25,Failed,High Impurity,993
Q00939,B202600939,P017,2025-07-28,Assay,100.42,96.71,Passed,None,0
Q00940,B202500940,P006,2025-05-12,Assay,94.01,96.45,Failed,Packaging Defect,239
Q00941,B202600941,P002,2026-08-01,Purity,95.78,95.26,Passed,None,0
Q00942,B202500942,P012,2025-01-25,Purity,98.01,97.32,Passed,None,0
Q00943,B202600943,P015,2026-01-09,Dissolution,100.91,97.53,Passed,None,0
Q00944,B202500944,P006,2026-08-07,Assay,95.57,96.24,Failed,High Impurity,521
Q00945,B202600945,P005,2026-02-02,Purity,99.82,95.56,Passed,None,0
Q00946,B202500946,P007,2025-07-26,Assay,97.93,98.21,Failed,Dissolution Failure,604
Q00947,B202600947,P006,2025-08-07,Assay,99.6,96.59,Passed,None,0
Q00948,B202500948,P019,2026-03-30,Potency,99.94,97.14,Passed,None,0
Q00949,B202600949,P015,2025-04-27,Dissolution,98.09,98.65,Failed,Low Potency,212
Q00950,B202500950,P001,2026-02-16,Assay,97.3,95.39,Passed,None,0
Q00951,B202600951,P001,2025-03-18,Assay,98.53,95.89,Passed,None,0
Q00952,B202500952,P018,2026-03-10,Purity,101.94,97.07,Passed,None,0
Q00953,B202600953,P012,2025-07-14,Purity,99.2,97.84,Passed,None,0
Q00954,B202500954,P020,2025-05-05,Potency,96.18,95.21,Passed,None,0
Q00955,B202600955,P019,2026-01-04,Potency,97.53,97.12,Passed,None,0
Q00956,B202500956,P012,2025-12-11,Purity,97.13,96.37,Passed,None,0
Q00957,B202600957,P014,2026-07-04,Purity,91.18,95.18,Failed,High Impurity,592
Q00958,B202500958,P010,2026-08-13,Assay,100.23,97.72,Passed,None,0
Q00959,B202600959,P010,2026-07-01,Assay,97.54,97.31,Passed,None,0
Q00960,B202500960,P002,2025-10-13,Purity,96.13,98.28,Failed,Packaging Defect,886
Q00961,B202600961,P013,2025-01-29,Assay,97.11,97.22,Failed,Contamination,239
Q00962,B202500962,P014,2025-09-20,Purity,98.79,96.44,Passed,None,0
Q00963,B202600963,P002,2026-05-17,Purity,97.58,95.21,Passed,None,0
Q00964,B202500964,P009,2025-06-16,Dissolution,96.85,96.43,Passed,None,0
Q00965,B202600965,P019,2025-01-07,Potency,98.74,96.96,Passed,None,0
Q00966,B202500966,P016,2025-02-18,Potency,95.91,95.12,Passed,None,0
Q00967,B202600967,P015,2025-04-18,Dissolution,97.86,95.5,Passed,None,0
Q00968,B202500968,P003,2025-09-09,Dissolution,97.7,95.87,Passed,None,0
Q00969,B202600969,P010,2025-01-29,Assay,96.1,95.09,Passed,None,0
Q00970,B202500970,P016,2026-01-14,Potency,102.34,98.12,Passed,None,0
Q00971,B202600971,P017,2025-05-17,Assay,98.9,98.58,Passed,None,0
Q00972,B202500972,P009,2025-06-18,Dissolution,95.49,96.58,Failed,Packaging Defect,303
Q00973,B202600973,P015,2025-12-21,Dissolution,99.49,98.19,Passed,None,0
Q00974,B202500974,P005,2026-02-28,Purity,97.97,96.57,Passed,None,0
Q00975,B202600975,P016,2026-03-25,Potency,101.75,96.79,Passed,None,0
Q00976,B202500976,P011,2025-03-17,Potency,96.86,95.14,Passed,None,0
Q00977,B202600977,P019,2025-06-04,Potency,96.0,95.39,Passed,None,0
Q00978,B202500978,P017,2026-08-05,Assay,96.51,96.46,Passed,None,0
Q00979,B202600979,P013,2025-11-26,Assay,98.13,95.88,Passed,None,0
Q00980,B202500980,P004,2026-08-16,Assay,100.31,97.89,Passed,None,0
Q00981,B202600981,P017,2026-06-05,Assay,95.19,95.64,Failed,Contamination,313
Q00982,B202500982,P012,2026-05-28,Purity,102.01,98.12,Passed,None,0
Q00983,B202600983,P013,2025-04-28,Assay,95.74,97.56,Failed,Dissolution Failure,244
Q00984,B202500984,P011,2025-02-21,Potency,99.8,97.98,Passed,None,0
Q00985,B202600985,P004,2026-03-26,Assay,101.74,98.87,Passed,None,0
Q00986,B202500986,P019,2026-02-05,Potency,98.42,95.65,Passed,None,0
Q00987,B202600987,P001,2025-02-28,Assay,96.03,98.86,Failed,Packaging Defect,261
Q00988,B202500988,P011,2025-02-23,Potency,102.79,96.96,Passed,None,0
Q00989,B202600989,P016,2025-02-04,Potency,98.76,97.88,Passed,None,0
Q00990,B202500990,P012,2025-07-12,Purity,96.18,96.54,Failed,Dissolution Failure,410
Q00991,B202600991,P009,2025-04-29,Dissolution,100.56,98.94,Passed,None,0
Q00992,B202500992,P002,2026-08-08,Purity,99.3,96.63,Passed,None,0
Q00993,B202600993,P007,2025-02-11,Assay,98.27,96.8,Passed,None,0
Q00994,B202500994,P018,2026-04-07,Purity,100.55,96.56,Passed,None,0
Q00995,B202600995,P007,2025-06-29,Assay,96.92,98.09,Failed,Contamination,521
Q00996,B202500996,P014,2026-04-05,Purity,98.44,96.04,Passed,None,0
Q00997,B202600997,P019,2026-01-03,Potency,101.09,98.12,Passed,None,0
Q00998,B202500998,P008,2025-05-23,Purity,98.98,96.6,Passed,None,0
Q00999,B202600999,P007,2026-06-23,Assay,100.73,98.4,Passed,None,0
Q01000,B202501000,P004,2026-07-15,Assay,99.04,95.84,Passed,None,0
Q01001,B202601001,P005,2025-01-23,Purity,93.25,96.39,Failed,Contamination,930
Q01002,B202501002,P016,2025-04-28,Potency,99.2,97.89,Passed,None,0
Q01003,B202601003,P015,2025-10-23,Dissolution,94.87,97.94,Failed,High Impurity,174
Q01004,B202501004,P002,2025-05-29,Purity,101.96,98.41,Passed,None,0
Q01005,B202601005,P017,2025-10-09,Assay,97.23,97.45,Failed,Low Potency,667
Q01006,B202501006,P013,2026-01-22,Assay,99.99,98.04,Passed,None,0
Q01007,B202601007,P004,2026-06-10,Assay,98.26,97.05,Passed,None,0
Q01008,B202501008,P005,2025-08-07,Purity,98.26,95.32,Passed,None,0
Q01009,B202601009,P008,2026-03-11,Purity,99.9,96.43,Passed,None,0
Q01010,B202501010,P020,2025-04-20,Potency,97.89,95.56,Passed,None,0
Q01011,B202601011,P002,2026-03-19,Purity,98.91,95.5,Passed,None,0
Q01012,B202501012,P017,2026-08-23,Assay,101.68,98.84,Passed,None,0
Q01013,B202601013,P007,2025-03-21,Assay,97.16,97.91,Failed,Packaging Defect,355
Q01014,B202501014,P013,2026-02-01,Assay,98.3,96.66,Passed,None,0
Q01015,B202601015,P012,2025-08-26,Purity,99.64,98.21,Passed,None,0
Q01016,B202501016,P016,2026-03-18,Potency,99.62,97.75,Passed,None,0
Q01017,B202601017,P018,2026-02-28,Purity,103.45,97.88,Passed,None,0
Q01018,B202501018,P016,2026-05-05,Potency,98.23,95.51,Passed,None,0
Q01019,B202601019,P011,2026-03-06,Potency,94.8,98.31,Failed,Contamination,772
Q01020,B202501020,P007,2025-09-09,Assay,97.64,97.63,Passed,None,0
Q01021,B202601021,P011,2026-02-22,Potency,100.63,98.79,Passed,None,0
Q01022,B202501022,P004,2025-09-30,Assay,95.45,98.11,Failed,Packaging Defect,296
Q01023,B202601023,P015,2025-05-29,Dissolution,97.36,96.1,Passed,None,0
Q01024,B202501024,P014,2026-06-15,Purity,98.32,96.64,Passed,None,0
Q01025,B202601025,P013,2025-11-26,Assay,95.0,96.09,Failed,Packaging Defect,50
Q01026,B202501026,P011,2026-06-15,Potency,101.78,97.99,Passed,None,0
Q01027,B202601027,P019,2025-07-19,Potency,99.92,98.05,Passed,None,0
Q01028,B202501028,P010,2025-03-05,Assay,99.58,98.68,Passed,None,0
Q01029,B202601029,P015,2025-03-02,Dissolution,100.79,98.71,Passed,None,0
Q01030,B202501030,P018,2025-03-02,Purity,99.43,95.92,Passed,None,0
Q01031,B202601031,P013,2026-05-08,Assay,100.06,97.79,Passed,None,0
Q01032,B202501032,P012,2026-07-16,Purity,99.13,98.12,Passed,None,0
Q01033,B202601033,P006,2026-01-23,Assay,102.24,96.16,Passed,None,0
Q01034,B202501034,P007,2025-08-11,Assay,95.02,95.29,Failed,Packaging Defect,825
Q01035,B202601035,P005,2025-04-28,Purity,95.05,95.94,Failed,Contamination,191
Q01036,B202501036,P003,2025-10-11,Dissolution,100.46,97.13,Passed,None,0
Q01037,B202601037,P011,2025-12-31,Potency,97.33,96.93,Passed,None,0
Q01038,B202501038,P006,2025-05-03,Assay,98.93,98.28,Passed,None,0
Q01039,B202601039,P015,2026-07-30,Dissolution,99.84,97.11,Passed,None,0
Q01040,B202501040,P006,2025-10-15,Assay,100.73,98.32,Passed,None,0
Q01041,B202601041,P003,2026-08-03,Dissolution,100.25,98.97,Passed,None,0
Q01042,B202501042,P017,2025-11-14,Assay,99.55,98.83,Passed,None,0
Q01043,B202601043,P003,2026-05-20,Dissolution,94.24,95.16,Failed,Dissolution Failure,332
Q01044,B202501044,P017,2025-11-21,Assay,99.16,98.68,Passed,None,0
Q01045,B202601045,P017,2025-10-06,Assay,98.21,97.77,Passed,None,0
Q01046,B202501046,P013,2025-12-15,Assay,99.04,98.09,Passed,None,0
Q01047,B202601047,P012,2025-03-04,Purity,99.52,97.89,Passed,None,0
Q01048,B202501048,P006,2025-12-01,Assay,100.68,98.77,Passed,None,0
Q01049,B202601049,P016,2026-06-06,Potency,99.6,97.9,Passed,None,0
Q01050,B202501050,P001,2025-03-25,Assay,96.51,98.12,Failed,Packaging Defect,850
Q01051,B202601051,P010,2025-04-12,Assay,94.29,96.26,Failed,High Impurity,156
Q01052,B202501052,P018,2025-05-30,Purity,97.14,97.87,Failed,High Impurity,879
Q01053,B202601053,P018,2025-07-05,Purity,98.62,96.47,Passed,None,0
Q01054,B202501054,P012,2025-01-13,Purity,99.75,96.71,Passed,None,0
Q01055,B202601055,P020,2026-05-17,Potency,96.27,95.25,Passed,None,0
Q01056,B202501056,P003,2025-08-14,Dissolution,95.95,96.78,Failed,Dissolution Failure,811
Q01057,B202601057,P004,2025-02-04,Assay,100.19,98.04,Passed,None,0
Q01058,B202501058,P014,2026-06-30,Purity,102.1,98.45,Passed,None,0
Q01059,B202601059,P017,2025-01-28,Assay,96.25,95.94,Passed,None,0
Q01060,B202501060,P011,2025-02-20,Potency,98.96,97.56,Passed,None,0
Q01061,B202601061,P018,2025-01-09,Purity,98.09,95.7,Passed,None,0
Q01062,B202501062,P007,2026-08-05,Assay,95.7,95.96,Failed,High Impurity,692
Q01063,B202601063,P003,2025-06-21,Dissolution,98.46,98.17,Passed,None,0
Q01064,B202501064,P008,2025-08-22,Purity,99.05,98.04,Passed,None,0
Q01065,B202601065,P004,2026-08-05,Assay,96.05,96.88,Failed,High Impurity,962
Q01066,B202501066,P007,2026-05-17,Assay,99.52,96.01,Passed,None,0
Q01067,B202601067,P003,2025-11-20,Dissolution,98.68,98.1,Passed,None,0
Q01068,B202501068,P014,2026-02-12,Purity,100.28,98.87,Passed,None,0
Q01069,B202601069,P011,2026-07-25,Potency,97.97,97.87,Passed,None,0
Q01070,B202501070,P014,2026-02-14,Purity,96.26,98.42,Failed,Low Potency,597
Q01071,B202601071,P002,2025-08-14,Purity,96.1,95.51,Passed,None,0
Q01072,B202501072,P018,2025-08-03,Purity,98.58,96.02,Passed,None,0
Q01073,B202601073,P012,2025-12-08,Purity,98.31,96.6,Passed,None,0
Q01074,B202501074,P010,2026-01-06,Assay,96.33,95.45,Passed,None,0
Q01075,B202601075,P002,2026-05-30,Purity,96.07,95.52,Passed,None,0
Q01076,B202501076,P001,2025-04-13,Assay,99.12,97.11,Passed,None,0
Q01077,B202601077,P020,2025-04-04,Potency,100.86,98.3,Passed,None,0
Q01078,B202501078,P019,2025-10-06,Potency,96.95,98.31,Failed,Low Potency,737
Q01079,B202601079,P013,2026-06-12,Assay,96.14,95.05,Passed,None,0
Q01080,B202501080,P004,2026-03-12,Assay,101.08,98.84,Passed,None,0
Q01081,B202601081,P009,2025-08-10,Dissolution,99.58,97.76,Passed,None,0
Q01082,B202501082,P001,2026-07-04,Assay,93.14,95.04,Failed,Dissolution Failure,603
Q01083,B202601083,P004,2025-06-20,Assay,98.55,97.04,Passed,None,0
Q01084,B202501084,P010,2026-04-24,Assay,99.17,98.83,Passed,None,0
Q01085,B202601085,P016,2025-11-14,Potency,100.51,97.94,Passed,None,0
Q01086,B202501086,P002,2025-07-10,Purity,92.34,96.81,Failed,Low Potency,516
Q01087,B202601087,P004,2025-11-24,Assay,99.68,96.82,Passed,None,0
Q01088,B202501088,P001,2025-08-07,Assay,95.64,97.15,Failed,Low Potency,350
Q01089,B202601089,P005,2026-04-30,Purity,98.73,97.81,Passed,None,0
Q01090,B202501090,P009,2025-06-18,Dissolution,97.88,96.24,Passed,None,0
Q01091,B202601091,P020,2026-06-07,Potency,97.54,95.18,Passed,None,0
Q01092,B202501092,P006,2025-12-21,Assay,96.04,96.69,Failed,Packaging Defect,187
Q01093,B202601093,P009,2025-01-08,Dissolution,99.3,98.02,Passed,None,0
Q01094,B202501094,P011,2026-02-28,Potency,97.81,97.15,Passed,None,0
Q01095,B202601095,P003,2026-05-29,Dissolution,97.71,96.53,Passed,None,0
Q01096,B202501096,P012,2026-02-01,Purity,100.54,98.55,Passed,None,0
Q01097,B202601097,P011,2025-10-22,Potency,96.55,96.43,Passed,None,0
Q01098,B202501098,P015,2026-02-15,Dissolution,102.3,96.55,Passed,None,0
Q01099,B202601099,P003,2025-12-31,Dissolution,99.54,98.38,Passed,None,0
Q01100,B202501100,P002,2025-02-02,Purity,97.97,96.57,Passed,None,0
Q01101,B202601101,P011,2025-11-28,Potency,96.32,95.18,Passed,None,0
Q01102,B202501102,P017,2026-03-11,Assay,96.22,97.91,Failed,Packaging Defect,526
Q01103,B202601103,P001,2025-03-19,Assay,98.61,98.81,Failed,Low Potency,71
Q01104,B202501104,P002,2025-11-06,Purity,94.76,96.78,Failed,Packaging Defect,118
Q01105,B202601105,P012,2025-09-04,Purity,99.84,98.68,Passed,None,0
Q01106,B202501106,P003,2025-11-16,Dissolution,95.08,95.52,Failed,Dissolution Failure,544
Q01107,B202601107,P011,2025-08-07,Potency,100.01,97.3,Passed,None,0
Q01108,B202501108,P002,2025-05-29,Purity,99.48,98.93,Passed,None,0
Q01109,B202601109,P019,2025-11-17,Potency,98.62,96.44,Passed,None,0
Q01110,B202501110,P013,2025-07-06,Assay,100.95,97.49,Passed,None,0
Q01111,B202601111,P017,2025-05-29,Assay,96.68,95.63,Passed,None,0
Q01112,B202501112,P004,2025-04-08,Assay,96.47,95.87,Passed,None,0
Q01113,B202601113,P016,2025-02-27,Potency,98.41,97.87,Passed,None,0
Q01114,B202501114,P014,2025-08-27,Purity,99.46,96.29,Passed,None,0
Q01115,B202601115,P017,2026-03-16,Assay,99.44,97.9,Passed,None,0
Q01116,B202501116,P008,2026-07-15,Purity,101.09,96.85,Passed,None,0
Q01117,B202601117,P011,2025-09-28,Potency,97.71,97.34,Passed,None,0
Q01118,B202501118,P019,2025-04-02,Potency,99.38,95.55,Passed,None,0
Q01119,B202601119,P004,2025-12-09,Assay,97.6,95.81,Passed,None,0
Q01120,B202501120,P013,2026-03-18,Assay,96.98,95.38,Passed,None,0
Q01121,B202601121,P014,2026-08-12,Purity,99.0,96.13,Passed,None,0
Q01122,B202501122,P009,2026-04-16,Dissolution,94.15,95.82,Failed,Contamination,156
Q01123,B202601123,P012,2025-08-04,Purity,101.13,98.58,Passed,None,0
Q01124,B202501124,P001,2026-08-08,Assay,95.09,98.93,Failed,Dissolution Failure,353
Q01125,B202601125,P014,2025-04-30,Purity,95.66,96.74,Failed,High Impurity,581
Q01126,B202501126,P006,2026-03-01,Assay,96.37,95.02,Passed,None,0
Q01127,B202601127,P005,2025-03-23,Purity,98.58,98.1,Passed,None,0
Q01128,B202501128,P001,2025-03-06,Assay,99.71,96.95,Passed,None,0
Q01129,B202601129,P020,2025-10-03,Potency,93.42,97.84,Failed,Packaging Defect,50
Q01130,B202501130,P010,2025-07-05,Assay,98.2,96.44,Passed,None,0
Q01131,B202601131,P017,2026-02-11,Assay,101.89,97.39,Passed,None,0
Q01132,B202501132,P001,2025-03-29,Assay,96.95,95.9,Passed,None,0
Q01133,B202601133,P007,2025-08-18,Assay,95.98,96.78,Failed,Packaging Defect,508
Q01134,B202501134,P004,2026-02-03,Assay,99.74,97.75,Passed,None,0
Q01135,B202601135,P011,2025-09-19,Potency,99.4,98.03,Passed,None,0
Q01136,B202501136,P012,2025-01-29,Purity,96.6,95.1,Passed,None,0
Q01137,B202601137,P018,2025-10-19,Purity,102.84,97.92,Passed,None,0
Q01138,B202501138,P009,2025-10-04,Dissolution,98.59,98.15,Passed,None,0
Q01139,B202601139,P017,2025-05-16,Assay,99.0,97.77,Passed,None,0
Q01140,B202501140,P009,2026-05-11,Dissolution,101.55,97.42,Passed,None,0
Q01141,B202601141,P020,2026-01-20,Potency,100.83,98.54,Passed,None,0
Q01142,B202501142,P016,2025-03-27,Potency,101.84,97.49,Passed,None,0
Q01143,B202601143,P013,2026-08-02,Assay,95.86,96.22,Failed,Dissolution Failure,328
Q01144,B202501144,P017,2025-04-21,Assay,99.83,98.28,Passed,None,0
Q01145,B202601145,P006,2026-07-02,Assay,95.81,98.48,Failed,Packaging Defect,115
Q01146,B202501146,P003,2026-07-24,Dissolution,101.83,95.71,Passed,None,0
Q01147,B202601147,P009,2025-03-25,Dissolution,97.16,98.06,Failed,Low Potency,498
Q01148,B202501148,P010,2025-08-10,Assay,98.42,95.39,Passed,None,0
Q01149,B202601149,P010,2025-01-23,Assay,96.48,95.05,Passed,None,0
Q01150,B202501150,P005,2026-01-05,Purity,98.31,96.86,Passed,None,0
Q01151,B202601151,P008,2026-03-13,Purity,95.63,95.79,Failed,Contamination,432
Q01152,B202501152,P015,2025-09-11,Dissolution,95.11,97.49,Failed,Low Potency,826
Q01153,B202601153,P016,2025-08-22,Potency,96.88,95.83,Passed,None,0
Q01154,B202501154,P012,2026-04-14,Purity,101.47,98.4,Passed,None,0
Q01155,B202601155,P008,2026-06-19,Purity,100.43,97.61,Passed,None,0
Q01156,B202501156,P019,2026-07-23,Potency,98.77,97.39,Passed,None,0
Q01157,B202601157,P007,2026-04-28,Assay,96.09,96.14,Failed,High Impurity,933
Q01158,B202501158,P020,2026-05-06,Potency,97.22,95.89,Passed,None,0
Q01159,B202601159,P013,2025-04-08,Assay,97.11,98.45,Failed,Packaging Defect,884
Q01160,B202501160,P014,2025-09-26,Purity,101.27,97.4,Passed,None,0
Q01161,B202601161,P018,2025-04-05,Purity,96.16,95.63,Passed,None,0
Q01162,B202501162,P004,2025-03-25,Assay,92.06,96.67,Failed,Packaging Defect,359
Q01163,B202601163,P008,2026-02-28,Purity,97.37,95.67,Passed,None,0
Q01164,B202501164,P005,2025-05-24,Purity,101.31,98.97,Passed,None,0
Q01165,B202601165,P013,2025-12-25,Assay,100.18,98.07,Passed,None,0
Q01166,B202501166,P012,2025-06-06,Purity,97.13,97.33,Failed,Dissolution Failure,967
Q01167,B202601167,P002,2026-07-29,Purity,93.76,95.09,Failed,Packaging Defect,979
Q01168,B202501168,P015,2026-06-05,Dissolution,93.54,95.7,Failed,Packaging Defect,868
Q01169,B202601169,P010,2025-04-01,Assay,95.99,97.49,Failed,Packaging Defect,438
Q01170,B202501170,P019,2025-02-25,Potency,101.52,96.89,Passed,None,0
Q01171,B202601171,P018,2026-01-18,Purity,100.98,97.99,Passed,None,0
Q01172,B202501172,P010,2026-03-20,Assay,96.32,95.14,Passed,None,0
Q01173,B202601173,P003,2026-04-03,Dissolution,97.5,97.82,Failed,Packaging Defect,260
Q01174,B202501174,P010,2025-07-29,Assay,94.79,95.36,Failed,Contamination,549
Q01175,B202601175,P017,2025-10-11,Assay,100.87,97.69,Passed,None,0
Q01176,B202501176,P011,2025-09-17,Potency,99.45,95.77,Passed,None,0
Q01177,B202601177,P013,2025-09-17,Assay,95.54,95.06,Passed,None,0
Q01178,B202501178,P015,2025-10-02,Dissolution,98.61,97.64,Passed,None,0
Q01179,B202601179,P007,2026-02-27,Assay,98.99,96.32,Passed,None,0
Q01180,B202501180,P006,2026-02-08,Assay,101.15,96.66,Passed,None,0
Q01181,B202601181,P011,2026-02-28,Potency,96.74,95.55,Passed,None,0
Q01182,B202501182,P016,2026-01-02,Potency,97.27,97.26,Passed,None,0
Q01183,B202601183,P003,2025-03-19,Dissolution,96.9,96.46,Passed,None,0
Q01184,B202501184,P003,2025-11-26,Dissolution,97.76,97.3,Passed,None,0
Q01185,B202601185,P008,2025-12-27,Purity,97.27,98.13,Failed,High Impurity,857
Q01186,B202501186,P004,2025-01-13,Assay,99.82,97.81,Passed,None,0
Q01187,B202601187,P007,2025-05-05,Assay,98.01,97.47,Passed,None,0
Q01188,B202501188,P004,2025-03-12,Assay,95.86,95.28,Passed,None,0
Q01189,B202601189,P010,2026-01-25,Assay,98.87,96.13,Passed,None,0
Q01190,B202501190,P016,2025-11-12,Potency,101.15,98.84,Passed,None,0
Q01191,B202601191,P019,2025-04-05,Potency,101.13,98.83,Passed,None,0
Q01192,B202501192,P018,2026-01-04,Purity,91.87,95.25,Failed,Low Potency,246
Q01193,B202601193,P014,2026-02-06,Purity,100.94,98.19,Passed,None,0
Q01194,B202501194,P001,2025-06-20,Assay,98.43,97.77,Passed,None,0
Q01195,B202601195,P019,2025-03-23,Potency,94.57,95.27,Failed,High Impurity,854
Q01196,B202501196,P003,2025-12-23,Dissolution,98.89,96.9,Passed,None,0
Q01197,B202601197,P003,2025-11-01,Dissolution,98.16,97.67,Passed,None,0
Q01198,B202501198,P012,2026-03-25,Purity,99.55,96.29,Passed,None,0
Q01199,B202601199,P017,2026-05-03,Assay,98.0,95.76,Passed,None,0
Q01200,B202501200,P014,2025-11-02,Purity,95.53,97.65,Failed,Low Potency,108
Q01201,B202601201,P003,2025-06-27,Dissolution,98.0,96.06,Passed,None,0
Q01202,B202501202,P006,2025-06-08,Assay,99.1,96.32,Passed,None,0
Q01203,B202601203,P002,2026-03-11,Purity,99.82,95.96,Passed,None,0
Q01204,B202501204,P005,2025-04-06,Purity,97.03,96.1,Passed,None,0
Q01205,B202601205,P001,2025-11-30,Assay,95.88,95.72,Passed,None,0
Q01206,B202501206,P015,2026-01-07,Dissolution,90.96,95.24,Failed,Packaging Defect,659
Q01207,B202601207,P002,2025-12-31,Purity,97.33,95.79,Passed,None,0
Q01208,B202501208,P003,2025-01-05,Dissolution,98.29,95.13,Passed,None,0
Q01209,B202601209,P010,2025-05-29,Assay,97.68,97.39,Passed,None,0
Q01210,B202501210,P010,2026-08-18,Assay,97.86,98.86,Failed,Contamination,53
Q01211,B202601211,P015,2026-06-18,Dissolution,98.78,97.25,Passed,None,0
Q01212,B202501212,P001,2025-06-12,Assay,101.13,97.6,Passed,None,0
Q01213,B202601213,P007,2026-05-25,Assay,97.88,95.63,Passed,None,0
Q01214,B202501214,P001,2026-01-29,Assay,98.41,95.09,Passed,None,0
Q01215,B202601215,P005,2025-12-18,Purity,98.81,96.38,Passed,None,0
Q01216,B202501216,P012,2025-11-16,Purity,99.54,96.53,Passed,None,0
Q01217,B202601217,P018,2026-07-20,Purity,92.31,95.52,Failed,Low Potency,539
Q01218,B202501218,P012,2026-04-02,Purity,93.83,95.12,Failed,Dissolution Failure,564
Q01219,B202601219,P005,2026-03-28,Purity,97.29,98.17,Failed,Packaging Defect,369
Q01220,B202501220,P015,2026-06-28,Dissolution,95.71,95.18,Passed,None,0
Q01221,B202601221,P002,2026-08-05,Purity,100.18,97.53,Passed,None,0
Q01222,B202501222,P005,2025-03-02,Purity,95.71,95.19,Passed,None,0
Q01223,B202601223,P006,2025-01-16,Assay,98.59,95.97,Passed,None,0
Q01224,B202501224,P006,2025-09-12,Assay,99.02,96.86,Passed,None,0
Q01225,B202601225,P011,2025-09-27,Potency,98.86,97.4,Passed,None,0
Q01226,B202501226,P012,2025-01-21,Purity,98.75,96.93,Passed,None,0
Q01227,B202601227,P004,2025-05-29,Assay,92.58,95.44,Failed,Packaging Defect,319
Q01228,B202501228,P006,2025-02-12,Assay,92.96,95.01,Failed,Low Potency,462
Q01229,B202601229,P001,2026-03-09,Assay,97.18,95.05,Passed,None,0
Q01230,B202501230,P005,2025-02-20,Purity,96.79,96.86,Failed,High Impurity,76
Q01231,B202601231,P003,2025-08-17,Dissolution,96.04,96.58,Failed,Packaging Defect,985
Q01232,B202501232,P018,2026-02-02,Purity,94.2,97.85,Failed,Dissolution Failure,605
Q01233,B202601233,P003,2025-03-12,Dissolution,98.68,97.09,Passed,None,0
Q01234,B202501234,P014,2026-03-07,Purity,96.22,95.83,Passed,None,0
Q01235,B202601235,P016,2026-06-24,Potency,100.56,98.35,Passed,None,0
Q01236,B202501236,P013,2025-06-10,Assay,96.73,98.97,Failed,Low Potency,176
Q01237,B202601237,P004,2025-09-24,Assay,100.59,96.74,Passed,None,0
Q01238,B202501238,P020,2025-07-31,Potency,101.25,97.45,Passed,None,0
Q01239,B202601239,P005,2025-04-17,Purity,96.98,95.61,Passed,None,0
Q01240,B202501240,P001,2025-01-19,Assay,99.13,96.87,Passed,None,0
Q01241,B202601241,P014,2025-06-02,Purity,99.64,97.04,Passed,None,0
Q01242,B202501242,P017,2026-08-16,Assay,92.15,96.18,Failed,Contamination,261
Q01243,B202601243,P018,2025-06-10,Purity,99.18,98.55,Passed,None,0
Q01244,B202501244,P001,2026-05-23,Assay,100.83,98.03,Passed,None,0
Q01245,B202601245,P017,2026-03-16,Assay,100.81,98.49,Passed,None,0
Q01246,B202501246,P005,2025-11-24,Purity,101.92,97.97,Passed,None,0
Q01247,B202601247,P009,2025-06-03,Dissolution,100.91,98.97,Passed,None,0
Q01248,B202501248,P020,2026-03-10,Potency,100.82,96.06,Passed,None,0
Q01249,B202601249,P019,2025-05-27,Potency,99.76,98.24,Passed,None,0
Q01250,B202501250,P006,2025-05-30,Assay,95.07,96.45,Failed,Contamination,908
Q01251,B202601251,P005,2026-06-30,Purity,100.53,98.37,Passed,None,0
Q01252,B202501252,P005,2025-08-14,Purity,98.71,97.11,Passed,None,0
Q01253,B202601253,P013,2026-06-13,Assay,95.26,96.6,Failed,High Impurity,342
Q01254,B202501254,P006,2025-10-21,Assay,101.98,97.99,Passed,None,0
Q01255,B202601255,P002,2025-08-20,Purity,99.49,98.35,Passed,None,0
Q01256,B202501256,P005,2026-03-26,Purity,100.19,97.24,Passed,None,0
Q01257,B202601257,P001,2025-02-13,Assay,99.81,98.0,Passed,None,0
Q01258,B202501258,P007,2026-03-22,Assay,100.87,95.14,Passed,None,0
Q01259,B202601259,P011,2025-11-12,Potency,99.74,98.86,Passed,None,0
Q01260,B202501260,P012,2026-04-17,Purity,96.57,96.65,Failed,Dissolution Failure,304
Q01261,B202601261,P009,2025-07-19,Dissolution,94.18,95.79,Failed,Contamination,826
Q01262,B202501262,P017,2026-07-15,Assay,101.0,97.37,Passed,None,0
Q01263,B202601263,P020,2025-10-14,Potency,98.52,97.27,Passed,None,0
Q01264,B202501264,P008,2025-05-28,Purity,97.29,98.74,Failed,Contamination,583
Q01265,B202601265,P013,2026-02-14,Assay,101.93,98.41,Passed,None,0
Q01266,B202501266,P018,2026-01-25,Purity,97.56,95.55,Passed,None,0
Q01267,B202601267,P003,2026-06-17,Dissolution,95.5,96.03,Failed,High Impurity,938
Q01268,B202501268,P005,2025-07-11,Purity,97.87,98.13,Failed,Low Potency,264
Q01269,B202601269,P008,2025-12-01,Purity,98.94,97.46,Passed,None,0
Q01270,B202501270,P002,2025-04-26,Purity,96.57,97.63,Failed,Packaging Defect,932
Q01271,B202601271,P001,2025-06-17,Assay,100.23,95.58,Passed,None,0
Q01272,B202501272,P015,2025-12-10,Dissolution,96.18,96.23,Failed,Low Potency,562
Q01273,B202601273,P010,2026-08-11,Assay,97.93,95.75,Passed,None,0
Q01274,B202501274,P010,2025-09-20,Assay,97.45,96.21,Passed,None,0
Q01275,B202601275,P009,2025-04-05,Dissolution,97.04,96.13,Passed,None,0
Q01276,B202501276,P007,2025-02-17,Assay,94.93,96.33,Failed,Low Potency,665
Q01277,B202601277,P013,2026-03-20,Assay,99.34,98.96,Passed,None,0
Q01278,B202501278,P009,2026-05-20,Dissolution,97.33,96.03,Passed,None,0
Q01279,B202601279,P002,2025-03-19,Purity,97.22,95.98,Passed,None,0
Q01280,B202501280,P001,2025-05-31,Assay,98.62,96.45,Passed,None,0
Q01281,B202601281,P014,2026-04-29,Purity,99.94,97.4,Passed,None,0
Q01282,B202501282,P016,2025-10-05,Potency,99.77,97.02,Passed,None,0
Q01283,B202601283,P019,2025-12-25,Potency,98.71,97.01,Passed,None,0
Q01284,B202501284,P012,2025-03-22,Purity,97.47,95.12,Passed,None,0
Q01285,B202601285,P020,2025-02-26,Potency,100.86,95.96,Passed,None,0
Q01286,B202501286,P011,2026-04-09,Potency,100.01,97.74,Passed,None,0
Q01287,B202601287,P009,2025-06-12,Dissolution,91.81,95.25,Failed,Dissolution Failure,288
Q01288,B202501288,P009,2026-05-21,Dissolution,95.33,96.04,Failed,Packaging Defect,163
Q01289,B202601289,P006,2025-09-06,Assay,94.05,98.93,Failed,High Impurity,490
Q01290,B202501290,P012,2025-12-23,Purity,100.01,98.67,Passed,None,0
Q01291,B202601291,P017,2026-01-21,Assay,98.42,96.04,Passed,None,0
Q01292,B202501292,P017,2025-06-10,Assay,101.48,97.99,Passed,None,0
Q01293,B202601293,P018,2025-10-06,Purity,99.77,95.03,Passed,None,0
Q01294,B202501294,P008,2026-05-14,Purity,95.72,96.69,Failed,Dissolution Failure,117
Q01295,B202601295,P011,2026-03-10,Potency,97.48,97.57,Failed,Dissolution Failure,509
Q01296,B202501296,P013,2025-06-25,Assay,94.67,97.08,Failed,High Impurity,569
Q01297,B202601297,P002,2025-09-29,Purity,94.93,95.27,Failed,Low Potency,366
Q01298,B202501298,P017,2025-07-29,Assay,97.81,98.07,Failed,Packaging Defect,269
Q01299,B202601299,P014,2025-12-16,Purity,102.78,98.5,Passed,None,0
Q01300,B202501300,P016,2026-08-09,Potency,96.64,96.2,Passed,None,0
Q01301,B202601301,P010,2025-09-02,Assay,98.15,96.6,Passed,None,0
Q01302,B202501302,P008,2025-01-13,Purity,97.07,96.25,Passed,None,0
Q01303,B202601303,P002,2026-07-25,Purity,98.42,96.63,Passed,None,0
Q01304,B202501304,P004,2026-01-15,Assay,101.9,95.85,Passed,None,0
Q01305,B202601305,P015,2025-10-29,Dissolution,94.23,95.21,Failed,Low Potency,161
Q01306,B202501306,P004,2025-03-16,Assay,97.35,95.31,Passed,None,0
Q01307,B202601307,P020,2026-07-16,Potency,99.16,97.74,Passed,None,0
Q01308,B202501308,P012,2025-08-11,Purity,99.28,95.73,Passed,None,0
Q01309,B202601309,P015,2026-01-07,Dissolution,103.23,98.73,Passed,None,0
Q01310,B202501310,P013,2025-03-14,Assay,97.69,95.82,Passed,None,0
Q01311,B202601311,P019,2025-04-08,Potency,95.13,95.82,Failed,High Impurity,89
Q01312,B202501312,P020,2026-06-19,Potency,97.23,98.31,Failed,Dissolution Failure,293
Q01313,B202601313,P002,2026-03-10,Purity,100.02,98.51,Passed,None,0
Q01314,B202501314,P002,2025-12-27,Purity,103.41,98.33,Passed,None,0
Q01315,B202601315,P008,2026-07-27,Purity,98.64,97.79,Passed,None,0
Q01316,B202501316,P015,2025-10-06,Dissolution,96.14,95.95,Passed,None,0
Q01317,B202601317,P016,2025-05-21,Potency,93.31,95.22,Failed,Packaging Defect,338
Q01318,B202501318,P003,2025-07-19,Dissolution,93.54,95.52,Failed,Dissolution Failure,625
Q01319,B202601319,P002,2025-07-14,Purity,99.07,98.12,Passed,None,0
Q01320,B202501320,P011,2026-02-23,Potency,98.77,95.25,Passed,None,0
Q01321,B202601321,P011,2026-02-13,Potency,97.82,95.62,Passed,None,0
Q01322,B202501322,P008,2025-03-27,Purity,97.87,95.82,Passed,None,0
Q01323,B202601323,P018,2025-07-16,Purity,98.73,96.53,Passed,None,0
Q01324,B202501324,P002,2026-06-11,Purity,96.74,95.86,Passed,None,0
Q01325,B202601325,P015,2026-07-17,Dissolution,95.51,97.62,Failed,Dissolution Failure,986
Q01326,B202501326,P006,2026-04-23,Assay,99.13,97.31,Passed,None,0
Q01327,B202601327,P010,2025-07-13,Assay,92.96,95.27,Failed,High Impurity,668
Q01328,B202501328,P004,2025-03-03,Assay,100.4,98.72,Passed,None,0
Q01329,B202601329,P018,2025-12-28,Purity,95.58,95.94,Failed,High Impurity,441
Q01330,B202501330,P011,2026-03-07,Potency,99.43,97.68,Passed,None,0
Q01331,B202601331,P013,2026-05-06,Assay,96.28,95.04,Passed,None,0
Q01332,B202501332,P020,2026-02-01,Potency,96.92,97.25,Failed,High Impurity,500
Q01333,B202601333,P012,2026-02-04,Purity,103.3,98.15,Passed,None,0
Q01334,B202501334,P018,2026-07-08,Purity,98.72,97.24,Passed,None,0
Q01335,B202601335,P015,2025-12-23,Dissolution,93.18,96.32,Failed,Low Potency,579
Q01336,B202501336,P009,2025-10-06,Dissolution,93.55,95.02,Failed,High Impurity,812
Q01337,B202601337,P007,2025-06-06,Assay,99.0,98.36,Passed,None,0
Q01338,B202501338,P020,2026-02-25,Potency,96.61,96.23,Passed,None,0
Q01339,B202601339,P006,2026-02-23,Assay,99.57,97.83,Passed,None,0
Q01340,B202501340,P019,2026-06-14,Potency,97.97,97.02,Passed,None,0
Q01341,B202601341,P006,2026-03-01,Assay,95.64,96.77,Failed,Low Potency,689
Q01342,B202501342,P012,2026-07-31,Purity,92.35,96.02,Failed,Low Potency,152
Q01343,B202601343,P019,2026-03-05,Potency,97.7,96.79,Passed,None,0
Q01344,B202501344,P012,2026-03-03,Purity,97.31,98.25,Failed,High Impurity,560
Q01345,B202601345,P009,2026-03-07,Dissolution,99.37,97.94,Passed,None,0
Q01346,B202501346,P012,2025-03-26,Purity,100.37,97.12,Passed,None,0
Q01347,B202601347,P007,2025-04-16,Assay,97.05,98.42,Failed,High Impurity,851
Q01348,B202501348,P002,2026-07-14,Purity,98.48,97.57,Passed,None,0
Q01349,B202601349,P011,2025-12-25,Potency,98.7,96.48,Passed,None,0
Q01350,B202501350,P008,2026-02-27,Purity,96.04,96.72,Failed,Contamination,275
Q01351,B202601351,P017,2025-01-17,Assay,99.03,95.59,Passed,None,0
Q01352,B202501352,P016,2025-01-02,Potency,101.56,97.85,Passed,None,0
Q01353,B202601353,P012,2025-06-14,Purity,102.43,98.95,Passed,None,0
Q01354,B202501354,P013,2025-04-26,Assay,98.4,96.23,Passed,None,0
Q01355,B202601355,P012,2025-02-04,Purity,96.76,95.78,Passed,None,0
Q01356,B202501356,P019,2025-05-31,Potency,99.5,97.59,Passed,None,0
Q01357,B202601357,P018,2026-03-17,Purity,97.43,97.19,Passed,None,0
Q01358,B202501358,P015,2025-08-28,Dissolution,98.37,96.24,Passed,None,0
Q01359,B202601359,P004,2025-11-14,Assay,100.21,97.57,Passed,None,0
Q01360,B202501360,P017,2025-03-13,Assay,94.66,97.97,Failed,High Impurity,76
Q01361,B202601361,P011,2025-02-14,Potency,97.44,95.36,Passed,None,0
Q01362,B202501362,P015,2026-03-26,Dissolution,99.72,98.6,Passed,None,0
Q01363,B202601363,P011,2025-01-17,Potency,103.58,97.94,Passed,None,0
Q01364,B202501364,P020,2025-11-01,Potency,98.07,97.6,Passed,None,0
Q01365,B202601365,P012,2025-03-02,Purity,94.9,95.26,Failed,Low Potency,292
Q01366,B202501366,P006,2026-02-04,Assay,97.17,97.19,Failed,Dissolution Failure,349
Q01367,B202601367,P013,2025-05-18,Assay,99.83,97.86,Passed,None,0
Q01368,B202501368,P004,2025-10-28,Assay,101.62,96.82,Passed,None,0
Q01369,B202601369,P006,2026-06-17,Assay,100.71,98.82,Passed,None,0
Q01370,B202501370,P004,2025-08-31,Assay,98.57,97.65,Passed,None,0
Q01371,B202601371,P020,2026-08-01,Potency,95.8,97.31,Failed,High Impurity,928
Q01372,B202501372,P011,2025-10-19,Potency,97.49,95.19,Passed,None,0
Q01373,B202601373,P011,2025-08-10,Potency,96.96,95.62,Passed,None,0
Q01374,B202501374,P008,2025-07-09,Purity,98.7,95.64,Passed,None,0
Q01375,B202601375,P007,2025-09-01,Assay,101.63,96.64,Passed,None,0
Q01376,B202501376,P006,2025-03-28,Assay,100.85,98.89,Passed,None,0
Q01377,B202601377,P018,2026-03-08,Purity,99.17,97.26,Passed,None,0
Q01378,B202501378,P015,2025-02-25,Dissolution,99.61,97.57,Passed,None,0
Q01379,B202601379,P008,2025-11-14,Purity,94.41,95.04,Failed,Dissolution Failure,195
Q01380,B202501380,P005,2025-09-29,Purity,100.26,97.83,Passed,None,0
Q01381,B202601381,P016,2026-05-01,Potency,96.12,95.41,Passed,None,0
Q01382,B202501382,P005,2026-07-18,Purity,100.69,98.39,Passed,None,0
Q01383,B202601383,P005,2025-06-12,Purity,99.45,97.9,Passed,None,0
Q01384,B202501384,P010,2026-03-04,Assay,99.56,97.06,Passed,None,0
Q01385,B202601385,P019,2026-02-10,Potency,99.96,96.92,Passed,None,0
Q01386,B202501386,P007,2025-02-17,Assay,92.0,96.43,Failed,Low Potency,319
Q01387,B202601387,P017,2025-06-03,Assay,96.42,95.43,Passed,None,0
Q01388,B202501388,P006,2025-08-04,Assay,99.23,96.82,Passed,None,0
Q01389,B202601389,P004,2025-07-22,Assay,96.55,95.03,Passed,None,0
Q01390,B202501390,P012,2026-02-27,Purity,100.12,98.89,Passed,None,0
Q01391,B202601391,P012,2026-06-22,Purity,94.32,97.85,Failed,Low Potency,133
Q01392,B202501392,P005,2025-06-26,Purity,99.89,98.35,Passed,None,0
Q01393,B202601393,P006,2026-07-28,Assay,98.18,96.54,Passed,None,0
Q01394,B202501394,P020,2026-06-11,Potency,99.49,98.17,Passed,None,0
Q01395,B202601395,P009,2025-07-02,Dissolution,101.49,96.16,Passed,None,0
Q01396,B202501396,P003,2026-08-14,Dissolution,101.05,98.58,Passed,None,0
Q01397,B202601397,P012,2025-03-23,Purity,100.23,97.8,Passed,None,0
Q01398,B202501398,P004,2025-12-28,Assay,95.51,95.74,Failed,Low Potency,821
Q01399,B202601399,P009,2025-02-26,Dissolution,99.04,96.99,Passed,None,0
Q01400,B202501400,P007,2025-07-29,Assay,98.97,95.55,Passed,None,0
Q01401,B202601401,P005,2025-12-02,Purity,96.89,96.97,Failed,Low Potency,120
Q01402,B202501402,P012,2026-06-30,Purity,100.38,96.58,Passed,None,0
Q01403,B202601403,P018,2026-07-27,Purity,96.9,97.13,Failed,Low Potency,830
Q01404,B202501404,P012,2025-07-31,Purity,100.8,98.67,Passed,None,0
Q01405,B202601405,P001,2026-07-14,Assay,97.72,98.72,Failed,Packaging Defect,215
Q01406,B202501406,P004,2025-10-22,Assay,98.44,97.91,Passed,None,0
Q01407,B202601407,P006,2025-11-24,Assay,96.84,97.57,Failed,Contamination,682
Q01408,B202501408,P008,2025-03-25,Purity,90.64,95.19,Failed,Contamination,564
Q01409,B202601409,P020,2026-07-08,Potency,97.37,95.19,Passed,None,0
Q01410,B202501410,P009,2025-08-20,Dissolution,99.73,97.8,Passed,None,0
Q01411,B202601411,P001,2025-08-30,Assay,98.85,96.91,Passed,None,0
Q01412,B202501412,P004,2025-12-05,Assay,96.98,97.16,Failed,Packaging Defect,816
Q01413,B202601413,P014,2025-11-29,Purity,96.72,96.22,Passed,None,0
Q01414,B202501414,P020,2026-01-05,Potency,96.23,96.09,Passed,None,0
Q01415,B202601415,P016,2026-02-20,Potency,95.88,96.27,Failed,High Impurity,970
Q01416,B202501416,P001,2025-11-20,Assay,95.59,95.34,Passed,None,0
Q01417,B202601417,P013,2025-11-23,Assay,98.51,96.84,Passed,None,0
Q01418,B202501418,P013,2025-12-12,Assay,96.26,97.98,Failed,Contamination,448
Q01419,B202601419,P020,2025-12-27,Potency,98.98,95.97,Passed,None,0
Q01420,B202501420,P014,2026-06-23,Purity,96.21,98.31,Failed,Packaging Defect,917
Q01421,B202601421,P006,2025-05-09,Assay,98.96,98.11,Passed,None,0
Q01422,B202501422,P003,2025-11-03,Dissolution,100.79,96.93,Passed,None,0
Q01423,B202601423,P005,2025-07-11,Purity,99.97,98.54,Passed,None,0
Q01424,B202501424,P007,2025-02-27,Assay,99.44,96.28,Passed,None,0
Q01425,B202601425,P016,2025-12-30,Potency,102.38,98.09,Passed,None,0
Q01426,B202501426,P013,2026-05-09,Assay,99.56,96.35,Passed,None,0
Q01427,B202601427,P003,2025-06-23,Dissolution,103.13,98.02,Passed,None,0
Q01428,B202501428,P010,2026-02-25,Assay,98.03,97.1,Passed,None,0
Q01429,B202601429,P017,2026-04-18,Assay,98.3,97.27,Passed,None,0
Q01430,B202501430,P011,2025-06-25,Potency,98.4,98.73,Failed,High Impurity,525
Q01431,B202601431,P013,2025-01-30,Assay,96.75,96.86,Failed,Dissolution Failure,305
Q01432,B202501432,P015,2025-07-31,Dissolution,100.36,96.97,Passed,None,0
Q01433,B202601433,P019,2025-11-25,Potency,99.49,97.27,Passed,None,0
Q01434,B202501434,P002,2026-08-05,Purity,98.19,96.15,Passed,None,0
Q01435,B202601435,P014,2025-08-03,Purity,97.92,95.18,Passed,None,0
Q01436,B202501436,P001,2026-06-24,Assay,92.63,95.59,Failed,Contamination,164
Q01437,B202601437,P002,2025-08-24,Purity,95.46,95.41,Passed,None,0
Q01438,B202501438,P015,2025-04-07,Dissolution,96.97,97.15,Failed,Dissolution Failure,848
Q01439,B202601439,P016,2025-03-21,Potency,98.41,97.63,Passed,None,0
Q01440,B202501440,P016,2026-07-18,Potency,99.74,97.64,Passed,None,0
Q01441,B202601441,P004,2025-08-10,Assay,99.17,97.51,Passed,None,0
Q01442,B202501442,P003,2025-11-19,Dissolution,99.58,96.78,Passed,None,0
Q01443,B202601443,P001,2025-02-17,Assay,97.06,96.5,Passed,None,0
Q01444,B202501444,P010,2026-03-27,Assay,99.37,98.17,Passed,None,0
Q01445,B202601445,P007,2025-11-15,Assay,96.81,97.83,Failed,Low Potency,996
Q01446,B202501446,P016,2026-04-09,Potency,97.46,96.13,Passed,None,0
Q01447,B202601447,P012,2025-06-18,Purity,100.27,96.99,Passed,None,0
Q01448,B202501448,P007,2025-12-17,Assay,98.17,98.6,Failed,Packaging Defect,679
Q01449,B202601449,P001,2025-10-03,Assay,101.79,97.92,Passed,None,0
Q01450,B202501450,P001,2025-10-18,Assay,94.7,96.23,Failed,Low Potency,499
Q01451,B202601451,P011,2025-07-29,Potency,96.71,95.48,Passed,None,0
Q01452,B202501452,P006,2026-01-16,Assay,98.32,96.02,Passed,None,0
Q01453,B202601453,P009,2025-08-05,Dissolution,92.08,95.68,Failed,Dissolution Failure,982
Q01454,B202501454,P019,2025-04-30,Potency,95.38,96.9,Failed,Contamination,236
Q01455,B202601455,P014,2026-06-26,Purity,97.44,96.48,Passed,None,0
Q01456,B202501456,P018,2025-05-24,Purity,94.87,95.94,Failed,Contamination,172
Q01457,B202601457,P001,2025-07-23,Assay,99.2,97.29,Passed,None,0
Q01458,B202501458,P003,2025-02-18,Dissolution,94.14,95.11,Failed,High Impurity,548
Q01459,B202601459,P014,2025-12-12,Purity,95.21,98.36,Failed,Dissolution Failure,474
Q01460,B202501460,P015,2025-06-10,Dissolution,98.71,98.46,Passed,None,0
Q01461,B202601461,P012,2025-10-15,Purity,100.03,98.55,Passed,None,0
Q01462,B202501462,P017,2025-09-10,Assay,100.03,96.31,Passed,None,0
Q01463,B202601463,P017,2026-04-16,Assay,98.19,97.9,Passed,None,0
Q01464,B202501464,P006,2025-01-27,Assay,102.04,98.98,Passed,None,0
Q01465,B202601465,P006,2025-11-26,Assay,95.87,96.88,Failed,Contamination,885
Q01466,B202501466,P020,2025-09-14,Potency,100.55,98.2,Passed,None,0
Q01467,B202601467,P013,2025-08-16,Assay,96.73,96.29,Passed,None,0
Q01468,B202501468,P003,2025-05-19,Dissolution,92.19,95.18,Failed,Low Potency,489
Q01469,B202601469,P010,2025-01-21,Assay,98.04,97.01,Passed,None,0
Q01470,B202501470,P001,2025-03-21,Assay,102.34,98.4,Passed,None,0
Q01471,B202601471,P020,2026-06-23,Potency,94.57,96.03,Failed,Low Potency,204
Q01472,B202501472,P020,2025-04-29,Potency,103.59,98.75,Passed,None,0
Q01473,B202601473,P004,2025-07-12,Assay,99.99,96.74,Passed,None,0
Q01474,B202501474,P001,2025-01-13,Assay,98.99,97.16,Passed,None,0
Q01475,B202601475,P011,2025-05-07,Potency,97.38,98.54,Failed,Dissolution Failure,276
Q01476,B202501476,P002,2025-04-07,Purity,97.19,95.36,Passed,None,0
Q01477,B202601477,P009,2025-05-04,Dissolution,95.16,95.6,Failed,Dissolution Failure,77
Q01478,B202501478,P002,2025-04-02,Purity,99.62,97.9,Passed,None,0
Q01479,B202601479,P014,2025-10-25,Purity,99.19,95.96,Passed,None,0
Q01480,B202501480,P020,2025-11-21,Potency,97.14,95.16,Passed,None,0
Q01481,B202601481,P019,2026-05-15,Potency,97.26,97.09,Passed,None,0
Q01482,B202501482,P003,2026-06-12,Dissolution,101.0,98.74,Passed,None,0
Q01483,B202601483,P010,2025-08-03,Assay,97.37,97.71,Failed,High Impurity,499
Q01484,B202501484,P018,2026-03-17,Purity,97.76,97.19,Passed,None,0
Q01485,B202601485,P015,2025-01-30,Dissolution,99.28,95.64,Passed,None,0
Q01486,B202501486,P008,2025-12-24,Purity,100.59,96.54,Passed,None,0
Q01487,B202601487,P013,2025-07-08,Assay,98.57,98.44,Passed,None,0
Q01488,B202501488,P020,2025-06-20,Potency,101.06,98.38,Passed,None,0
Q01489,B202601489,P018,2025-03-10,Purity,99.81,97.27,Passed,None,0
Q01490,B202501490,P012,2026-03-21,Purity,99.25,97.87,Passed,None,0
Q01491,B202601491,P008,2025-01-03,Purity,98.57,96.17,Passed,None,0
Q01492,B202501492,P016,2025-06-15,Potency,99.07,98.27,Passed,None,0
Q01493,B202601493,P008,2025-08-01,Purity,98.91,98.08,Passed,None,0
Q01494,B202501494,P011,2025-01-25,Potency,99.1,97.01,Passed,None,0
Q01495,B202601495,P008,2026-06-30,Purity,94.99,95.31,Failed,Low Potency,134
Q01496,B202501496,P012,2025-04-12,Purity,96.81,95.44,Passed,None,0
Q01497,B202601497,P008,2025-06-08,Purity,95.85,96.21,Failed,Dissolution Failure,71
Q01498,B202501498,P001,2025-04-23,Assay,101.85,98.4,Passed,None,0
Q01499,B202601499,P002,2025-03-06,Purity,94.64,96.51,Failed,High Impurity,106
Q01500,B202501500,P007,2026-03-10,Assay,93.99,98.77,Failed,Low Potency,835
Q01501,B202601501,P002,2025-10-28,Purity,96.27,95.61,Passed,None,0
Q01502,B202501502,P009,2026-08-14,Dissolution,98.53,97.45,Passed,None,0
Q01503,B202601503,P014,2026-05-24,Purity,99.95,95.97,Passed,None,0
Q01504,B202501504,P013,2026-02-25,Assay,99.14,97.49,Passed,None,0
Q01505,B202601505,P010,2026-03-06,Assay,96.38,95.58,Passed,None,0
Q01506,B202501506,P014,2026-07-01,Purity,100.96,98.15,Passed,None,0
Q01507,B202601507,P011,2025-07-31,Potency,102.59,98.3,Passed,None,0
Q01508,B202501508,P004,2025-03-16,Assay,102.5,95.92,Passed,None,0
Q01509,B202601509,P015,2025-08-18,Dissolution,96.39,95.34,Passed,None,0
Q01510,B202501510,P002,2025-05-10,Purity,97.33,97.84,Failed,Contamination,610
Q01511,B202601511,P015,2026-07-31,Dissolution,97.27,95.84,Passed,None,0
Q01512,B202501512,P003,2025-05-01,Dissolution,96.93,98.63,Failed,Packaging Defect,301
Q01513,B202601513,P005,2026-01-25,Purity,99.62,98.2,Passed,None,0
Q01514,B202501514,P007,2025-10-11,Assay,96.82,96.48,Passed,None,0
Q01515,B202601515,P014,2025-01-05,Purity,99.17,97.88,Passed,None,0
Q01516,B202501516,P006,2026-01-15,Assay,95.92,95.52,Passed,None,0
Q01517,B202601517,P001,2025-06-29,Assay,98.0,95.76,Passed,None,0
Q01518,B202501518,P018,2026-06-14,Purity,98.93,98.72,Passed,None,0
Q01519,B202601519,P002,2025-09-21,Purity,98.29,98.25,Passed,None,0
Q01520,B202501520,P001,2026-02-01,Assay,99.41,97.67,Passed,None,0
Q01521,B202601521,P003,2026-01-26,Dissolution,96.36,97.25,Failed,Packaging Defect,299
Q01522,B202501522,P008,2025-01-08,Purity,100.95,97.13,Passed,None,0
Q01523,B202601523,P014,2025-01-17,Purity,96.37,96.86,Failed,Low Potency,226
Q01524,B202501524,P006,2026-02-15,Assay,95.14,98.35,Failed,Packaging Defect,392
Q01525,B202601525,P009,2025-11-29,Dissolution,101.99,98.67,Passed,None,0
Q01526,B202501526,P020,2026-03-20,Potency,100.01,96.52,Passed,None,0
Q01527,B202601527,P013,2026-06-28,Assay,99.01,97.59,Passed,None,0
Q01528,B202501528,P013,2026-07-22,Assay,99.25,97.82,Passed,None,0
Q01529,B202601529,P011,2025-08-31,Potency,97.34,96.3,Passed,None,0
Q01530,B202501530,P020,2025-01-22,Potency,100.7,96.09,Passed,None,0
Q01531,B202601531,P001,2026-08-15,Assay,100.91,97.96,Passed,None,0
Q01532,B202501532,P007,2026-04-15,Assay,102.69,98.56,Passed,None,0
Q01533,B202601533,P002,2026-02-05,Purity,102.19,98.63,Passed,None,0
Q01534,B202501534,P017,2025-07-24,Assay,99.84,98.79,Passed,None,0
Q01535,B202601535,P019,2026-05-22,Potency,99.55,98.52,Passed,None,0
Q01536,B202501536,P003,2026-02-11,Dissolution,94.08,98.21,Failed,Contamination,755
Q01537,B202601537,P004,2026-07-23,Assay,99.75,97.78,Passed,None,0
Q01538,B202501538,P017,2025-10-25,Assay,99.59,97.49,Passed,None,0
Q01539,B202601539,P013,2025-12-13,Assay,96.08,97.22,Failed,Low Potency,127
Q01540,B202501540,P010,2026-04-17,Assay,96.08,95.25,Passed,None,0
Q01541,B202601541,P002,2025-01-19,Purity,99.25,98.3,Passed,None,0
Q01542,B202501542,P015,2026-03-18,Dissolution,98.41,96.05,Passed,None,0
Q01543,B202601543,P007,2025-08-20,Assay,97.18,96.47,Passed,None,0
Q01544,B202501544,P017,2026-05-21,Assay,96.49,96.25,Passed,None,0
Q01545,B202601545,P010,2025-05-09,Assay,94.87,95.36,Failed,Contamination,56
Q01546,B202501546,P016,2025-04-12,Potency,98.57,95.2,Passed,None,0
Q01547,B202601547,P004,2026-08-18,Assay,96.28,98.47,Failed,Contamination,59
Q01548,B202501548,P003,2025-12-30,Dissolution,93.62,95.44,Failed,Low Potency,75
Q01549,B202601549,P009,2026-01-15,Dissolution,101.21,98.4,Passed,None,0
Q01550,B202501550,P004,2026-04-25,Assay,100.13,97.82,Passed,None,0
Q01551,B202601551,P002,2025-11-14,Purity,97.06,96.98,Passed,None,0
Q01552,B202501552,P019,2025-11-08,Potency,97.62,96.04,Passed,None,0
Q01553,B202601553,P012,2025-09-29,Purity,95.13,95.33,Failed,High Impurity,947
Q01554,B202501554,P017,2026-03-23,Assay,97.63,95.42,Passed,None,0
Q01555,B202601555,P009,2025-08-10,Dissolution,98.25,96.61,Passed,None,0
Q01556,B202501556,P009,2026-07-28,Dissolution,99.16,97.42,Passed,None,0
Q01557,B202601557,P007,2025-07-10,Assay,99.36,97.49,Passed,None,0
Q01558,B202501558,P012,2026-07-30,Purity,99.28,96.55,Passed,None,0
Q01559,B202601559,P019,2026-01-21,Potency,97.29,97.87,Failed,Low Potency,833
Q01560,B202501560,P004,2026-02-03,Assay,94.75,96.08,Failed,Packaging Defect,912
Q01561,B202601561,P001,2025-09-18,Assay,98.64,96.53,Passed,None,0
Q01562,B202501562,P005,2025-05-07,Purity,98.73,97.4,Passed,None,0
Q01563,B202601563,P005,2026-05-14,Purity,97.97,98.18,Failed,Packaging Defect,646
Q01564,B202501564,P004,2025-12-07,Assay,101.35,97.04,Passed,None,0
Q01565,B202601565,P016,2026-05-29,Potency,100.46,97.57,Passed,None,0
Q01566,B202501566,P006,2026-07-08,Assay,94.51,95.18,Failed,Dissolution Failure,424
Q01567,B202601567,P018,2025-09-20,Purity,92.01,95.07,Failed,Low Potency,577
Q01568,B202501568,P017,2025-11-15,Assay,97.51,95.64,Passed,None,0
Q01569,B202601569,P006,2025-02-25,Assay,99.27,98.96,Passed,None,0
Q01570,B202501570,P010,2025-12-20,Assay,98.65,97.19,Passed,None,0
Q01571,B202601571,P014,2025-12-16,Purity,98.2,98.42,Failed,Low Potency,259
Q01572,B202501572,P006,2025-12-08,Assay,94.84,95.61,Failed,High Impurity,120
Q01573,B202601573,P004,2026-06-26,Assay,98.0,97.5,Passed,None,0
Q01574,B202501574,P019,2025-12-17,Potency,97.86,95.83,Passed,None,0
Q01575,B202601575,P010,2025-12-06,Assay,98.91,96.91,Passed,None,0
Q01576,B202501576,P006,2026-02-11,Assay,98.13,97.81,Passed,None,0
Q01577,B202601577,P017,2026-03-13,Assay,98.66,98.1,Passed,None,0
Q01578,B202501578,P014,2025-09-22,Purity,100.74,98.23,Passed,None,0
Q01579,B202601579,P014,2026-07-26,Purity,99.88,96.9,Passed,None,0
Q01580,B202501580,P005,2025-09-14,Purity,101.78,96.93,Passed,None,0
Q01581,B202601581,P002,2026-04-03,Purity,96.61,95.01,Passed,None,0
Q01582,B202501582,P005,2025-06-03,Purity,95.39,97.61,Failed,Dissolution Failure,983
Q01583,B202601583,P019,2026-05-23,Potency,98.44,95.43,Passed,None,0
Q01584,B202501584,P015,2025-01-13,Dissolution,99.95,97.61,Passed,None,0
Q01585,B202601585,P018,2026-01-16,Purity,96.61,97.0,Failed,Contamination,317
Q01586,B202501586,P018,2025-01-28,Purity,100.44,98.25,Passed,None,0
Q01587,B202601587,P013,2026-04-28,Assay,94.25,98.43,Failed,Dissolution Failure,737
Q01588,B202501588,P005,2026-03-25,Purity,99.64,97.12,Passed,None,0
Q01589,B202601589,P006,2026-07-22,Assay,98.8,98.78,Passed,None,0
Q01590,B202501590,P012,2026-02-17,Purity,98.2,96.3,Passed,None,0
Q01591,B202601591,P011,2025-07-11,Potency,94.5,96.37,Failed,Packaging Defect,160
Q01592,B202501592,P020,2026-02-13,Potency,99.83,98.49,Passed,None,0
Q01593,B202601593,P019,2025-07-10,Potency,98.31,95.07,Passed,None,0
Q01594,B202501594,P005,2026-07-07,Purity,99.55,97.6,Passed,None,0
Q01595,B202601595,P012,2025-04-22,Purity,97.63,98.89,Failed,Packaging Defect,537
Q01596,B202501596,P002,2025-09-05,Purity,95.84,95.02,Passed,None,0
Q01597,B202601597,P006,2025-06-06,Assay,99.38,98.0,Passed,None,0
Q01598,B202501598,P007,2026-07-09,Assay,97.7,96.69,Passed,None,0
Q01599,B202601599,P010,2025-12-26,Assay,100.81,97.03,Passed,None,0
Q01600,B202501600,P011,2026-07-06,Potency,97.98,95.87,Passed,None,0
Q01601,B202601601,P006,2025-11-25,Assay,101.02,98.38,Passed,None,0
Q01602,B202501602,P010,2025-01-25,Assay,98.79,96.81,Passed,None,0
Q01603,B202601603,P006,2025-05-26,Assay,96.43,97.16,Failed,Dissolution Failure,315
Q01604,B202501604,P013,2026-06-07,Assay,94.59,96.42,Failed,Dissolution Failure,247
Q01605,B202601605,P002,2026-03-24,Purity,98.1,95.6,Passed,None,0
Q01606,B202501606,P004,2026-05-21,Assay,102.06,98.62,Passed,None,0
Q01607,B202601607,P020,2025-01-26,Potency,99.31,95.39,Passed,None,0
Q01608,B202501608,P011,2026-07-27,Potency,99.05,98.72,Passed,None,0
Q01609,B202601609,P001,2026-08-06,Assay,99.75,98.46,Passed,None,0
Q01610,B202501610,P001,2025-03-03,Assay,98.28,98.0,Passed,None,0
Q01611,B202601611,P014,2025-08-04,Purity,97.49,96.57,Passed,None,0
Q01612,B202501612,P015,2025-10-10,Dissolution,98.65,97.43,Passed,None,0
Q01613,B202601613,P009,2025-03-03,Dissolution,95.56,96.83,Failed,Dissolution Failure,308
Q01614,B202501614,P014,2025-10-06,Purity,94.21,95.52,Failed,Dissolution Failure,703
Q01615,B202601615,P018,2025-07-03,Purity,90.74,95.54,Failed,Packaging Defect,824
Q01616,B202501616,P019,2025-08-24,Potency,100.34,98.62,Passed,None,0
Q01617,B202601617,P008,2026-01-07,Purity,97.32,95.35,Passed,None,0
Q01618,B202501618,P008,2026-07-21,Purity,102.48,98.07,Passed,None,0
Q01619,B202601619,P009,2026-06-09,Dissolution,94.68,96.06,Failed,Packaging Defect,519
Q01620,B202501620,P018,2025-11-21,Purity,101.86,98.93,Passed,None,0
Q01621,B202601621,P012,2026-01-26,Purity,99.39,97.1,Passed,None,0
Q01622,B202501622,P012,2025-02-16,Purity,99.53,96.69,Passed,None,0
Q01623,B202601623,P015,2025-09-22,Dissolution,97.52,95.14,Passed,None,0
Q01624,B202501624,P006,2025-02-13,Assay,100.76,98.23,Passed,None,0
Q01625,B202601625,P006,2026-01-09,Assay,100.72,98.69,Passed,None,0
Q01626,B202501626,P005,2025-01-27,Purity,97.09,95.09,Passed,None,0
Q01627,B202601627,P015,2025-08-06,Dissolution,99.04,98.26,Passed,None,0
Q01628,B202501628,P012,2025-03-22,Purity,100.38,98.23,Passed,None,0
Q01629,B202601629,P018,2025-06-22,Purity,93.75,95.36,Failed,High Impurity,643
Q01630,B202501630,P013,2025-06-20,Assay,99.78,97.91,Passed,None,0
Q01631,B202601631,P017,2026-02-11,Assay,100.6,98.26,Passed,None,0
Q01632,B202501632,P003,2025-07-11,Dissolution,95.52,95.49,Passed,None,0
Q01633,B202601633,P006,2026-02-19,Assay,94.24,96.28,Failed,Contamination,632
Q01634,B202501634,P017,2026-02-11,Assay,98.34,95.94,Passed,None,0
Q01635,B202601635,P008,2025-01-26,Purity,97.23,96.74,Passed,None,0
Q01636,B202501636,P011,2026-03-05,Potency,101.89,98.44,Passed,None,0
Q01637,B202601637,P017,2026-05-19,Assay,97.24,97.79,Failed,Low Potency,524
Q01638,B202501638,P009,2026-02-16,Dissolution,96.98,97.23,Failed,Packaging Defect,793
Q01639,B202601639,P008,2026-08-07,Purity,96.99,97.93,Failed,Packaging Defect,960
Q01640,B202501640,P019,2026-02-01,Potency,99.99,98.48,Passed,None,0
Q01641,B202601641,P004,2025-12-03,Assay,97.54,96.39,Passed,None,0
Q01642,B202501642,P018,2025-11-11,Purity,97.84,98.11,Failed,High Impurity,969
Q01643,B202601643,P010,2025-10-15,Assay,99.33,97.7,Passed,None,0
Q01644,B202501644,P012,2025-01-24,Purity,91.46,96.25,Failed,Contamination,707
Q01645,B202601645,P017,2026-04-11,Assay,96.68,96.35,Passed,None,0
Q01646,B202501646,P017,2025-08-31,Assay,100.75,97.66,Passed,None,0
Q01647,B202601647,P012,2026-03-08,Purity,96.31,98.11,Failed,Dissolution Failure,737
Q01648,B202501648,P001,2025-12-18,Assay,102.55,97.46,Passed,None,0
Q01649,B202601649,P006,2025-07-18,Assay,100.27,98.13,Passed,None,0
Q01650,B202501650,P006,2025-06-16,Assay,98.03,97.96,Passed,None,0
Q01651,B202601651,P016,2025-10-20,Potency,103.15,98.69,Passed,None,0
Q01652,B202501652,P020,2026-06-04,Potency,95.86,98.75,Failed,Packaging Defect,603
Q01653,B202601653,P003,2025-12-05,Dissolution,96.65,97.72,Failed,Packaging Defect,620
Q01654,B202501654,P018,2026-04-11,Purity,101.13,98.81,Passed,None,0
Q01655,B202601655,P005,2026-05-18,Purity,99.08,98.07,Passed,None,0
Q01656,B202501656,P017,2026-06-15,Assay,99.11,95.2,Passed,None,0
Q01657,B202601657,P014,2026-03-06,Purity,97.45,97.56,Failed,Dissolution Failure,87
Q01658,B202501658,P014,2026-06-25,Purity,97.49,95.55,Passed,None,0
Q01659,B202601659,P016,2026-02-26,Potency,96.81,97.81,Failed,Contamination,947
Q01660,B202501660,P012,2025-08-25,Purity,95.67,97.58,Failed,Dissolution Failure,460
Q01661,B202601661,P002,2026-01-23,Purity,97.74,95.59,Passed,None,0
Q01662,B202501662,P016,2025-09-22,Potency,95.97,95.26,Passed,None,0
Q01663,B202601663,P009,2025-09-05,Dissolution,101.43,97.75,Passed,None,0
Q01664,B202501664,P009,2025-04-29,Dissolution,98.41,97.61,Passed,None,0
Q01665,B202601665,P016,2026-08-14,Potency,96.36,95.55,Passed,None,0
Q01666,B202501666,P005,2025-11-08,Purity,96.59,97.09,Failed,Packaging Defect,865
Q01667,B202601667,P014,2026-01-05,Purity,101.54,98.09,Passed,None,0
Q01668,B202501668,P003,2025-11-20,Dissolution,103.49,98.64,Passed,None,0
Q01669,B202601669,P012,2025-10-05,Purity,98.17,95.9,Passed,None,0
Q01670,B202501670,P002,2025-03-05,Purity,99.5,96.94,Passed,None,0
Q01671,B202601671,P001,2026-05-31,Assay,98.33,98.8,Failed,Packaging Defect,246
Q01672,B202501672,P010,2025-05-16,Assay,96.04,95.35,Passed,None,0
Q01673,B202601673,P010,2026-03-26,Assay,101.61,96.84,Passed,None,0
Q01674,B202501674,P001,2026-04-03,Assay,98.46,96.89,Passed,None,0
Q01675,B202601675,P008,2025-12-28,Purity,101.35,97.87,Passed,None,0
Q01676,B202501676,P019,2025-04-10,Potency,99.52,96.72,Passed,None,0
Q01677,B202601677,P005,2025-12-16,Purity,100.55,98.75,Passed,None,0
Q01678,B202501678,P015,2025-08-11,Dissolution,94.45,98.88,Failed,Contamination,257
Q01679,B202601679,P018,2025-04-28,Purity,99.03,95.33,Passed,None,0
Q01680,B202501680,P009,2026-04-13,Dissolution,100.84,98.89,Passed,None,0
Q01681,B202601681,P019,2026-01-25,Potency,94.28,98.88,Failed,Contamination,692
Q01682,B202501682,P017,2026-04-30,Assay,95.32,96.98,Failed,Contamination,697
Q01683,B202601683,P002,2025-01-27,Purity,96.48,98.45,Failed,Dissolution Failure,178
Q01684,B202501684,P006,2025-06-29,Assay,97.09,96.93,Passed,None,0
Q01685,B202601685,P016,2025-12-29,Potency,102.49,96.56,Passed,None,0
Q01686,B202501686,P005,2025-03-24,Purity,98.87,97.23,Passed,None,0
Q01687,B202601687,P005,2025-11-09,Purity,96.02,96.49,Failed,Low Potency,416
Q01688,B202501688,P013,2025-07-09,Assay,98.74,98.23,Passed,None,0
Q01689,B202601689,P016,2025-05-25,Potency,102.1,98.79,Passed,None,0
Q01690,B202501690,P012,2025-04-28,Purity,100.29,98.5,Passed,None,0
Q01691,B202601691,P009,2026-02-08,Dissolution,99.21,97.92,Passed,None,0
Q01692,B202501692,P005,2025-04-07,Purity,97.55,96.67,Passed,None,0
Q01693,B202601693,P005,2025-12-22,Purity,99.31,97.96,Passed,None,0
Q01694,B202501694,P018,2026-02-16,Purity,96.88,95.59,Passed,None,0
Q01695,B202601695,P006,2025-08-24,Assay,99.54,96.48,Passed,None,0
Q01696,B202501696,P011,2025-05-15,Potency,96.44,96.47,Failed,Low Potency,720
Q01697,B202601697,P020,2025-08-13,Potency,95.32,97.99,Failed,Contamination,346
Q01698,B202501698,P017,2025-04-24,Assay,91.32,95.31,Failed,High Impurity,608
Q01699,B202601699,P013,2026-07-09,Assay,98.5,96.43,Passed,None,0
Q01700,B202501700,P013,2026-04-12,Assay,99.59,98.36,Passed,None,0
Q01701,B202601701,P007,2025-01-14,Assay,94.38,97.16,Failed,Low Potency,257
Q01702,B202501702,P012,2026-06-28,Purity,97.67,95.03,Passed,None,0
Q01703,B202601703,P014,2025-07-21,Purity,95.25,95.59,Failed,Dissolution Failure,305
Q01704,B202501704,P009,2025-03-23,Dissolution,100.18,97.92,Passed,None,0
Q01705,B202601705,P005,2025-05-23,Purity,97.03,95.0,Passed,None,0
Q01706,B202501706,P012,2025-03-16,Purity,100.62,97.68,Passed,None,0
Q01707,B202601707,P019,2026-04-16,Potency,97.17,98.59,Failed,High Impurity,295
Q01708,B202501708,P006,2025-09-05,Assay,99.93,98.77,Passed,None,0
Q01709,B202601709,P001,2026-07-24,Assay,93.19,95.58,Failed,Contamination,427
Q01710,B202501710,P005,2026-01-03,Purity,90.3,95.18,Failed,Low Potency,219
Q01711,B202601711,P001,2025-03-08,Assay,99.29,97.97,Passed,None,0
Q01712,B202501712,P014,2026-03-27,Purity,95.05,97.26,Failed,Contamination,989
Q01713,B202601713,P004,2026-08-20,Assay,91.58,96.1,Failed,Low Potency,977
Q01714,B202501714,P004,2025-10-18,Assay,99.89,97.28,Passed,None,0
Q01715,B202601715,P001,2025-02-01,Assay,99.21,98.38,Passed,None,0
Q01716,B202501716,P015,2025-12-31,Dissolution,100.67,96.74,Passed,None,0
Q01717,B202601717,P011,2026-04-06,Potency,99.57,98.66,Passed,None,0
Q01718,B202501718,P012,2025-10-30,Purity,97.68,98.42,Failed,Dissolution Failure,366
Q01719,B202601719,P009,2026-07-18,Dissolution,98.35,95.78,Passed,None,0
Q01720,B202501720,P019,2026-08-11,Potency,100.85,98.96,Passed,None,0
Q01721,B202601721,P018,2025-10-20,Purity,96.94,95.28,Passed,None,0
Q01722,B202501722,P015,2026-06-22,Dissolution,99.49,97.22,Passed,None,0
Q01723,B202601723,P018,2026-03-25,Purity,98.52,98.66,Failed,Packaging Defect,247
Q01724,B202501724,P010,2025-02-08,Assay,94.49,95.96,Failed,Contamination,300
Q01725,B202601725,P012,2025-03-05,Purity,98.67,96.54,Passed,None,0
Q01726,B202501726,P019,2025-02-10,Potency,95.18,96.92,Failed,Packaging Defect,802
Q01727,B202601727,P019,2026-07-24,Potency,94.41,96.06,Failed,High Impurity,441
Q01728,B202501728,P014,2026-04-21,Purity,99.64,98.08,Passed,None,0
Q01729,B202601729,P019,2025-01-02,Potency,98.88,95.05,Passed,None,0
Q01730,B202501730,P008,2026-07-18,Purity,96.8,95.22,Passed,None,0
Q01731,B202601731,P017,2025-03-13,Assay,98.72,97.91,Passed,None,0
Q01732,B202501732,P008,2025-03-02,Purity,96.77,95.3,Passed,None,0
Q01733,B202601733,P007,2025-01-19,Assay,95.82,96.22,Failed,Contamination,543
Q01734,B202501734,P011,2025-08-04,Potency,95.47,95.04,Passed,None,0
Q01735,B202601735,P016,2025-09-15,Potency,96.72,95.94,Passed,None,0
Q01736,B202501736,P002,2026-04-12,Purity,98.83,95.6,Passed,None,0
Q01737,B202601737,P018,2026-02-24,Purity,97.25,95.74,Passed,None,0
Q01738,B202501738,P010,2025-06-29,Assay,100.2,98.78,Passed,None,0
Q01739,B202601739,P015,2025-12-17,Dissolution,100.18,95.64,Passed,None,0
Q01740,B202501740,P017,2025-08-10,Assay,96.49,97.2,Failed,Contamination,562
Q01741,B202601741,P010,2025-04-09,Assay,95.54,95.6,Failed,Packaging Defect,476
Q01742,B202501742,P008,2025-11-28,Purity,98.26,97.0,Passed,None,0
Q01743,B202601743,P015,2025-03-26,Dissolution,99.33,97.65,Passed,None,0
Q01744,B202501744,P019,2025-09-03,Potency,97.14,98.36,Failed,Dissolution Failure,784
Q01745,B202601745,P011,2025-11-12,Potency,98.71,96.4,Passed,None,0
Q01746,B202501746,P003,2025-09-06,Dissolution,102.45,98.95,Passed,None,0
Q01747,B202601747,P015,2026-06-25,Dissolution,100.2,98.16,Passed,None,0
Q01748,B202501748,P012,2026-06-22,Purity,101.18,97.6,Passed,None,0
Q01749,B202601749,P011,2025-07-20,Potency,101.03,96.32,Passed,None,0
Q01750,B202501750,P011,2025-06-13,Potency,97.36,95.95,Passed,None,0
Q01751,B202601751,P011,2025-12-12,Potency,95.82,95.89,Failed,Low Potency,79
Q01752,B202501752,P009,2025-08-22,Dissolution,94.73,96.67,Failed,Packaging Defect,200
Q01753,B202601753,P006,2025-03-06,Assay,99.69,98.45,Passed,None,0
Q01754,B202501754,P008,2025-03-22,Purity,99.36,97.9,Passed,None,0
Q01755,B202601755,P012,2025-12-06,Purity,99.09,96.94,Passed,None,0
Q01756,B202501756,P009,2025-02-13,Dissolution,96.58,97.09,Failed,Contamination,563
Q01757,B202601757,P014,2025-11-25,Purity,96.0,96.82,Failed,Dissolution Failure,393
Q01758,B202501758,P016,2025-09-16,Potency,98.83,97.02,Passed,None,0
Q01759,B202601759,P011,2026-05-16,Potency,98.7,98.19,Passed,None,0
Q01760,B202501760,P004,2025-06-29,Assay,94.8,97.71,Failed,Packaging Defect,342
Q01761,B202601761,P020,2026-02-16,Potency,100.05,98.07,Passed,None,0
Q01762,B202501762,P006,2025-06-29,Assay,100.45,97.65,Passed,None,0
Q01763,B202601763,P019,2026-05-30,Potency,96.47,96.91,Failed,Contamination,853
Q01764,B202501764,P006,2025-01-10,Assay,100.58,97.07,Passed,None,0
Q01765,B202601765,P003,2025-07-25,Dissolution,98.07,95.23,Passed,None,0
Q01766,B202501766,P005,2025-12-05,Purity,97.9,96.97,Passed,None,0
Q01767,B202601767,P005,2025-01-16,Purity,97.36,97.34,Passed,None,0
Q01768,B202501768,P016,2026-01-26,Potency,94.17,95.13,Failed,Low Potency,263
Q01769,B202601769,P009,2026-07-17,Dissolution,99.58,96.54,Passed,None,0
Q01770,B202501770,P007,2025-01-06,Assay,96.04,96.72,Failed,High Impurity,382
Q01771,B202601771,P016,2025-01-14,Potency,95.1,96.55,Failed,High Impurity,963
Q01772,B202501772,P003,2025-07-16,Dissolution,99.58,97.94,Passed,None,0
Q01773,B202601773,P020,2025-04-02,Potency,98.41,97.73,Passed,None,0
Q01774,B202501774,P002,2025-07-09,Purity,97.28,96.0,Passed,None,0
Q01775,B202601775,P015,2025-11-27,Dissolution,96.24,95.11,Passed,None,0
Q01776,B202501776,P014,2025-08-01,Purity,101.62,98.38,Passed,None,0
Q01777,B202601777,P001,2025-08-22,Assay,96.02,96.58,Failed,High Impurity,271
Q01778,B202501778,P008,2025-07-03,Purity,95.04,96.32,Failed,High Impurity,311
Q01779,B202601779,P016,2025-01-16,Potency,99.1,98.31,Passed,None,0
Q01780,B202501780,P016,2025-10-01,Potency,101.41,98.07,Passed,None,0
Q01781,B202601781,P003,2025-01-12,Dissolution,99.25,97.09,Passed,None,0
Q01782,B202501782,P012,2025-08-14,Purity,97.57,96.53,Passed,None,0
Q01783,B202601783,P016,2025-02-08,Potency,98.84,95.33,Passed,None,0
Q01784,B202501784,P005,2025-11-20,Purity,95.56,97.18,Failed,Packaging Defect,59
Q01785,B202601785,P018,2025-12-30,Purity,99.01,95.47,Passed,None,0
Q01786,B202501786,P019,2025-01-30,Potency,97.74,96.81,Passed,None,0
Q01787,B202601787,P018,2026-04-12,Purity,100.7,98.36,Passed,None,0
Q01788,B202501788,P014,2025-07-24,Purity,97.8,97.01,Passed,None,0
Q01789,B202601789,P005,2026-07-22,Purity,97.73,97.46,Passed,None,0
Q01790,B202501790,P011,2026-04-13,Potency,98.01,98.36,Failed,Dissolution Failure,90
Q01791,B202601791,P001,2025-12-04,Assay,95.86,98.93,Failed,Low Potency,295
Q01792,B202501792,P012,2025-01-17,Purity,100.41,98.19,Passed,None,0
Q01793,B202601793,P015,2026-08-04,Dissolution,94.9,96.25,Failed,Dissolution Failure,701
Q01794,B202501794,P017,2025-01-23,Assay,95.9,98.2,Failed,High Impurity,693
Q01795,B202601795,P015,2025-06-08,Dissolution,100.03,98.27,Passed,None,0
Q01796,B202501796,P004,2026-08-08,Assay,94.09,98.66,Failed,Packaging Defect,998
Q01797,B202601797,P017,2025-03-08,Assay,99.48,97.94,Passed,None,0
Q01798,B202501798,P006,2025-02-12,Assay,96.5,95.16,Passed,None,0
Q01799,B202601799,P020,2026-08-08,Potency,100.39,98.39,Passed,None,0
Q01800,B202501800,P015,2026-06-28,Dissolution,95.96,95.28,Passed,None,0
Q01801,B202601801,P007,2026-01-01,Assay,103.37,96.43,Passed,None,0
Q01802,B202501802,P015,2025-05-14,Dissolution,99.29,97.67,Passed,None,0
Q01803,B202601803,P018,2026-03-19,Purity,98.9,97.15,Passed,None,0
Q01804,B202501804,P007,2025-09-19,Assay,99.46,97.01,Passed,None,0
Q01805,B202601805,P012,2025-09-07,Purity,95.55,95.04,Passed,None,0
Q01806,B202501806,P010,2026-05-12,Assay,100.98,98.18,Passed,None,0
Q01807,B202601807,P015,2026-07-21,Dissolution,98.44,96.63,Passed,None,0
Q01808,B202501808,P020,2025-05-04,Potency,97.49,97.24,Passed,None,0
Q01809,B202601809,P006,2026-01-09,Assay,98.98,97.41,Passed,None,0
Q01810,B202501810,P008,2025-07-04,Purity,95.03,95.54,Failed,Low Potency,906
Q01811,B202601811,P012,2025-08-06,Purity,99.78,97.76,Passed,None,0
Q01812,B202501812,P010,2026-08-01,Assay,97.78,96.15,Passed,None,0
Q01813,B202601813,P008,2026-06-07,Purity,99.52,97.7,Passed,None,0
Q01814,B202501814,P016,2026-08-13,Potency,95.42,96.67,Failed,Packaging Defect,760
Q01815,B202601815,P002,2025-09-04,Purity,102.29,98.25,Passed,None,0
Q01816,B202501816,P006,2025-08-04,Assay,95.84,96.21,Failed,Dissolution Failure,971
Q01817,B202601817,P020,2025-05-14,Potency,103.06,98.73,Passed,None,0
Q01818,B202501818,P004,2025-05-31,Assay,97.98,98.04,Failed,Contamination,65
Q01819,B202601819,P018,2025-02-11,Purity,97.7,97.01,Passed,None,0
Q01820,B202501820,P012,2025-08-19,Purity,98.86,97.63,Passed,None,0
Q01821,B202601821,P002,2026-07-16,Purity,97.98,97.49,Passed,None,0
Q01822,B202501822,P014,2026-02-17,Purity,99.44,98.66,Passed,None,0
Q01823,B202601823,P013,2026-06-28,Assay,101.88,96.65,Passed,None,0
Q01824,B202501824,P011,2025-07-19,Potency,96.72,95.5,Passed,None,0
Q01825,B202601825,P010,2025-03-06,Assay,97.42,96.69,Passed,None,0
Q01826,B202501826,P008,2025-01-07,Purity,93.18,95.41,Failed,Dissolution Failure,798
Q01827,B202601827,P011,2026-08-17,Potency,97.59,96.77,Passed,None,0
Q01828,B202501828,P007,2026-08-05,Assay,95.69,98.21,Failed,Low Potency,537
Q01829,B202601829,P009,2025-10-04,Dissolution,97.89,95.46,Passed,None,0
Q01830,B202501830,P019,2026-06-03,Potency,96.09,96.23,Failed,Contamination,742
Q01831,B202601831,P007,2025-05-05,Assay,102.21,98.88,Passed,None,0
Q01832,B202501832,P012,2026-05-21,Purity,97.83,95.39,Passed,None,0
Q01833,B202601833,P019,2026-08-19,Potency,100.24,95.49,Passed,None,0
Q01834,B202501834,P014,2025-09-11,Purity,98.8,96.82,Passed,None,0
Q01835,B202601835,P005,2026-06-18,Purity,96.65,95.8,Passed,None,0
Q01836,B202501836,P020,2025-09-30,Potency,99.93,98.09,Passed,None,0
Q01837,B202601837,P001,2026-04-12,Assay,99.38,97.6,Passed,None,0
Q01838,B202501838,P014,2025-04-23,Purity,98.11,97.22,Passed,None,0
Q01839,B202601839,P007,2026-06-04,Assay,99.8,95.94,Passed,None,0
Q01840,B202501840,P016,2026-04-08,Potency,98.26,97.97,Passed,None,0
Q01841,B202601841,P016,2025-10-31,Potency,97.43,95.18,Passed,None,0
Q01842,B202501842,P001,2025-03-05,Assay,97.35,95.42,Passed,None,0
Q01843,B202601843,P010,2025-08-04,Assay,95.57,95.52,Passed,None,0
Q01844,B202501844,P006,2025-05-15,Assay,100.98,98.65,Passed,None,0
Q01845,B202601845,P007,2025-10-14,Assay,101.21,97.83,Passed,None,0
Q01846,B202501846,P001,2025-12-29,Assay,102.1,97.52,Passed,None,0
Q01847,B202601847,P010,2025-03-20,Assay,97.77,95.47,Passed,None,0
Q01848,B202501848,P001,2026-02-21,Assay,97.03,96.27,Passed,None,0
Q01849,B202601849,P002,2025-11-15,Purity,98.86,95.97,Passed,None,0
Q01850,B202501850,P010,2026-05-19,Assay,100.88,98.09,Passed,None,0
Q01851,B202601851,P009,2026-07-10,Dissolution,101.03,98.95,Passed,None,0
Q01852,B202501852,P003,2026-07-25,Dissolution,97.5,95.22,Passed,None,0
Q01853,B202601853,P012,2025-08-16,Purity,98.72,98.37,Passed,None,0
Q01854,B202501854,P006,2026-03-29,Assay,96.99,97.86,Failed,Low Potency,486
Q01855,B202601855,P016,2026-01-19,Potency,100.78,96.04,Passed,None,0
Q01856,B202501856,P004,2026-03-15,Assay,95.83,96.01,Failed,Packaging Defect,151
Q01857,B202601857,P014,2026-02-21,Purity,96.79,97.28,Failed,Contamination,968
Q01858,B202501858,P011,2025-11-08,Potency,100.82,98.62,Passed,None,0
Q01859,B202601859,P005,2026-05-13,Purity,101.46,98.52,Passed,None,0
Q01860,B202501860,P006,2025-10-22,Assay,100.11,98.7,Passed,None,0
Q01861,B202601861,P019,2025-12-24,Potency,100.88,96.57,Passed,None,0
Q01862,B202501862,P014,2026-05-18,Purity,100.0,97.54,Passed,None,0
Q01863,B202601863,P019,2026-08-14,Potency,98.15,97.07,Passed,None,0
Q01864,B202501864,P003,2025-06-11,Dissolution,93.43,95.25,Failed,Low Potency,280
Q01865,B202601865,P002,2026-02-10,Purity,98.76,98.92,Failed,Contamination,656
Q01866,B202501866,P016,2025-07-01,Potency,98.65,95.78,Passed,None,0
Q01867,B202601867,P009,2025-04-05,Dissolution,99.8,97.06,Passed,None,0
Q01868,B202501868,P015,2025-03-23,Dissolution,94.49,96.28,Failed,Packaging Defect,500
Q01869,B202601869,P009,2025-07-17,Dissolution,102.89,97.61,Passed,None,0
Q01870,B202501870,P018,2025-04-16,Purity,97.34,96.88,Passed,None,0
Q01871,B202601871,P008,2025-12-22,Purity,97.36,95.66,Passed,None,0
Q01872,B202501872,P003,2025-06-29,Dissolution,98.17,95.31,Passed,None,0
Q01873,B202601873,P015,2025-03-18,Dissolution,93.46,95.55,Failed,Contamination,328
Q01874,B202501874,P011,2026-04-17,Potency,99.44,97.85,Passed,None,0
Q01875,B202601875,P019,2026-06-13,Potency,95.47,95.09,Passed,None,0
Q01876,B202501876,P012,2025-01-04,Purity,98.9,96.33,Passed,None,0
Q01877,B202601877,P011,2026-06-03,Potency,99.95,96.08,Passed,None,0
Q01878,B202501878,P018,2025-02-04,Purity,95.83,96.87,Failed,Dissolution Failure,615
Q01879,B202601879,P016,2026-03-19,Potency,96.93,96.92,Passed,None,0
Q01880,B202501880,P015,2025-11-10,Dissolution,100.91,97.94,Passed,None,0
Q01881,B202601881,P001,2025-02-08,Assay,96.13,95.14,Passed,None,0
Q01882,B202501882,P012,2026-05-25,Purity,96.73,98.61,Failed,Dissolution Failure,392
Q01883,B202601883,P006,2026-03-15,Assay,100.15,97.07,Passed,None,0
Q01884,B202501884,P004,2025-08-26,Assay,98.33,95.78,Passed,None,0
Q01885,B202601885,P007,2026-04-13,Assay,99.83,95.98,Passed,None,0
Q01886,B202501886,P012,2026-04-06,Purity,99.82,97.67,Passed,None,0
Q01887,B202601887,P004,2025-03-31,Assay,98.47,98.33,Passed,None,0
Q01888,B202501888,P011,2025-12-29,Potency,92.45,96.29,Failed,Contamination,665
Q01889,B202601889,P020,2025-06-01,Potency,100.56,96.89,Passed,None,0
Q01890,B202501890,P008,2026-08-04,Purity,97.83,96.18,Passed,None,0
Q01891,B202601891,P011,2025-10-11,Potency,95.38,96.19,Failed,High Impurity,884
Q01892,B202501892,P009,2025-10-26,Dissolution,97.91,96.27,Passed,None,0
Q01893,B202601893,P006,2025-01-10,Assay,100.7,98.38,Passed,None,0
Q01894,B202501894,P007,2026-08-10,Assay,96.52,95.29,Passed,None,0
Q01895,B202601895,P007,2025-10-22,Assay,100.98,96.18,Passed,None,0
Q01896,B202501896,P013,2025-03-13,Assay,100.24,98.51,Passed,None,0
Q01897,B202601897,P015,2025-01-29,Dissolution,102.06,97.43,Passed,None,0
Q01898,B202501898,P001,2025-06-26,Assay,100.29,97.69,Passed,None,0
Q01899,B202601899,P005,2025-05-27,Purity,98.73,95.5,Passed,None,0
Q01900,B202501900,P005,2025-12-04,Purity,95.93,96.1,Failed,Packaging Defect,891
Q01901,B202601901,P002,2025-04-24,Purity,95.73,96.44,Failed,Dissolution Failure,740
Q01902,B202501902,P007,2025-07-21,Assay,98.07,95.78,Passed,None,0
Q01903,B202601903,P002,2026-05-04,Purity,95.36,95.05,Passed,None,0
Q01904,B202501904,P008,2025-06-10,Purity,101.3,98.83,Passed,None,0
Q01905,B202601905,P016,2025-09-16,Potency,98.44,96.81,Passed,None,0
Q01906,B202501906,P005,2025-04-29,Purity,98.31,95.82,Passed,None,0
Q01907,B202601907,P014,2026-03-25,Purity,97.22,95.75,Passed,None,0
Q01908,B202501908,P009,2026-01-07,Dissolution,97.52,96.84,Passed,None,0
Q01909,B202601909,P017,2025-08-16,Assay,99.58,95.44,Passed,None,0
Q01910,B202501910,P006,2025-01-09,Assay,98.65,99.0,Failed,Low Potency,331
Q01911,B202601911,P010,2026-07-30,Assay,99.51,98.14,Passed,None,0
Q01912,B202501912,P009,2025-06-30,Dissolution,92.96,97.19,Failed,High Impurity,413
Q01913,B202601913,P007,2025-02-11,Assay,99.27,96.95,Passed,None,0
Q01914,B202501914,P014,2026-07-21,Purity,98.49,97.71,Passed,None,0
Q01915,B202601915,P009,2025-04-05,Dissolution,101.54,97.05,Passed,None,0
Q01916,B202501916,P007,2025-04-16,Assay,98.77,96.44,Passed,None,0
Q01917,B202601917,P005,2026-02-08,Purity,101.14,98.06,Passed,None,0
Q01918,B202501918,P013,2025-09-05,Assay,100.05,98.32,Passed,None,0
Q01919,B202601919,P010,2025-12-01,Assay,99.01,97.71,Passed,None,0
Q01920,B202501920,P011,2025-09-08,Potency,101.32,97.79,Passed,None,0
Q01921,B202601921,P010,2026-06-04,Assay,94.09,95.51,Failed,High Impurity,378
Q01922,B202501922,P002,2025-03-20,Purity,101.71,98.56,Passed,None,0
Q01923,B202601923,P004,2026-07-06,Assay,99.5,96.97,Passed,None,0
Q01924,B202501924,P011,2026-05-29,Potency,96.0,96.41,Failed,High Impurity,831
Q01925,B202601925,P010,2025-12-25,Assay,97.26,96.98,Passed,None,0
Q01926,B202501926,P020,2025-02-12,Potency,101.41,97.53,Passed,None,0
Q01927,B202601927,P019,2025-04-19,Potency,98.54,95.94,Passed,None,0
Q01928,B202501928,P009,2026-05-09,Dissolution,98.16,96.91,Passed,None,0
Q01929,B202601929,P003,2026-08-07,Dissolution,96.27,95.52,Passed,None,0
Q01930,B202501930,P005,2025-01-23,Purity,96.98,97.39,Failed,Low Potency,827
Q01931,B202601931,P016,2026-02-28,Potency,99.11,98.71,Passed,None,0
Q01932,B202501932,P014,2026-01-29,Purity,98.33,95.32,Passed,None,0
Q01933,B202601933,P002,2026-06-18,Purity,100.37,97.79,Passed,None,0
Q01934,B202501934,P017,2025-05-14,Assay,98.2,95.78,Passed,None,0
Q01935,B202601935,P018,2026-05-05,Purity,97.51,95.81,Passed,None,0
Q01936,B202501936,P019,2025-09-18,Potency,100.12,98.88,Passed,None,0
Q01937,B202601937,P005,2026-04-02,Purity,96.76,95.95,Passed,None,0
Q01938,B202501938,P002,2025-08-05,Purity,97.48,97.37,Passed,None,0
Q01939,B202601939,P002,2026-06-17,Purity,97.45,97.68,Failed,Low Potency,338
Q01940,B202501940,P019,2025-07-17,Potency,97.73,96.26,Passed,None,0
Q01941,B202601941,P019,2025-03-08,Potency,99.6,95.53,Passed,None,0
Q01942,B202501942,P013,2025-01-10,Assay,96.49,95.92,Passed,None,0
Q01943,B202601943,P002,2025-09-03,Purity,95.79,95.9,Failed,Low Potency,541
Q01944,B202501944,P002,2025-08-20,Purity,98.8,96.9,Passed,None,0
Q01945,B202601945,P006,2026-05-17,Assay,101.02,96.63,Passed,None,0
Q01946,B202501946,P020,2025-04-26,Potency,100.02,98.45,Passed,None,0
Q01947,B202601947,P012,2026-07-05,Purity,96.7,95.6,Passed,None,0
Q01948,B202501948,P004,2025-08-10,Assay,97.4,96.3,Passed,None,0
Q01949,B202601949,P015,2026-02-10,Dissolution,99.77,98.63,Passed,None,0
Q01950,B202501950,P007,2026-02-12,Assay,101.86,98.03,Passed,None,0
Q01951,B202601951,P012,2025-03-17,Purity,95.13,95.12,Passed,None,0
Q01952,B202501952,P001,2026-07-13,Assay,96.27,95.35,Passed,None,0
Q01953,B202601953,P018,2025-03-12,Purity,100.2,96.2,Passed,None,0
Q01954,B202501954,P002,2025-11-25,Purity,98.63,96.67,Passed,None,0
Q01955,B202601955,P015,2025-09-12,Dissolution,99.73,96.04,Passed,None,0
Q01956,B202501956,P003,2026-07-25,Dissolution,100.51,98.66,Passed,None,0
Q01957,B202601957,P017,2025-10-04,Assay,90.13,95.11,Failed,Low Potency,625
Q01958,B202501958,P020,2025-08-15,Potency,98.0,95.66,Passed,None,0
Q01959,B202601959,P006,2026-03-06,Assay,99.52,97.9,Passed,None,0
Q01960,B202501960,P005,2025-11-14,Purity,99.78,96.46,Passed,None,0
Q01961,B202601961,P014,2026-08-14,Purity,101.18,95.03,Passed,None,0
Q01962,B202501962,P010,2025-02-08,Assay,96.5,98.14,Failed,Packaging Defect,226
Q01963,B202601963,P003,2025-12-07,Dissolution,99.2,98.93,Passed,None,0
Q01964,B202501964,P013,2025-05-26,Assay,96.18,95.3,Passed,None,0
Q01965,B202601965,P003,2026-05-31,Dissolution,100.88,95.35,Passed,None,0
Q01966,B202501966,P013,2025-08-25,Assay,99.45,96.89,Passed,None,0
Q01967,B202601967,P001,2026-03-17,Assay,96.74,97.06,Failed,Packaging Defect,400
Q01968,B202501968,P001,2025-09-04,Assay,99.47,98.09,Passed,None,0
Q01969,B202601969,P016,2025-07-09,Potency,99.98,97.08,Passed,None,0
Q01970,B202501970,P019,2026-02-26,Potency,98.05,96.28,Passed,None,0
Q01971,B202601971,P020,2026-03-07,Potency,98.84,98.55,Passed,None,0
Q01972,B202501972,P008,2025-05-11,Purity,96.56,95.81,Passed,None,0
Q01973,B202601973,P014,2025-11-10,Purity,99.49,96.2,Passed,None,0
Q01974,B202501974,P019,2026-03-23,Potency,95.41,96.45,Failed,Contamination,336
Q01975,B202601975,P005,2025-09-02,Purity,101.42,97.86,Passed,None,0
Q01976,B202501976,P014,2026-08-18,Purity,96.98,96.91,Passed,None,0
Q01977,B202601977,P019,2026-01-03,Potency,97.07,97.32,Failed,Contamination,521
Q01978,B202501978,P007,2025-06-17,Assay,96.42,95.1,Passed,None,0
Q01979,B202601979,P006,2025-04-07,Assay,95.06,95.01,Passed,None,0
Q01980,B202501980,P010,2025-01-28,Assay,101.11,98.02,Passed,None,0
Q01981,B202601981,P010,2025-09-14,Assay,97.71,97.6,Passed,None,0
Q01982,B202501982,P020,2025-05-17,Potency,101.14,96.97,Passed,None,0
Q01983,B202601983,P016,2025-12-31,Potency,100.42,97.53,Passed,None,0
Q01984,B202501984,P010,2025-03-12,Assay,100.41,98.86,Passed,None,0
Q01985,B202601985,P015,2025-10-20,Dissolution,102.67,98.54,Passed,None,0
Q01986,B202501986,P005,2025-06-11,Purity,94.02,97.1,Failed,High Impurity,788
Q01987,B202601987,P011,2026-08-01,Potency,99.62,98.06,Passed,None,0
Q01988,B202501988,P001,2026-04-11,Assay,99.68,98.19,Passed,None,0
Q01989,B202601989,P006,2025-05-28,Assay,101.46,96.82,Passed,None,0
Q01990,B202501990,P008,2026-02-26,Purity,101.41,96.88,Passed,None,0
Q01991,B202601991,P016,2026-03-23,Potency,98.09,97.75,Passed,None,0
Q01992,B202501992,P016,2026-03-10,Potency,101.75,98.55,Passed,None,0
Q01993,B202601993,P002,2025-07-20,Purity,100.59,98.65,Passed,None,0
Q01994,B202501994,P017,2026-06-27,Assay,98.41,97.93,Passed,None,0
Q01995,B202601995,P006,2025-08-23,Assay,100.67,98.76,Passed,None,0
Q01996,B202501996,P012,2026-04-06,Purity,96.53,96.92,Failed,Contamination,381
Q01997,B202601997,P007,2025-08-05,Assay,96.75,96.55,Passed,None,0
Q01998,B202501998,P020,2025-01-04,Potency,99.66,98.69,Passed,None,0
Q01999,B202601999,P016,2025-06-01,Potency,96.93,98.97,Failed,Contamination,909
Q02000,B202502000,P010,2026-07-24,Assay,98.93,95.21,Passed,None,0
Q02001,B202602001,P005,2025-05-26,Purity,97.54,98.24,Failed,Low Potency,277
Q02002,B202502002,P016,2025-07-12,Potency,100.79,98.86,Passed,None,0
Q02003,B202602003,P005,2026-06-25,Purity,98.74,98.45,Passed,None,0
Q02004,B202502004,P020,2025-09-19,Potency,96.89,95.96,Passed,None,0
Q02005,B202602005,P008,2025-04-01,Purity,98.8,95.82,Passed,None,0
Q02006,B202502006,P018,2025-10-21,Purity,97.23,96.15,Passed,None,0
Q02007,B202602007,P015,2026-03-31,Dissolution,99.6,97.01,Passed,None,0
Q02008,B202502008,P013,2025-01-12,Assay,103.39,97.64,Passed,None,0
Q02009,B202602009,P009,2025-07-08,Dissolution,98.37,97.01,Passed,None,0
Q02010,B202502010,P020,2025-09-26,Potency,99.79,95.4,Passed,None,0
Q02011,B202602011,P004,2025-03-03,Assay,96.87,96.47,Passed,None,0
Q02012,B202502012,P009,2025-04-20,Dissolution,99.63,97.62,Passed,None,0
Q02013,B202602013,P017,2026-02-27,Assay,98.38,98.63,Failed,Dissolution Failure,881
Q02014,B202502014,P008,2026-04-05,Purity,94.75,96.13,Failed,Contamination,703
Q02015,B202602015,P011,2025-02-26,Potency,93.5,96.11,Failed,High Impurity,234
Q02016,B202502016,P005,2026-05-22,Purity,102.38,98.17,Passed,None,0
Q02017,B202602017,P011,2026-05-22,Potency,98.63,98.41,Passed,None,0
Q02018,B202502018,P013,2026-04-02,Assay,99.69,97.27,Passed,None,0
Q02019,B202602019,P019,2025-12-09,Potency,98.56,96.73,Passed,None,0
Q02020,B202502020,P018,2026-05-01,Purity,99.31,98.59,Passed,None,0
Q02021,B202602021,P003,2026-03-21,Dissolution,96.91,97.47,Failed,Contamination,517
Q02022,B202502022,P014,2026-08-07,Purity,97.38,96.45,Passed,None,0
Q02023,B202602023,P020,2025-02-05,Potency,93.13,95.68,Failed,High Impurity,982
Q02024,B202502024,P013,2025-09-19,Assay,96.14,96.79,Failed,Dissolution Failure,784
Q02025,B202602025,P008,2026-01-30,Purity,98.74,98.16,Passed,None,0
Q02026,B202502026,P011,2025-01-01,Potency,98.07,95.92,Passed,None,0
Q02027,B202602027,P017,2025-01-03,Assay,98.52,96.19,Passed,None,0
Q02028,B202502028,P013,2025-01-09,Assay,97.45,96.37,Passed,None,0
Q02029,B202602029,P020,2026-02-24,Potency,96.11,95.05,Passed,None,0
Q02030,B202502030,P011,2026-02-20,Potency,100.87,97.35,Passed,None,0
Q02031,B202602031,P004,2025-07-06,Assay,100.05,98.49,Passed,None,0
Q02032,B202502032,P013,2026-04-18,Assay,98.6,96.52,Passed,None,0
Q02033,B202602033,P001,2026-01-14,Assay,96.35,97.85,Failed,Dissolution Failure,490
Q02034,B202502034,P006,2025-08-26,Assay,101.93,97.52,Passed,None,0
Q02035,B202602035,P001,2026-04-08,Assay,96.26,95.68,Passed,None,0
Q02036,B202502036,P014,2025-03-27,Purity,101.94,98.13,Passed,None,0
Q02037,B202602037,P012,2026-08-23,Purity,99.96,98.89,Passed,None,0
Q02038,B202502038,P004,2026-05-27,Assay,99.22,96.17,Passed,None,0
Q02039,B202602039,P010,2026-07-11,Assay,99.76,95.35,Passed,None,0
Q02040,B202502040,P018,2025-07-21,Purity,94.82,95.89,Failed,Packaging Defect,84
Q02041,B202602041,P008,2026-01-13,Purity,100.26,96.22,Passed,None,0
Q02042,B202502042,P005,2025-04-15,Purity,95.92,96.74,Failed,Packaging Defect,800
Q02043,B202602043,P018,2026-06-03,Purity,103.02,98.67,Passed,None,0
Q02044,B202502044,P014,2026-01-17,Purity,97.17,95.15,Passed,None,0
Q02045,B202602045,P016,2026-03-02,Potency,98.51,97.3,Passed,None,0
Q02046,B202502046,P003,2025-08-20,Dissolution,99.72,98.57,Passed,None,0
Q02047,B202602047,P015,2025-08-02,Dissolution,99.4,98.59,Passed,None,0
Q02048,B202502048,P018,2026-04-12,Purity,99.24,96.86,Passed,None,0
Q02049,B202602049,P013,2025-11-13,Assay,99.84,99.0,Passed,None,0
Q02050,B202502050,P001,2025-07-24,Assay,92.86,97.75,Failed,High Impurity,796
Q02051,B202602051,P020,2026-04-14,Potency,96.08,95.84,Passed,None,0
Q02052,B202502052,P014,2025-08-08,Purity,95.24,96.27,Failed,Contamination,212
Q02053,B202602053,P016,2025-12-18,Potency,96.13,95.63,Passed,None,0
Q02054,B202502054,P012,2026-06-26,Purity,100.99,97.57,Passed,None,0
Q02055,B202602055,P012,2025-04-17,Purity,98.59,97.41,Passed,None,0
Q02056,B202502056,P015,2025-08-27,Dissolution,101.04,98.52,Passed,None,0
Q02057,B202602057,P003,2025-11-22,Dissolution,95.14,95.49,Failed,High Impurity,127
Q02058,B202502058,P007,2025-05-03,Assay,101.11,98.55,Passed,None,0
Q02059,B202602059,P010,2026-02-05,Assay,97.99,98.55,Failed,Low Potency,329
Q02060,B202502060,P005,2025-01-22,Purity,97.6,98.2,Failed,Contamination,470
Q02061,B202602061,P008,2026-06-11,Purity,98.45,97.7,Passed,None,0
Q02062,B202502062,P004,2025-08-19,Assay,95.0,96.74,Failed,Contamination,196
Q02063,B202602063,P017,2026-01-08,Assay,98.94,98.02,Passed,None,0
Q02064,B202502064,P014,2026-08-16,Purity,99.68,96.38,Passed,None,0
Q02065,B202602065,P019,2025-08-07,Potency,98.36,95.73,Passed,None,0
Q02066,B202502066,P016,2026-01-18,Potency,102.61,98.52,Passed,None,0
Q02067,B202602067,P011,2025-08-03,Potency,100.7,98.42,Passed,None,0
Q02068,B202502068,P015,2026-08-09,Dissolution,98.2,96.28,Passed,None,0
Q02069,B202602069,P003,2026-07-28,Dissolution,96.46,96.74,Failed,Contamination,156
Q02070,B202502070,P019,2025-04-01,Potency,95.41,96.35,Failed,Packaging Defect,899
Q02071,B202602071,P003,2025-04-07,Dissolution,98.02,97.63,Passed,None,0
Q02072,B202502072,P020,2025-09-06,Potency,98.0,95.53,Passed,None,0
Q02073,B202602073,P012,2026-01-14,Purity,102.82,98.34,Passed,None,0
Q02074,B202502074,P013,2025-10-01,Assay,98.41,98.04,Passed,None,0
Q02075,B202602075,P002,2025-02-13,Purity,98.75,96.72,Passed,None,0
Q02076,B202502076,P006,2025-01-11,Assay,98.99,96.2,Passed,None,0
Q02077,B202602077,P017,2026-06-15,Assay,97.38,96.01,Passed,None,0
Q02078,B202502078,P003,2026-05-26,Dissolution,98.45,97.87,Passed,None,0
Q02079,B202602079,P017,2025-11-03,Assay,97.75,97.16,Passed,None,0
Q02080,B202502080,P011,2025-01-23,Potency,95.8,95.25,Passed,None,0
Q02081,B202602081,P008,2025-11-21,Purity,99.13,96.42,Passed,None,0
Q02082,B202502082,P010,2025-02-18,Assay,97.99,96.84,Passed,None,0
Q02083,B202602083,P006,2025-05-22,Assay,96.58,97.99,Failed,High Impurity,540
Q02084,B202502084,P020,2026-06-08,Potency,98.2,98.15,Passed,None,0
Q02085,B202602085,P001,2025-12-25,Assay,99.71,98.26,Passed,None,0
Q02086,B202502086,P014,2025-09-19,Purity,95.41,98.27,Failed,Low Potency,210
Q02087,B202602087,P005,2025-03-11,Purity,98.5,96.5,Passed,None,0
Q02088,B202502088,P003,2025-02-11,Dissolution,101.26,98.86,Passed,None,0
Q02089,B202602089,P004,2025-11-09,Assay,99.44,97.8,Passed,None,0
Q02090,B202502090,P003,2025-11-17,Dissolution,97.81,97.83,Failed,Packaging Defect,827
Q02091,B202602091,P020,2025-12-01,Potency,101.23,98.98,Passed,None,0
Q02092,B202502092,P002,2025-01-07,Purity,99.75,98.25,Passed,None,0
Q02093,B202602093,P008,2025-09-08,Purity,97.56,97.64,Failed,Contamination,800
Q02094,B202502094,P012,2025-12-28,Purity,96.87,95.27,Passed,None,0
Q02095,B202602095,P013,2025-02-14,Assay,100.39,98.24,Passed,None,0
Q02096,B202502096,P005,2025-11-05,Purity,97.99,95.42,Passed,None,0
Q02097,B202602097,P001,2025-07-15,Assay,99.79,98.65,Passed,None,0
Q02098,B202502098,P003,2026-03-28,Dissolution,99.62,97.54,Passed,None,0
Q02099,B202602099,P006,2026-01-18,Assay,100.1,97.45,Passed,None,0
Q02100,B202502100,P004,2026-05-02,Assay,102.05,97.66,Passed,None,0
Q02101,B202602101,P004,2025-11-14,Assay,100.16,98.6,Passed,None,0
Q02102,B202502102,P008,2026-05-12,Purity,96.64,96.02,Passed,None,0
Q02103,B202602103,P004,2025-11-13,Assay,98.17,95.92,Passed,None,0
Q02104,B202502104,P019,2025-05-23,Potency,99.24,96.08,Passed,None,0
Q02105,B202602105,P006,2025-02-01,Assay,98.98,96.62,Passed,None,0
Q02106,B202502106,P002,2025-03-26,Purity,94.07,96.93,Failed,High Impurity,135
Q02107,B202602107,P015,2026-03-16,Dissolution,93.42,96.85,Failed,Low Potency,573
Q02108,B202502108,P016,2025-03-31,Potency,97.58,96.52,Passed,None,0
Q02109,B202602109,P006,2026-07-24,Assay,98.16,95.79,Passed,None,0
Q02110,B202502110,P020,2026-02-18,Potency,99.66,98.99,Passed,None,0
Q02111,B202602111,P007,2025-01-15,Assay,96.85,95.02,Passed,None,0
Q02112,B202502112,P013,2026-04-21,Assay,97.69,95.09,Passed,None,0
Q02113,B202602113,P018,2026-06-21,Purity,98.76,96.45,Passed,None,0
Q02114,B202502114,P010,2025-11-02,Assay,96.56,97.24,Failed,Low Potency,227
Q02115,B202602115,P002,2025-10-02,Purity,102.52,96.59,Passed,None,0
Q02116,B202502116,P004,2025-10-30,Assay,96.3,96.94,Failed,Packaging Defect,399
Q02117,B202602117,P002,2025-09-13,Purity,101.32,98.15,Passed,None,0
Q02118,B202502118,P008,2026-01-17,Purity,99.01,98.23,Passed,None,0
Q02119,B202602119,P009,2026-05-16,Dissolution,99.23,97.68,Passed,None,0
Q02120,B202502120,P020,2026-07-26,Potency,97.31,95.12,Passed,None,0
Q02121,B202602121,P011,2025-06-17,Potency,98.84,95.32,Passed,None,0
Q02122,B202502122,P011,2025-02-13,Potency,98.19,96.42,Passed,None,0
Q02123,B202602123,P005,2026-02-25,Purity,97.4,96.69,Passed,None,0
Q02124,B202502124,P012,2025-06-12,Purity,98.8,96.68,Passed,None,0
Q02125,B202602125,P013,2025-03-26,Assay,99.85,98.9,Passed,None,0
Q02126,B202502126,P018,2025-10-25,Purity,96.93,96.72,Passed,None,0
Q02127,B202602127,P002,2025-04-22,Purity,97.55,98.72,Failed,High Impurity,257
Q02128,B202502128,P011,2025-07-29,Potency,96.14,95.94,Passed,None,0
Q02129,B202602129,P002,2025-04-02,Purity,102.42,98.68,Passed,None,0
Q02130,B202502130,P003,2025-05-11,Dissolution,98.62,97.24,Passed,None,0
Q02131,B202602131,P007,2025-03-18,Assay,102.97,97.81,Passed,None,0
Q02132,B202502132,P016,2025-09-17,Potency,98.34,97.7,Passed,None,0
Q02133,B202602133,P002,2026-05-31,Purity,99.11,97.08,Passed,None,0
Q02134,B202502134,P010,2025-05-24,Assay,99.68,98.0,Passed,None,0
Q02135,B202602135,P002,2025-01-05,Purity,97.65,96.4,Passed,None,0
Q02136,B202502136,P010,2025-01-29,Assay,97.22,96.05,Passed,None,0
Q02137,B202602137,P002,2025-05-25,Purity,96.63,95.99,Passed,None,0
Q02138,B202502138,P019,2026-02-26,Potency,99.27,98.19,Passed,None,0
Q02139,B202602139,P008,2025-04-16,Purity,96.86,96.43,Passed,None,0
Q02140,B202502140,P001,2025-09-20,Assay,100.12,97.79,Passed,None,0
Q02141,B202602141,P006,2025-11-03,Assay,99.78,98.08,Passed,None,0
Q02142,B202502142,P013,2026-03-24,Assay,100.14,98.34,Passed,None,0
Q02143,B202602143,P020,2026-06-21,Potency,93.79,95.21,Failed,Packaging Defect,810
Q02144,B202502144,P020,2026-07-04,Potency,97.82,95.43,Passed,None,0
Q02145,B202602145,P018,2025-12-29,Purity,97.05,97.31,Failed,Low Potency,261
Q02146,B202502146,P011,2026-05-31,Potency,101.33,98.82,Passed,None,0
Q02147,B202602147,P010,2025-01-23,Assay,98.88,95.8,Passed,None,0
Q02148,B202502148,P010,2025-02-05,Assay,99.97,96.78,Passed,None,0
Q02149,B202602149,P008,2026-02-21,Purity,101.26,98.38,Passed,None,0
Q02150,B202502150,P015,2025-02-19,Dissolution,98.82,97.34,Passed,None,0
Q02151,B202602151,P004,2025-03-06,Assay,102.3,98.9,Passed,None,0
Q02152,B202502152,P014,2025-07-10,Purity,98.3,98.39,Failed,Low Potency,705
Q02153,B202602153,P008,2026-02-01,Purity,100.54,97.24,Passed,None,0
Q02154,B202502154,P013,2025-09-21,Assay,100.4,97.91,Passed,None,0
Q02155,B202602155,P014,2026-06-26,Purity,98.07,95.95,Passed,None,0
Q02156,B202502156,P001,2026-05-25,Assay,100.14,98.33,Passed,None,0
Q02157,B202602157,P017,2025-01-11,Assay,99.42,96.18,Passed,None,0
Q02158,B202502158,P009,2025-07-15,Dissolution,92.77,96.08,Failed,Contamination,676
Q02159,B202602159,P002,2026-03-15,Purity,102.4,98.1,Passed,None,0
Q02160,B202502160,P014,2025-05-03,Purity,101.89,98.28,Passed,None,0
Q02161,B202602161,P016,2025-07-06,Potency,99.55,96.45,Passed,None,0
Q02162,B202502162,P002,2025-07-22,Purity,98.76,96.58,Passed,None,0
Q02163,B202602163,P016,2025-01-04,Potency,95.24,95.0,Passed,None,0
Q02164,B202502164,P017,2026-07-16,Assay,97.05,98.07,Failed,Contamination,272
Q02165,B202602165,P004,2025-08-20,Assay,101.17,97.71,Passed,None,0
Q02166,B202502166,P010,2026-05-20,Assay,93.23,96.93,Failed,High Impurity,200
Q02167,B202602167,P004,2025-05-15,Assay,97.91,96.65,Passed,None,0
Q02168,B202502168,P017,2025-09-06,Assay,96.39,95.28,Passed,None,0
Q02169,B202602169,P002,2026-05-26,Purity,98.67,97.13,Passed,None,0
Q02170,B202502170,P005,2026-06-30,Purity,102.81,97.64,Passed,None,0
Q02171,B202602171,P012,2025-11-28,Purity,99.34,98.61,Passed,None,0
Q02172,B202502172,P008,2025-01-09,Purity,95.9,95.35,Passed,None,0
Q02173,B202602173,P013,2025-08-05,Assay,98.35,96.45,Passed,None,0
Q02174,B202502174,P002,2026-07-19,Purity,98.35,95.65,Passed,None,0
Q02175,B202602175,P004,2025-10-28,Assay,99.9,96.99,Passed,None,0
Q02176,B202502176,P002,2025-09-12,Purity,102.57,97.38,Passed,None,0
Q02177,B202602177,P012,2025-01-01,Purity,101.03,97.67,Passed,None,0
Q02178,B202502178,P019,2026-05-03,Potency,99.4,98.71,Passed,None,0
Q02179,B202602179,P006,2025-05-30,Assay,99.96,97.67,Passed,None,0
Q02180,B202502180,P017,2026-02-09,Assay,97.94,98.61,Failed,High Impurity,921
Q02181,B202602181,P019,2025-05-23,Potency,101.42,97.99,Passed,None,0
Q02182,B202502182,P007,2025-08-01,Assay,99.54,97.46,Passed,None,0
Q02183,B202602183,P012,2026-04-10,Purity,101.33,97.05,Passed,None,0
Q02184,B202502184,P012,2026-03-28,Purity,94.71,95.52,Failed,Dissolution Failure,286
Q02185,B202602185,P007,2025-11-23,Assay,97.59,97.51,Passed,None,0
Q02186,B202502186,P016,2025-09-07,Potency,101.78,96.49,Passed,None,0
Q02187,B202602187,P007,2025-05-02,Assay,99.22,96.58,Passed,None,0
Q02188,B202502188,P012,2025-01-03,Purity,98.56,98.94,Failed,High Impurity,805
Q02189,B202602189,P011,2025-07-11,Potency,98.54,95.85,Passed,None,0
Q02190,B202502190,P013,2026-07-15,Assay,94.35,95.44,Failed,High Impurity,691
Q02191,B202602191,P010,2025-07-03,Assay,99.64,98.17,Passed,None,0
Q02192,B202502192,P003,2026-04-18,Dissolution,100.19,98.73,Passed,None,0
Q02193,B202602193,P012,2025-12-23,Purity,97.55,98.09,Failed,High Impurity,164
Q02194,B202502194,P020,2026-03-15,Potency,99.3,96.34,Passed,None,0
Q02195,B202602195,P010,2025-11-02,Assay,100.88,98.1,Passed,None,0
Q02196,B202502196,P010,2025-02-14,Assay,100.01,98.87,Passed,None,0
Q02197,B202602197,P003,2025-06-20,Dissolution,98.64,96.27,Passed,None,0
Q02198,B202502198,P015,2026-01-07,Dissolution,96.79,96.39,Passed,None,0
Q02199,B202602199,P007,2025-12-10,Assay,92.67,97.59,Failed,High Impurity,613
Q02200,B202502200,P017,2026-01-27,Assay,96.3,97.8,Failed,Packaging Defect,267
Q02201,B202602201,P020,2025-01-03,Potency,98.76,96.92,Passed,None,0
Q02202,B202502202,P010,2025-07-04,Assay,97.86,97.31,Passed,None,0
Q02203,B202602203,P005,2025-03-22,Purity,97.25,95.63,Passed,None,0
Q02204,B202502204,P010,2026-04-12,Assay,100.87,98.43,Passed,None,0
Q02205,B202602205,P013,2025-01-10,Assay,98.95,97.34,Passed,None,0
Q02206,B202502206,P013,2026-04-20,Assay,96.32,96.68,Failed,Contamination,330
Q02207,B202602207,P014,2025-02-26,Purity,101.2,97.87,Passed,None,0
Q02208,B202502208,P013,2026-07-12,Assay,99.42,96.01,Passed,None,0
Q02209,B202602209,P002,2025-03-05,Purity,97.71,97.96,Failed,Dissolution Failure,729
Q02210,B202502210,P001,2025-08-03,Assay,98.03,96.33,Passed,None,0
Q02211,B202602211,P016,2026-07-30,Potency,102.56,97.96,Passed,None,0
Q02212,B202502212,P007,2025-12-01,Assay,99.19,96.02,Passed,None,0
Q02213,B202602213,P013,2025-08-10,Assay,101.37,97.96,Passed,None,0
Q02214,B202502214,P009,2025-01-13,Dissolution,99.62,98.9,Passed,None,0
Q02215,B202602215,P008,2025-10-16,Purity,97.15,95.32,Passed,None,0
Q02216,B202502216,P005,2025-10-09,Purity,95.9,95.22,Passed,None,0
Q02217,B202602217,P008,2025-08-26,Purity,100.4,98.77,Passed,None,0
Q02218,B202502218,P007,2025-09-30,Assay,102.37,97.23,Passed,None,0
Q02219,B202602219,P002,2025-04-08,Purity,96.69,96.39,Passed,None,0
Q02220,B202502220,P013,2025-11-29,Assay,94.01,96.24,Failed,Dissolution Failure,746
Q02221,B202602221,P014,2025-04-12,Purity,100.92,95.7,Passed,None,0
Q02222,B202502222,P020,2025-12-20,Potency,93.65,95.33,Failed,Packaging Defect,294
Q02223,B202602223,P004,2025-04-08,Assay,96.81,95.39,Passed,None,0
Q02224,B202502224,P012,2025-07-06,Purity,97.23,97.93,Failed,Contamination,219
Q02225,B202602225,P014,2026-08-23,Purity,90.91,95.09,Failed,Packaging Defect,752
Q02226,B202502226,P013,2026-02-27,Assay,98.2,96.62,Passed,None,0
Q02227,B202602227,P005,2025-10-27,Purity,99.69,97.83,Passed,None,0
Q02228,B202502228,P007,2026-02-20,Assay,101.87,98.43,Passed,None,0
Q02229,B202602229,P020,2026-08-01,Potency,96.26,96.05,Passed,None,0
Q02230,B202502230,P001,2025-07-11,Assay,100.98,97.87,Passed,None,0
Q02231,B202602231,P009,2025-04-14,Dissolution,96.6,96.01,Passed,None,0
Q02232,B202502232,P015,2025-10-11,Dissolution,97.55,97.2,Passed,None,0
Q02233,B202602233,P020,2026-05-03,Potency,98.44,97.51,Passed,None,0
Q02234,B202502234,P019,2025-02-25,Potency,98.31,96.24,Passed,None,0
Q02235,B202602235,P006,2025-03-05,Assay,97.38,95.63,Passed,None,0
Q02236,B202502236,P007,2025-08-14,Assay,98.72,96.82,Passed,None,0
Q02237,B202602237,P005,2025-12-01,Purity,100.2,96.78,Passed,None,0
Q02238,B202502238,P015,2025-08-15,Dissolution,94.89,96.29,Failed,High Impurity,779
Q02239,B202602239,P002,2026-07-29,Purity,98.54,97.3,Passed,None,0
Q02240,B202502240,P014,2026-06-21,Purity,96.89,97.45,Failed,Contamination,143
Q02241,B202602241,P014,2026-02-05,Purity,99.32,95.76,Passed,None,0
Q02242,B202502242,P013,2025-03-11,Assay,95.44,95.98,Failed,Packaging Defect,998
Q02243,B202602243,P018,2026-08-06,Purity,95.49,97.05,Failed,Packaging Defect,496
Q02244,B202502244,P020,2026-04-03,Potency,95.09,95.12,Failed,Contamination,593
Q02245,B202602245,P017,2026-01-27,Assay,94.43,95.69,Failed,Packaging Defect,334
Q02246,B202502246,P019,2025-10-21,Potency,101.44,97.75,Passed,None,0
Q02247,B202602247,P009,2025-06-28,Dissolution,94.99,95.29,Failed,Packaging Defect,823
Q02248,B202502248,P001,2025-01-01,Assay,101.15,97.14,Passed,None,0
Q02249,B202602249,P006,2025-09-28,Assay,101.09,97.97,Passed,None,0
Q02250,B202502250,P005,2025-07-16,Purity,98.06,97.93,Passed,None,0
Q02251,B202602251,P005,2025-07-01,Purity,98.18,96.32,Passed,None,0
Q02252,B202502252,P003,2025-06-20,Dissolution,99.34,97.48,Passed,None,0
Q02253,B202602253,P010,2025-10-18,Assay,91.69,95.08,Failed,High Impurity,231
Q02254,B202502254,P005,2025-07-07,Purity,99.26,96.98,Passed,None,0
Q02255,B202602255,P020,2025-01-28,Potency,96.15,95.9,Passed,None,0
Q02256,B202502256,P007,2026-06-16,Assay,96.85,96.19,Passed,None,0
Q02257,B202602257,P016,2025-01-06,Potency,98.23,97.79,Passed,None,0
Q02258,B202502258,P014,2025-01-10,Purity,97.07,95.96,Passed,None,0
Q02259,B202602259,P004,2025-07-24,Assay,93.98,97.05,Failed,Dissolution Failure,445
Q02260,B202502260,P010,2025-02-17,Assay,98.5,96.0,Passed,None,0
Q02261,B202602261,P003,2025-03-29,Dissolution,94.59,97.34,Failed,High Impurity,770
Q02262,B202502262,P011,2025-01-01,Potency,97.32,96.82,Passed,None,0
Q02263,B202602263,P010,2026-05-11,Assay,99.68,96.86,Passed,None,0
Q02264,B202502264,P011,2026-07-29,Potency,98.49,97.14,Passed,None,0
Q02265,B202602265,P005,2025-05-12,Purity,94.38,95.25,Failed,Contamination,951
Q02266,B202502266,P015,2025-10-12,Dissolution,102.28,98.9,Passed,None,0
Q02267,B202602267,P007,2026-01-01,Assay,98.41,98.56,Failed,Dissolution Failure,843
Q02268,B202502268,P001,2026-03-24,Assay,101.36,97.3,Passed,None,0
Q02269,B202602269,P007,2025-05-26,Assay,100.37,98.99,Passed,None,0
Q02270,B202502270,P003,2026-01-06,Dissolution,98.42,97.48,Passed,None,0
Q02271,B202602271,P008,2026-07-07,Purity,96.49,96.69,Failed,Low Potency,948
Q02272,B202502272,P013,2025-01-31,Assay,99.49,98.35,Passed,None,0
Q02273,B202602273,P005,2025-09-10,Purity,95.75,97.26,Failed,Low Potency,745
Q02274,B202502274,P012,2025-01-24,Purity,98.78,96.94,Passed,None,0
Q02275,B202602275,P002,2025-08-04,Purity,100.55,98.25,Passed,None,0
Q02276,B202502276,P001,2025-01-11,Assay,99.18,98.66,Passed,None,0
Q02277,B202602277,P001,2026-02-21,Assay,97.65,95.6,Passed,None,0
Q02278,B202502278,P014,2025-09-14,Purity,99.48,97.94,Passed,None,0
Q02279,B202602279,P017,2026-03-01,Assay,97.07,98.08,Failed,Dissolution Failure,721
Q02280,B202502280,P015,2025-12-31,Dissolution,99.31,96.28,Passed,None,0
Q02281,B202602281,P010,2025-11-13,Assay,96.94,96.8,Passed,None,0
Q02282,B202502282,P006,2026-06-15,Assay,101.48,98.49,Passed,None,0
Q02283,B202602283,P002,2025-04-17,Purity,100.62,97.08,Passed,None,0
Q02284,B202502284,P006,2025-08-05,Assay,95.85,98.11,Failed,High Impurity,468
Q02285,B202602285,P005,2025-07-08,Purity,98.76,97.35,Passed,None,0
Q02286,B202502286,P008,2026-04-30,Purity,98.11,95.92,Passed,None,0
Q02287,B202602287,P003,2026-08-13,Dissolution,101.78,98.58,Passed,None,0
Q02288,B202502288,P014,2025-04-15,Purity,97.61,98.84,Failed,Low Potency,227
Q02289,B202602289,P010,2025-08-14,Assay,98.04,98.17,Failed,High Impurity,338
Q02290,B202502290,P020,2025-03-11,Potency,95.61,95.32,Passed,None,0
Q02291,B202602291,P016,2025-09-12,Potency,98.05,97.31,Passed,None,0
Q02292,B202502292,P016,2025-12-19,Potency,98.52,95.27,Passed,None,0
Q02293,B202602293,P017,2025-12-29,Assay,98.26,95.78,Passed,None,0
Q02294,B202502294,P003,2025-04-03,Dissolution,94.83,95.2,Failed,Dissolution Failure,335
Q02295,B202602295,P017,2026-08-14,Assay,98.9,95.89,Passed,None,0
Q02296,B202502296,P009,2026-02-28,Dissolution,100.13,98.76,Passed,None,0
Q02297,B202602297,P007,2026-06-19,Assay,97.55,96.54,Passed,None,0
Q02298,B202502298,P003,2025-04-21,Dissolution,95.26,95.93,Failed,Packaging Defect,811
Q02299,B202602299,P018,2025-07-28,Purity,98.3,96.19,Passed,None,0
Q02300,B202502300,P015,2026-05-31,Dissolution,97.37,96.08,Passed,None,0
Q02301,B202602301,P017,2025-05-27,Assay,99.9,96.61,Passed,None,0
Q02302,B202502302,P011,2025-08-02,Potency,100.67,98.58,Passed,None,0
Q02303,B202602303,P009,2025-03-15,Dissolution,98.06,95.87,Passed,None,0
Q02304,B202502304,P001,2025-09-18,Assay,98.64,95.42,Passed,None,0
Q02305,B202602305,P005,2026-03-04,Purity,101.33,95.64,Passed,None,0
Q02306,B202502306,P011,2025-08-28,Potency,102.17,98.58,Passed,None,0
Q02307,B202602307,P016,2025-11-12,Potency,98.2,95.45,Passed,None,0
Q02308,B202502308,P005,2025-11-09,Purity,99.93,97.69,Passed,None,0
Q02309,B202602309,P010,2025-08-11,Assay,102.18,98.16,Passed,None,0
Q02310,B202502310,P017,2026-02-23,Assay,100.3,98.36,Passed,None,0
Q02311,B202602311,P014,2026-07-13,Purity,102.54,97.44,Passed,None,0
Q02312,B202502312,P007,2025-06-11,Assay,101.09,97.91,Passed,None,0
Q02313,B202602313,P016,2025-01-11,Potency,98.3,95.22,Passed,None,0
Q02314,B202502314,P017,2025-10-08,Assay,96.2,97.63,Failed,Low Potency,188
Q02315,B202602315,P007,2026-05-13,Assay,102.92,96.75,Passed,None,0
Q02316,B202502316,P012,2026-06-01,Purity,96.17,96.77,Failed,Packaging Defect,917
Q02317,B202602317,P016,2025-10-19,Potency,99.65,97.74,Passed,None,0
Q02318,B202502318,P015,2025-09-18,Dissolution,98.09,96.18,Passed,None,0
Q02319,B202602319,P016,2026-02-12,Potency,98.67,97.47,Passed,None,0
Q02320,B202502320,P016,2025-08-07,Potency,104.3,98.23,Passed,None,0
Q02321,B202602321,P013,2025-05-22,Assay,99.39,96.71,Passed,None,0
Q02322,B202502322,P005,2025-06-26,Purity,96.92,95.84,Passed,None,0
Q02323,B202602323,P008,2025-06-03,Purity,94.0,96.77,Failed,Contamination,811
Q02324,B202502324,P014,2025-10-25,Purity,99.29,97.37,Passed,None,0
Q02325,B202602325,P009,2026-04-04,Dissolution,99.06,98.11,Passed,None,0
Q02326,B202502326,P013,2026-03-03,Assay,100.6,98.65,Passed,None,0
Q02327,B202602327,P018,2026-07-15,Purity,99.65,97.47,Passed,None,0
Q02328,B202502328,P013,2025-12-22,Assay,97.13,96.59,Passed,None,0
Q02329,B202602329,P013,2026-06-25,Assay,99.62,98.32,Passed,None,0
Q02330,B202502330,P004,2026-01-19,Assay,95.42,95.13,Passed,None,0
Q02331,B202602331,P003,2025-05-01,Dissolution,99.07,97.96,Passed,None,0
Q02332,B202502332,P013,2025-10-15,Assay,99.48,95.09,Passed,None,0
Q02333,B202602333,P004,2025-03-19,Assay,94.69,95.05,Failed,High Impurity,658
Q02334,B202502334,P020,2026-08-21,Potency,98.47,96.2,Passed,None,0
Q02335,B202602335,P007,2026-03-12,Assay,100.55,96.74,Passed,None,0
Q02336,B202502336,P009,2025-12-12,Dissolution,98.44,96.06,Passed,None,0
Q02337,B202602337,P010,2025-03-08,Assay,93.57,95.22,Failed,Packaging Defect,245
Q02338,B202502338,P013,2025-06-28,Assay,93.22,96.75,Failed,Packaging Defect,560
Q02339,B202602339,P004,2025-10-24,Assay,100.97,97.78,Passed,None,0
Q02340,B202502340,P005,2025-05-22,Purity,98.82,95.88,Passed,None,0
Q02341,B202602341,P002,2025-07-02,Purity,98.32,96.35,Passed,None,0
Q02342,B202502342,P013,2026-07-23,Assay,97.61,97.45,Passed,None,0
Q02343,B202602343,P019,2025-02-20,Potency,94.19,97.53,Failed,Dissolution Failure,282
Q02344,B202502344,P010,2026-02-18,Assay,100.16,98.32,Passed,None,0
Q02345,B202602345,P003,2025-08-12,Dissolution,98.17,97.15,Passed,None,0
Q02346,B202502346,P004,2026-07-03,Assay,96.39,96.55,Failed,High Impurity,742
Q02347,B202602347,P015,2026-02-02,Dissolution,103.63,98.97,Passed,None,0
Q02348,B202502348,P006,2025-10-29,Assay,94.66,95.53,Failed,Packaging Defect,206
Q02349,B202602349,P007,2025-10-08,Assay,99.51,96.84,Passed,None,0
Q02350,B202502350,P012,2025-01-08,Purity,98.74,97.93,Passed,None,0
Q02351,B202602351,P018,2025-02-10,Purity,99.14,98.96,Passed,None,0
Q02352,B202502352,P004,2026-06-19,Assay,97.96,96.77,Passed,None,0
Q02353,B202602353,P008,2026-04-23,Purity,99.4,98.82,Passed,None,0
Q02354,B202502354,P013,2025-03-22,Assay,100.34,97.4,Passed,None,0
Q02355,B202602355,P005,2026-01-17,Purity,94.26,95.1,Failed,Dissolution Failure,161
Q02356,B202502356,P020,2026-01-30,Potency,97.75,95.14,Passed,None,0
Q02357,B202602357,P007,2025-07-26,Assay,98.3,95.53,Passed,None,0
Q02358,B202502358,P016,2025-04-19,Potency,90.58,95.38,Failed,Packaging Defect,470
Q02359,B202602359,P016,2026-01-05,Potency,96.63,96.53,Passed,None,0
Q02360,B202502360,P012,2026-07-04,Purity,96.33,96.24,Passed,None,0
Q02361,B202602361,P001,2025-11-26,Assay,98.56,95.66,Passed,None,0
Q02362,B202502362,P009,2025-10-20,Dissolution,95.6,96.16,Failed,Low Potency,612
Q02363,B202602363,P007,2026-01-28,Assay,98.67,98.92,Failed,High Impurity,245
Q02364,B202502364,P019,2026-01-11,Potency,96.75,95.45,Passed,None,0
Q02365,B202602365,P007,2026-06-22,Assay,99.71,96.94,Passed,None,0
Q02366,B202502366,P014,2025-03-08,Purity,97.94,98.4,Failed,Contamination,635
Q02367,B202602367,P019,2025-02-09,Potency,98.94,97.07,Passed,None,0
Q02368,B202502368,P004,2026-08-02,Assay,98.02,96.35,Passed,None,0
Q02369,B202602369,P002,2025-11-08,Purity,99.99,97.23,Passed,None,0
Q02370,B202502370,P010,2026-05-04,Assay,99.47,96.68,Passed,None,0
Q02371,B202602371,P017,2026-05-21,Assay,102.01,97.66,Passed,None,0
Q02372,B202502372,P012,2025-11-26,Purity,102.1,98.98,Passed,None,0
Q02373,B202602373,P005,2026-07-11,Purity,99.88,98.84,Passed,None,0
Q02374,B202502374,P019,2025-05-03,Potency,102.07,97.49,Passed,None,0
Q02375,B202602375,P003,2026-05-21,Dissolution,103.11,98.44,Passed,None,0
Q02376,B202502376,P017,2026-03-06,Assay,97.35,95.67,Passed,None,0
Q02377,B202602377,P017,2025-04-15,Assay,101.41,98.76,Passed,None,0
Q02378,B202502378,P019,2025-10-05,Potency,96.61,95.09,Passed,None,0
Q02379,B202602379,P008,2025-08-29,Purity,99.33,96.82,Passed,None,0
Q02380,B202502380,P016,2025-08-25,Potency,96.62,98.17,Failed,Low Potency,490
Q02381,B202602381,P005,2026-04-11,Purity,98.09,96.04,Passed,None,0
Q02382,B202502382,P010,2025-04-15,Assay,97.93,98.98,Failed,Contamination,220
Q02383,B202602383,P003,2026-08-07,Dissolution,95.82,96.56,Failed,High Impurity,879
Q02384,B202502384,P002,2025-04-23,Purity,95.05,96.12,Failed,Low Potency,355
Q02385,B202602385,P008,2026-04-27,Purity,100.87,97.08,Passed,None,0
Q02386,B202502386,P010,2025-02-14,Assay,98.75,95.92,Passed,None,0
Q02387,B202602387,P009,2026-04-02,Dissolution,100.55,96.45,Passed,None,0
Q02388,B202502388,P009,2026-02-05,Dissolution,96.42,96.04,Passed,None,0
Q02389,B202602389,P016,2026-07-24,Potency,99.76,97.96,Passed,None,0
Q02390,B202502390,P004,2025-04-22,Assay,93.7,98.11,Failed,Dissolution Failure,812
Q02391,B202602391,P001,2025-08-15,Assay,96.31,96.95,Failed,Contamination,831
Q02392,B202502392,P020,2025-01-05,Potency,94.83,95.14,Failed,Contamination,394
Q02393,B202602393,P012,2026-06-29,Purity,96.77,96.24,Passed,None,0
Q02394,B202502394,P014,2026-02-20,Purity,99.7,97.39,Passed,None,0
Q02395,B202602395,P013,2025-12-31,Assay,99.98,97.99,Passed,None,0
Q02396,B202502396,P020,2025-05-25,Potency,98.67,95.39,Passed,None,0
Q02397,B202602397,P014,2026-08-05,Purity,99.61,96.42,Passed,None,0
Q02398,B202502398,P007,2026-03-09,Assay,95.32,95.69,Failed,High Impurity,462
Q02399,B202602399,P012,2026-08-10,Purity,97.33,95.44,Passed,None,0
Q02400,B202502400,P010,2025-11-03,Assay,99.77,95.81,Passed,None,0
Q02401,B202602401,P011,2026-03-11,Potency,100.84,97.32,Passed,None,0
Q02402,B202502402,P003,2026-01-01,Dissolution,97.91,96.32,Passed,None,0
Q02403,B202602403,P003,2026-04-01,Dissolution,100.97,97.89,Passed,None,0
Q02404,B202502404,P003,2025-07-24,Dissolution,100.05,97.34,Passed,None,0
Q02405,B202602405,P009,2025-05-14,Dissolution,98.58,97.07,Passed,None,0
Q02406,B202502406,P001,2025-03-11,Assay,94.69,95.61,Failed,High Impurity,950
Q02407,B202602407,P014,2026-04-23,Purity,99.69,95.66,Passed,None,0
Q02408,B202502408,P019,2025-04-23,Potency,94.83,95.69,Failed,Packaging Defect,666
Q02409,B202602409,P013,2025-02-28,Assay,95.65,96.06,Failed,Contamination,432
Q02410,B202502410,P017,2025-11-08,Assay,96.2,97.06,Failed,Packaging Defect,193
Q02411,B202602411,P012,2025-11-15,Purity,95.14,97.22,Failed,High Impurity,843
Q02412,B202502412,P010,2025-06-27,Assay,98.61,95.51,Passed,None,0
Q02413,B202602413,P001,2025-02-11,Assay,97.53,96.01,Passed,None,0
Q02414,B202502414,P003,2025-10-27,Dissolution,100.34,96.93,Passed,None,0
Q02415,B202602415,P003,2026-05-24,Dissolution,100.74,97.84,Passed,None,0
Q02416,B202502416,P003,2025-07-23,Dissolution,97.7,96.94,Passed,None,0
Q02417,B202602417,P012,2026-08-12,Purity,95.06,97.17,Failed,Dissolution Failure,109
Q02418,B202502418,P014,2025-04-28,Purity,98.41,97.04,Passed,None,0
Q02419,B202602419,P017,2025-04-16,Assay,98.24,96.48,Passed,None,0
Q02420,B202502420,P011,2026-01-19,Potency,97.72,98.43,Failed,Contamination,120
Q02421,B202602421,P001,2025-04-15,Assay,95.28,96.13,Failed,Contamination,901
Q02422,B202502422,P004,2025-09-22,Assay,98.64,97.42,Passed,None,0
Q02423,B202602423,P002,2026-01-03,Purity,99.0,96.76,Passed,None,0
Q02424,B202502424,P011,2025-12-09,Potency,97.64,97.77,Failed,Dissolution Failure,809
Q02425,B202602425,P011,2025-06-04,Potency,100.8,98.21,Passed,None,0
Q02426,B202502426,P008,2025-01-18,Purity,100.26,96.55,Passed,None,0
Q02427,B202602427,P019,2026-04-19,Potency,98.72,97.95,Passed,None,0
Q02428,B202502428,P016,2026-08-15,Potency,94.39,96.15,Failed,High Impurity,92
Q02429,B202602429,P016,2025-09-12,Potency,93.58,97.7,Failed,High Impurity,769
Q02430,B202502430,P006,2026-08-23,Assay,97.42,95.94,Passed,None,0
Q02431,B202602431,P011,2025-10-07,Potency,98.91,95.89,Passed,None,0
Q02432,B202502432,P019,2025-07-15,Potency,101.74,98.52,Passed,None,0
Q02433,B202602433,P008,2025-05-09,Purity,99.19,95.18,Passed,None,0
Q02434,B202502434,P006,2025-12-07,Assay,100.77,96.97,Passed,None,0
Q02435,B202602435,P004,2026-04-23,Assay,98.12,96.22,Passed,None,0
Q02436,B202502436,P009,2026-06-06,Dissolution,98.77,96.37,Passed,None,0
Q02437,B202602437,P016,2026-06-16,Potency,96.28,95.33,Passed,None,0
Q02438,B202502438,P010,2026-05-25,Assay,98.36,97.25,Passed,None,0
Q02439,B202602439,P020,2025-05-30,Potency,96.47,95.66,Passed,None,0
Q02440,B202502440,P015,2025-02-11,Dissolution,98.09,96.51,Passed,None,0
Q02441,B202602441,P001,2026-07-17,Assay,102.6,97.54,Passed,None,0
Q02442,B202502442,P020,2025-03-28,Potency,95.48,95.8,Failed,Dissolution Failure,727
Q02443,B202602443,P004,2025-07-03,Assay,99.83,96.81,Passed,None,0
Q02444,B202502444,P003,2026-04-28,Dissolution,99.56,96.49,Passed,None,0
Q02445,B202602445,P009,2025-11-27,Dissolution,97.69,96.46,Passed,None,0
Q02446,B202502446,P006,2025-12-02,Assay,98.69,96.68,Passed,None,0
Q02447,B202602447,P009,2025-12-18,Dissolution,99.52,97.88,Passed,None,0
Q02448,B202502448,P003,2026-01-11,Dissolution,99.02,98.39,Passed,None,0
Q02449,B202602449,P003,2025-06-09,Dissolution,97.83,95.17,Passed,None,0
Q02450,B202502450,P003,2025-04-16,Dissolution,99.78,98.17,Passed,None,0
Q02451,B202602451,P004,2026-01-25,Assay,96.79,95.34,Passed,None,0
Q02452,B202502452,P013,2026-07-14,Assay,97.17,96.49,Passed,None,0
Q02453,B202602453,P003,2025-07-07,Dissolution,95.6,95.65,Failed,Dissolution Failure,767
Q02454,B202502454,P002,2026-07-22,Purity,96.73,96.21,Passed,None,0
Q02455,B202602455,P019,2026-03-11,Potency,100.01,95.99,Passed,None,0
Q02456,B202502456,P005,2026-04-10,Purity,98.43,96.34,Passed,None,0
Q02457,B202602457,P014,2026-02-28,Purity,96.2,95.14,Passed,None,0
Q02458,B202502458,P011,2025-05-22,Potency,96.69,96.85,Failed,Packaging Defect,433
Q02459,B202602459,P005,2026-03-11,Purity,99.32,96.28,Passed,None,0
Q02460,B202502460,P013,2025-03-06,Assay,97.34,96.14,Passed,None,0
Q02461,B202602461,P011,2025-08-23,Potency,93.78,95.81,Failed,High Impurity,265
Q02462,B202502462,P005,2025-08-30,Purity,98.18,98.6,Failed,Contamination,144
Q02463,B202602463,P002,2025-01-31,Purity,99.4,95.26,Passed,None,0
Q02464,B202502464,P010,2026-06-24,Assay,96.37,96.38,Failed,High Impurity,665
Q02465,B202602465,P013,2026-08-21,Assay,100.7,98.77,Passed,None,0
Q02466,B202502466,P010,2025-04-30,Assay,97.28,97.64,Failed,Contamination,533
Q02467,B202602467,P005,2026-05-30,Purity,101.39,98.71,Passed,None,0
Q02468,B202502468,P018,2026-06-16,Purity,98.51,97.61,Passed,None,0
Q02469,B202602469,P003,2025-08-15,Dissolution,100.0,98.91,Passed,None,0
Q02470,B202502470,P005,2026-03-22,Purity,102.2,98.27,Passed,None,0
Q02471,B202602471,P016,2026-08-01,Potency,99.1,98.09,Passed,None,0
Q02472,B202502472,P001,2026-07-23,Assay,94.74,98.29,Failed,High Impurity,291
Q02473,B202602473,P014,2025-08-30,Purity,99.32,96.03,Passed,None,0
Q02474,B202502474,P002,2026-03-20,Purity,99.52,97.73,Passed,None,0
Q02475,B202602475,P019,2026-07-12,Potency,99.16,98.45,Passed,None,0
Q02476,B202502476,P014,2026-07-26,Purity,98.7,97.74,Passed,None,0
Q02477,B202602477,P017,2025-09-14,Assay,97.32,97.48,Failed,Low Potency,933
Q02478,B202502478,P001,2025-05-28,Assay,93.5,98.42,Failed,Packaging Defect,658
Q02479,B202602479,P010,2025-08-10,Assay,93.97,98.26,Failed,Contamination,250
Q02480,B202502480,P012,2026-01-10,Purity,101.16,97.51,Passed,None,0
Q02481,B202602481,P003,2025-06-04,Dissolution,102.87,97.01,Passed,None,0
Q02482,B202502482,P011,2026-06-09,Potency,94.63,95.6,Failed,Low Potency,160
Q02483,B202602483,P013,2026-01-06,Assay,94.53,95.63,Failed,Dissolution Failure,901
Q02484,B202502484,P014,2025-06-09,Purity,98.85,97.85,Passed,None,0
Q02485,B202602485,P009,2026-07-17,Dissolution,100.01,97.57,Passed,None,0
Q02486,B202502486,P017,2025-10-21,Assay,94.44,97.6,Failed,Contamination,939
Q02487,B202602487,P020,2026-07-17,Potency,97.37,96.53,Passed,None,0
Q02488,B202502488,P019,2026-06-07,Potency,100.11,97.76,Passed,None,0
Q02489,B202602489,P004,2025-10-23,Assay,96.3,95.88,Passed,None,0
Q02490,B202502490,P004,2026-06-27,Assay,98.7,95.63,Passed,None,0
Q02491,B202602491,P014,2025-03-21,Purity,97.71,95.2,Passed,None,0
Q02492,B202502492,P013,2025-08-31,Assay,101.97,98.52,Passed,None,0
Q02493,B202602493,P016,2026-07-02,Potency,97.24,97.53,Failed,Low Potency,636
Q02494,B202502494,P006,2026-03-01,Assay,98.51,96.87,Passed,None,0
Q02495,B202602495,P019,2025-12-13,Potency,97.58,96.59,Passed,None,0
Q02496,B202502496,P004,2026-03-08,Assay,97.73,98.34,Failed,Dissolution Failure,651
Q02497,B202602497,P007,2025-03-12,Assay,100.76,98.21,Passed,None,0
Q02498,B202502498,P018,2025-11-25,Purity,97.88,97.05,Passed,None,0
Q02499,B202602499,P011,2025-04-19,Potency,98.56,96.95,Passed,None,0
Q02500,B202502500,P007,2025-03-10,Assay,96.15,97.47,Failed,Low Potency,403
Q02501,B202602501,P004,2026-04-27,Assay,97.94,96.79,Passed,None,0
Q02502,B202502502,P020,2026-04-25,Potency,98.87,98.27,Passed,None,0
Q02503,B202602503,P012,2026-01-24,Purity,100.3,97.85,Passed,None,0
Q02504,B202502504,P012,2025-12-10,Purity,99.09,95.76,Passed,None,0
Q02505,B202602505,P015,2026-08-09,Dissolution,99.58,96.32,Passed,None,0
Q02506,B202502506,P009,2025-05-11,Dissolution,93.39,95.76,Failed,Low Potency,307
Q02507,B202602507,P009,2026-07-15,Dissolution,94.75,95.45,Failed,Low Potency,285
Q02508,B202502508,P005,2026-01-28,Purity,100.08,97.64,Passed,None,0
Q02509,B202602509,P008,2025-10-24,Purity,94.53,95.53,Failed,High Impurity,774
Q02510,B202502510,P006,2026-01-16,Assay,98.33,96.61,Passed,None,0
Q02511,B202602511,P006,2026-07-01,Assay,99.1,97.27,Passed,None,0
Q02512,B202502512,P012,2025-08-30,Purity,97.62,96.34,Passed,None,0
Q02513,B202602513,P001,2026-03-20,Assay,97.73,96.1,Passed,None,0
Q02514,B202502514,P017,2026-04-08,Assay,99.45,98.22,Passed,None,0
Q02515,B202602515,P015,2025-06-02,Dissolution,96.37,97.64,Failed,Contamination,546
Q02516,B202502516,P018,2025-08-15,Purity,103.17,97.23,Passed,None,0
Q02517,B202602517,P004,2025-05-10,Assay,97.25,97.18,Passed,None,0
Q02518,B202502518,P002,2025-01-29,Purity,97.61,95.2,Passed,None,0
Q02519,B202602519,P012,2025-06-18,Purity,99.27,95.83,Passed,None,0
Q02520,B202502520,P018,2026-06-20,Purity,94.27,95.63,Failed,Dissolution Failure,924
Q02521,B202602521,P016,2026-08-02,Potency,98.5,98.76,Failed,High Impurity,484
Q02522,B202502522,P007,2026-01-07,Assay,93.54,96.67,Failed,Low Potency,403
Q02523,B202602523,P017,2025-11-09,Assay,92.92,97.82,Failed,Dissolution Failure,703
Q02524,B202502524,P014,2026-08-17,Purity,99.56,97.64,Passed,None,0
Q02525,B202602525,P003,2025-07-06,Dissolution,99.63,97.65,Passed,None,0
Q02526,B202502526,P012,2025-11-03,Purity,101.11,98.89,Passed,None,0
Q02527,B202602527,P018,2025-05-23,Purity,99.93,97.1,Passed,None,0
Q02528,B202502528,P001,2026-07-09,Assay,100.71,98.18,Passed,None,0
Q02529,B202602529,P011,2025-04-05,Potency,100.12,97.78,Passed,None,0
Q02530,B202502530,P002,2026-06-17,Purity,97.18,95.58,Passed,None,0
Q02531,B202602531,P005,2025-04-14,Purity,100.19,98.84,Passed,None,0
Q02532,B202502532,P009,2025-02-07,Dissolution,92.01,95.47,Failed,Dissolution Failure,447
Q02533,B202602533,P014,2025-03-06,Purity,101.88,98.58,Passed,None,0
Q02534,B202502534,P010,2025-09-11,Assay,95.29,98.2,Failed,Contamination,332
Q02535,B202602535,P020,2026-02-06,Potency,102.72,97.62,Passed,None,0
Q02536,B202502536,P014,2026-05-27,Purity,97.92,96.5,Passed,None,0
Q02537,B202602537,P004,2025-08-01,Assay,98.89,97.36,Passed,None,0
Q02538,B202502538,P016,2026-07-19,Potency,93.22,97.25,Failed,High Impurity,923
Q02539,B202602539,P005,2026-08-08,Purity,96.06,95.85,Passed,None,0
Q02540,B202502540,P018,2025-11-06,Purity,100.23,97.15,Passed,None,0
Q02541,B202602541,P016,2025-07-16,Potency,98.94,98.33,Passed,None,0
Q02542,B202502542,P001,2026-03-11,Assay,96.61,98.09,Failed,Low Potency,626
Q02543,B202602543,P015,2025-01-29,Dissolution,93.85,95.61,Failed,Low Potency,621
Q02544,B202502544,P003,2025-07-26,Dissolution,94.36,96.54,Failed,Dissolution Failure,221
Q02545,B202602545,P017,2025-05-01,Assay,99.72,98.62,Passed,None,0
Q02546,B202502546,P018,2025-11-14,Purity,98.88,98.26,Passed,None,0
Q02547,B202602547,P004,2026-03-08,Assay,99.53,98.9,Passed,None,0
Q02548,B202502548,P017,2026-05-20,Assay,97.04,95.7,Passed,None,0
Q02549,B202602549,P003,2026-03-13,Dissolution,95.79,95.76,Passed,None,0
Q02550,B202502550,P015,2026-07-07,Dissolution,99.81,97.99,Passed,None,0
Q02551,B202602551,P007,2025-11-01,Assay,98.3,95.28,Passed,None,0
Q02552,B202502552,P019,2026-05-23,Potency,100.08,98.7,Passed,None,0
Q02553,B202602553,P010,2026-01-07,Assay,99.42,96.19,Passed,None,0
Q02554,B202502554,P008,2025-05-14,Purity,99.46,96.85,Passed,None,0
Q02555,B202602555,P012,2025-08-01,Purity,102.49,98.84,Passed,None,0
Q02556,B202502556,P014,2025-07-05,Purity,91.45,95.13,Failed,Dissolution Failure,335
Q02557,B202602557,P002,2025-01-11,Purity,98.74,96.44,Passed,None,0
Q02558,B202502558,P002,2026-06-17,Purity,92.67,97.6,Failed,Packaging Defect,682
Q02559,B202602559,P018,2025-04-18,Purity,96.3,97.19,Failed,Dissolution Failure,201
Q02560,B202502560,P011,2026-08-11,Potency,99.11,97.29,Passed,None,0
Q02561,B202602561,P006,2026-01-05,Assay,97.42,97.32,Passed,None,0
Q02562,B202502562,P002,2025-07-08,Purity,94.88,95.17,Failed,High Impurity,954
Q02563,B202602563,P020,2025-08-15,Potency,98.94,97.55,Passed,None,0
Q02564,B202502564,P008,2025-08-12,Purity,96.35,96.32,Passed,None,0
Q02565,B202602565,P003,2025-02-27,Dissolution,95.71,98.04,Failed,High Impurity,563
Q02566,B202502566,P015,2025-05-06,Dissolution,95.62,96.15,Failed,Contamination,328
Q02567,B202602567,P007,2026-08-20,Assay,97.02,95.12,Passed,None,0
Q02568,B202502568,P015,2025-04-21,Dissolution,95.96,96.0,Failed,Contamination,967
Q02569,B202602569,P015,2026-03-20,Dissolution,100.52,97.05,Passed,None,0
Q02570,B202502570,P002,2025-12-15,Purity,100.04,98.79,Passed,None,0
Q02571,B202602571,P004,2025-10-05,Assay,98.61,97.04,Passed,None,0
Q02572,B202502572,P006,2026-07-06,Assay,95.91,95.04,Passed,None,0
Q02573,B202602573,P007,2025-05-25,Assay,100.64,98.02,Passed,None,0
Q02574,B202502574,P002,2026-04-10,Purity,99.88,95.38,Passed,None,0
Q02575,B202602575,P002,2025-06-11,Purity,96.61,96.36,Passed,None,0
Q02576,B202502576,P011,2025-02-04,Potency,97.8,96.86,Passed,None,0
Q02577,B202602577,P018,2025-12-03,Purity,99.08,98.01,Passed,None,0
Q02578,B202502578,P004,2025-07-13,Assay,96.98,95.0,Passed,None,0
Q02579,B202602579,P001,2025-05-03,Assay,98.82,98.5,Passed,None,0
Q02580,B202502580,P003,2025-11-09,Dissolution,97.85,95.84,Passed,None,0
Q02581,B202602581,P016,2025-02-25,Potency,101.1,97.29,Passed,None,0
Q02582,B202502582,P002,2026-02-22,Purity,99.58,97.35,Passed,None,0
Q02583,B202602583,P016,2026-07-13,Potency,100.21,97.99,Passed,None,0
Q02584,B202502584,P017,2025-06-15,Assay,96.61,96.94,Failed,High Impurity,285
Q02585,B202602585,P020,2025-10-21,Potency,98.0,96.31,Passed,None,0
Q02586,B202502586,P018,2026-08-11,Purity,101.88,98.41,Passed,None,0
Q02587,B202602587,P009,2026-08-16,Dissolution,100.2,96.17,Passed,None,0
Q02588,B202502588,P016,2025-05-31,Potency,96.55,96.85,Failed,Low Potency,907
Q02589,B202602589,P012,2025-01-07,Purity,98.94,96.67,Passed,None,0
Q02590,B202502590,P012,2026-07-25,Purity,98.67,97.93,Passed,None,0
Q02591,B202602591,P019,2025-05-14,Potency,99.7,98.7,Passed,None,0
Q02592,B202502592,P014,2026-05-04,Purity,99.47,97.71,Passed,None,0
Q02593,B202602593,P018,2025-11-04,Purity,97.78,96.64,Passed,None,0
Q02594,B202502594,P007,2025-02-28,Assay,100.37,98.16,Passed,None,0
Q02595,B202602595,P019,2026-08-01,Potency,98.13,98.11,Passed,None,0
Q02596,B202502596,P009,2026-08-03,Dissolution,96.31,95.42,Passed,None,0
Q02597,B202602597,P003,2025-05-27,Dissolution,94.74,95.26,Failed,Contamination,617
Q02598,B202502598,P005,2025-10-12,Purity,98.39,96.89,Passed,None,0
Q02599,B202602599,P006,2025-04-28,Assay,97.64,95.68,Passed,None,0
Q02600,B202502600,P015,2025-04-02,Dissolution,101.69,95.65,Passed,None,0
Q02601,B202602601,P002,2025-02-02,Purity,101.65,97.96,Passed,None,0
Q02602,B202502602,P003,2025-01-25,Dissolution,97.15,97.23,Failed,Packaging Defect,149
Q02603,B202602603,P010,2026-07-08,Assay,101.62,97.19,Passed,None,0
Q02604,B202502604,P017,2026-08-10,Assay,99.57,98.89,Passed,None,0
Q02605,B202602605,P010,2026-01-12,Assay,99.14,96.7,Passed,None,0
Q02606,B202502606,P017,2025-10-04,Assay,92.03,95.67,Failed,Packaging Defect,575
Q02607,B202602607,P015,2025-09-18,Dissolution,97.42,97.41,Passed,None,0
Q02608,B202502608,P002,2026-05-06,Purity,94.98,95.69,Failed,High Impurity,298
Q02609,B202602609,P003,2025-12-25,Dissolution,98.92,98.29,Passed,None,0
Q02610,B202502610,P004,2025-10-06,Assay,99.88,95.98,Passed,None,0
Q02611,B202602611,P016,2025-06-01,Potency,96.58,95.07,Passed,None,0
Q02612,B202502612,P004,2025-09-28,Assay,98.5,96.38,Passed,None,0
Q02613,B202602613,P016,2026-02-26,Potency,96.57,96.6,Failed,High Impurity,597
Q02614,B202502614,P014,2026-06-30,Purity,100.58,98.97,Passed,None,0
Q02615,B202602615,P008,2026-08-10,Purity,97.43,96.94,Passed,None,0
Q02616,B202502616,P004,2025-06-29,Assay,102.05,98.18,Passed,None,0
Q02617,B202602617,P009,2026-02-10,Dissolution,101.12,98.1,Passed,None,0
Q02618,B202502618,P004,2025-01-27,Assay,99.64,96.14,Passed,None,0
Q02619,B202602619,P004,2025-11-30,Assay,99.8,97.99,Passed,None,0
Q02620,B202502620,P016,2026-01-13,Potency,95.93,97.04,Failed,Low Potency,121
Q02621,B202602621,P020,2026-03-10,Potency,96.08,96.21,Failed,Low Potency,115
Q02622,B202502622,P003,2026-04-29,Dissolution,99.12,97.43,Passed,None,0
Q02623,B202602623,P019,2025-04-06,Potency,95.66,97.92,Failed,Dissolution Failure,279
Q02624,B202502624,P003,2025-04-15,Dissolution,96.07,96.98,Failed,Low Potency,614
Q02625,B202602625,P006,2025-11-05,Assay,97.37,95.66,Passed,None,0
Q02626,B202502626,P005,2025-06-26,Purity,98.49,96.82,Passed,None,0
Q02627,B202602627,P002,2025-06-14,Purity,100.44,98.22,Passed,None,0
Q02628,B202502628,P006,2025-10-24,Assay,96.11,98.97,Failed,Low Potency,284
Q02629,B202602629,P009,2026-02-19,Dissolution,101.07,98.05,Passed,None,0
Q02630,B202502630,P020,2026-04-13,Potency,98.35,96.16,Passed,None,0
Q02631,B202602631,P008,2025-01-13,Purity,100.85,97.06,Passed,None,0
Q02632,B202502632,P018,2026-02-08,Purity,97.9,98.41,Failed,Low Potency,995
Q02633,B202602633,P018,2026-01-27,Purity,97.53,96.44,Passed,None,0
Q02634,B202502634,P015,2026-06-12,Dissolution,95.75,95.5,Passed,None,0
Q02635,B202602635,P007,2026-03-31,Assay,100.76,97.03,Passed,None,0
Q02636,B202502636,P001,2025-01-08,Assay,99.94,97.23,Passed,None,0
Q02637,B202602637,P016,2025-04-02,Potency,97.05,95.69,Passed,None,0
Q02638,B202502638,P017,2025-11-30,Assay,99.91,97.81,Passed,None,0
Q02639,B202602639,P019,2026-02-24,Potency,102.06,97.74,Passed,None,0
Q02640,B202502640,P020,2026-08-19,Potency,102.61,98.35,Passed,None,0
Q02641,B202602641,P018,2025-03-04,Purity,98.24,97.57,Passed,None,0
Q02642,B202502642,P004,2025-08-29,Assay,97.54,96.76,Passed,None,0
Q02643,B202602643,P010,2026-08-16,Assay,98.55,95.23,Passed,None,0
Q02644,B202502644,P011,2026-03-05,Potency,96.71,95.06,Passed,None,0
Q02645,B202602645,P017,2026-06-16,Assay,95.37,96.43,Failed,Dissolution Failure,610
Q02646,B202502646,P001,2026-06-22,Assay,96.13,96.92,Failed,Low Potency,443
Q02647,B202602647,P007,2026-08-22,Assay,97.68,95.77,Passed,None,0
Q02648,B202502648,P006,2026-02-13,Assay,99.66,96.9,Passed,None,0
Q02649,B202602649,P009,2025-05-19,Dissolution,96.6,97.33,Failed,Low Potency,655
Q02650,B202502650,P002,2026-08-09,Purity,103.53,97.72,Passed,None,0
Q02651,B202602651,P001,2026-04-21,Assay,97.99,97.51,Passed,None,0
Q02652,B202502652,P016,2025-11-12,Potency,95.54,96.9,Failed,Contamination,605
Q02653,B202602653,P005,2025-02-05,Purity,96.73,95.55,Passed,None,0
Q02654,B202502654,P005,2025-11-08,Purity,97.89,97.07,Passed,None,0
Q02655,B202602655,P013,2026-04-30,Assay,98.97,98.38,Passed,None,0
Q02656,B202502656,P009,2026-03-04,Dissolution,96.77,96.49,Passed,None,0
Q02657,B202602657,P016,2025-12-20,Potency,97.71,98.46,Failed,Contamination,211
Q02658,B202502658,P014,2025-08-19,Purity,100.91,98.71,Passed,None,0
Q02659,B202602659,P019,2025-03-08,Potency,95.73,95.18,Passed,None,0
Q02660,B202502660,P005,2025-07-01,Purity,96.97,96.72,Passed,None,0
Q02661,B202602661,P006,2026-05-25,Assay,97.22,97.54,Failed,Dissolution Failure,324
Q02662,B202502662,P004,2025-08-30,Assay,99.64,97.73,Passed,None,0
Q02663,B202602663,P015,2026-03-16,Dissolution,101.22,98.67,Passed,None,0
Q02664,B202502664,P017,2025-04-30,Assay,99.42,95.19,Passed,None,0
Q02665,B202602665,P011,2026-04-29,Potency,100.69,98.2,Passed,None,0
Q02666,B202502666,P005,2025-01-21,Purity,96.93,96.13,Passed,None,0
Q02667,B202602667,P020,2026-04-04,Potency,96.77,96.7,Passed,None,0
Q02668,B202502668,P018,2025-04-09,Purity,96.47,97.73,Failed,Packaging Defect,65
Q02669,B202602669,P020,2025-03-09,Potency,99.6,98.52,Passed,None,0
Q02670,B202502670,P005,2025-07-11,Purity,100.23,98.09,Passed,None,0
Q02671,B202602671,P019,2025-06-14,Potency,97.86,97.31,Passed,None,0
Q02672,B202502672,P015,2026-04-06,Dissolution,96.8,97.37,Failed,Packaging Defect,270
Q02673,B202602673,P019,2025-06-07,Potency,94.36,96.62,Failed,Low Potency,494
Q02674,B202502674,P003,2025-07-20,Dissolution,99.21,98.43,Passed,None,0
Q02675,B202602675,P008,2025-01-03,Purity,101.42,98.87,Passed,None,0
Q02676,B202502676,P005,2026-05-16,Purity,94.67,96.2,Failed,Low Potency,124
Q02677,B202602677,P019,2025-07-22,Potency,92.72,95.86,Failed,Contamination,878
Q02678,B202502678,P005,2026-06-22,Purity,97.98,95.12,Passed,None,0
Q02679,B202602679,P019,2026-02-09,Potency,95.33,96.28,Failed,High Impurity,971
Q02680,B202502680,P005,2026-07-20,Purity,99.19,97.71,Passed,None,0
Q02681,B202602681,P012,2026-02-11,Purity,96.88,95.41,Passed,None,0
Q02682,B202502682,P003,2025-01-19,Dissolution,98.93,98.05,Passed,None,0
Q02683,B202602683,P008,2026-03-02,Purity,96.99,95.93,Passed,None,0
Q02684,B202502684,P015,2025-10-29,Dissolution,94.95,96.65,Failed,Low Potency,293
Q02685,B202602685,P003,2025-12-21,Dissolution,100.34,95.59,Passed,None,0
Q02686,B202502686,P007,2025-07-24,Assay,100.48,98.13,Passed,None,0
Q02687,B202602687,P015,2025-11-13,Dissolution,95.28,97.56,Failed,Low Potency,470
Q02688,B202502688,P005,2025-05-02,Purity,99.88,95.49,Passed,None,0
Q02689,B202602689,P014,2025-03-29,Purity,92.04,95.45,Failed,Dissolution Failure,773
Q02690,B202502690,P009,2025-01-31,Dissolution,98.09,97.27,Passed,None,0
Q02691,B202602691,P016,2026-01-29,Potency,98.87,95.32,Passed,None,0
Q02692,B202502692,P010,2025-12-04,Assay,98.6,96.03,Passed,None,0
Q02693,B202602693,P003,2025-10-12,Dissolution,97.67,98.41,Failed,Low Potency,79
Q02694,B202502694,P005,2025-08-17,Purity,100.69,95.37,Passed,None,0
Q02695,B202602695,P017,2025-08-07,Assay,97.42,95.16,Passed,None,0
Q02696,B202502696,P018,2026-06-03,Purity,97.92,98.35,Failed,Packaging Defect,741
Q02697,B202602697,P020,2025-04-30,Potency,98.11,96.52,Passed,None,0
Q02698,B202502698,P014,2026-02-09,Purity,96.54,97.6,Failed,Packaging Defect,628
Q02699,B202602699,P013,2025-06-07,Assay,96.09,97.4,Failed,Low Potency,738
Q02700,B202502700,P015,2026-06-24,Dissolution,99.1,98.38,Passed,None,0
Q02701,B202602701,P020,2025-08-22,Potency,96.1,95.3,Passed,None,0
Q02702,B202502702,P011,2025-01-26,Potency,102.27,96.67,Passed,None,0
Q02703,B202602703,P012,2025-02-17,Purity,101.5,98.6,Passed,None,0
Q02704,B202502704,P013,2026-06-26,Assay,96.73,96.08,Passed,None,0
Q02705,B202602705,P015,2026-05-21,Dissolution,96.29,95.03,Passed,None,0
Q02706,B202502706,P015,2025-04-12,Dissolution,98.39,95.89,Passed,None,0
Q02707,B202602707,P001,2025-11-25,Assay,93.71,96.25,Failed,Dissolution Failure,407
Q02708,B202502708,P001,2026-03-28,Assay,96.12,95.16,Passed,None,0
Q02709,B202602709,P010,2026-02-25,Assay,99.9,96.96,Passed,None,0
Q02710,B202502710,P008,2025-06-20,Purity,97.61,95.68,Passed,None,0
Q02711,B202602711,P018,2026-06-30,Purity,96.12,96.81,Failed,High Impurity,255
Q02712,B202502712,P008,2025-04-27,Purity,94.96,95.51,Failed,Packaging Defect,108
Q02713,B202602713,P017,2026-08-19,Assay,98.45,98.01,Passed,None,0
Q02714,B202502714,P019,2026-08-19,Potency,91.48,95.72,Failed,High Impurity,609
Q02715,B202602715,P013,2026-04-01,Assay,99.65,97.28,Passed,None,0
Q02716,B202502716,P013,2026-08-11,Assay,101.56,98.08,Passed,None,0
Q02717,B202602717,P008,2026-07-30,Purity,99.88,96.5,Passed,None,0
Q02718,B202502718,P012,2026-03-14,Purity,102.19,98.71,Passed,None,0
Q02719,B202602719,P019,2025-03-30,Potency,98.73,98.71,Passed,None,0
Q02720,B202502720,P012,2025-01-07,Purity,94.49,98.94,Failed,High Impurity,888
Q02721,B202602721,P015,2025-08-15,Dissolution,100.38,96.2,Passed,None,0
Q02722,B202502722,P013,2025-10-20,Assay,99.31,95.68,Passed,None,0
Q02723,B202602723,P014,2025-07-27,Purity,97.75,97.01,Passed,None,0
Q02724,B202502724,P001,2025-01-20,Assay,98.08,95.85,Passed,None,0
Q02725,B202602725,P009,2026-01-19,Dissolution,102.94,98.79,Passed,None,0
Q02726,B202502726,P007,2025-02-19,Assay,94.3,95.1,Failed,Low Potency,442
Q02727,B202602727,P020,2026-01-11,Potency,98.7,96.21,Passed,None,0
Q02728,B202502728,P014,2026-08-09,Purity,97.46,97.76,Failed,Low Potency,551
Q02729,B202602729,P014,2025-04-10,Purity,97.3,96.62,Passed,None,0
Q02730,B202502730,P009,2026-05-12,Dissolution,96.77,97.47,Failed,High Impurity,133
Q02731,B202602731,P007,2026-02-09,Assay,95.45,95.19,Passed,None,0
Q02732,B202502732,P004,2026-04-18,Assay,96.03,98.44,Failed,Packaging Defect,615
Q02733,B202602733,P018,2026-07-14,Purity,97.26,96.81,Passed,None,0
Q02734,B202502734,P015,2025-06-10,Dissolution,95.15,96.46,Failed,Dissolution Failure,847
Q02735,B202602735,P020,2025-09-30,Potency,98.51,96.12,Passed,None,0
Q02736,B202502736,P016,2025-08-27,Potency,96.86,95.4,Passed,None,0
Q02737,B202602737,P018,2025-10-10,Purity,93.54,97.54,Failed,High Impurity,716
Q02738,B202502738,P002,2025-01-27,Purity,93.35,96.87,Failed,Packaging Defect,686
Q02739,B202602739,P002,2025-09-22,Purity,98.21,98.55,Failed,High Impurity,497
Q02740,B202502740,P011,2026-06-21,Potency,99.81,97.71,Passed,None,0
Q02741,B202602741,P013,2026-07-03,Assay,93.23,97.86,Failed,Dissolution Failure,94
Q02742,B202502742,P011,2025-09-03,Potency,97.6,96.12,Passed,None,0
Q02743,B202602743,P007,2025-11-04,Assay,96.29,95.59,Passed,None,0
Q02744,B202502744,P003,2025-07-15,Dissolution,95.13,98.29,Failed,Dissolution Failure,458
Q02745,B202602745,P004,2025-05-24,Assay,94.46,95.69,Failed,Packaging Defect,519
Q02746,B202502746,P011,2025-08-17,Potency,93.06,97.79,Failed,Packaging Defect,894
Q02747,B202602747,P020,2026-08-21,Potency,100.45,97.78,Passed,None,0
Q02748,B202502748,P008,2026-03-12,Purity,99.56,97.17,Passed,None,0
Q02749,B202602749,P017,2025-04-14,Assay,98.47,95.65,Passed,None,0
Q02750,B202502750,P013,2025-11-23,Assay,96.02,95.11,Passed,None,0
Q02751,B202602751,P011,2025-08-15,Potency,97.59,97.38,Passed,None,0
Q02752,B202502752,P001,2026-03-02,Assay,99.85,96.5,Passed,None,0
Q02753,B202602753,P009,2025-12-22,Dissolution,98.04,97.74,Passed,None,0
Q02754,B202502754,P008,2026-03-31,Purity,95.11,95.9,Failed,Low Potency,521
Q02755,B202602755,P003,2025-01-07,Dissolution,95.66,95.01,Passed,None,0
Q02756,B202502756,P012,2025-11-23,Purity,99.23,96.71,Passed,None,0
Q02757,B202602757,P008,2025-07-25,Purity,99.13,97.8,Passed,None,0
Q02758,B202502758,P020,2025-11-03,Potency,99.34,97.65,Passed,None,0
Q02759,B202602759,P006,2025-06-18,Assay,98.43,98.2,Passed,None,0
Q02760,B202502760,P013,2026-06-22,Assay,97.27,95.66,Passed,None,0
Q02761,B202602761,P007,2026-06-21,Assay,98.96,98.46,Passed,None,0
Q02762,B202502762,P006,2025-07-30,Assay,95.73,95.93,Failed,Dissolution Failure,528
Q02763,B202602763,P013,2026-02-05,Assay,101.7,97.07,Passed,None,0
Q02764,B202502764,P015,2026-08-15,Dissolution,96.8,97.75,Failed,Contamination,505
Q02765,B202602765,P018,2025-04-25,Purity,98.64,96.19,Passed,None,0
Q02766,B202502766,P015,2025-11-21,Dissolution,97.67,95.49,Passed,None,0
Q02767,B202602767,P006,2025-12-24,Assay,97.89,98.44,Failed,High Impurity,735
Q02768,B202502768,P018,2025-08-19,Purity,96.67,98.26,Failed,High Impurity,897
Q02769,B202602769,P010,2025-08-04,Assay,99.94,98.54,Passed,None,0
Q02770,B202502770,P010,2025-08-11,Assay,98.5,97.38,Passed,None,0
Q02771,B202602771,P008,2026-01-14,Purity,97.93,95.44,Passed,None,0
Q02772,B202502772,P011,2025-10-31,Potency,98.49,97.31,Passed,None,0
Q02773,B202602773,P007,2025-02-19,Assay,101.0,98.66,Passed,None,0
Q02774,B202502774,P014,2025-12-06,Purity,100.98,97.69,Passed,None,0
Q02775,B202602775,P009,2025-05-05,Dissolution,101.49,97.36,Passed,None,0
Q02776,B202502776,P016,2026-04-13,Potency,96.68,98.56,Failed,Packaging Defect,390
Q02777,B202602777,P019,2026-03-09,Potency,97.74,96.45,Passed,None,0
Q02778,B202502778,P007,2026-05-02,Assay,101.69,96.82,Passed,None,0
Q02779,B202602779,P001,2025-07-12,Assay,99.46,98.5,Passed,None,0
Q02780,B202502780,P002,2026-08-12,Purity,96.75,96.63,Passed,None,0
Q02781,B202602781,P014,2025-11-07,Purity,99.21,97.47,Passed,None,0
Q02782,B202502782,P004,2025-09-17,Assay,101.49,98.83,Passed,None,0
Q02783,B202602783,P011,2025-04-24,Potency,100.41,98.24,Passed,None,0
Q02784,B202502784,P019,2026-02-14,Potency,98.31,96.15,Passed,None,0
Q02785,B202602785,P004,2025-03-28,Assay,99.18,98.34,Passed,None,0
Q02786,B202502786,P009,2025-08-23,Dissolution,98.34,95.61,Passed,None,0
Q02787,B202602787,P013,2025-08-01,Assay,94.44,98.53,Failed,Low Potency,444
Q02788,B202502788,P004,2025-09-06,Assay,97.19,96.99,Passed,None,0
Q02789,B202602789,P002,2026-04-04,Purity,101.65,98.84,Passed,None,0
Q02790,B202502790,P002,2026-03-27,Purity,97.36,98.27,Failed,High Impurity,607
Q02791,B202602791,P010,2025-02-02,Assay,96.58,95.15,Passed,None,0
Q02792,B202502792,P012,2026-07-15,Purity,99.71,98.19,Passed,None,0
Q02793,B202602793,P013,2025-07-13,Assay,96.7,95.09,Passed,None,0
Q02794,B202502794,P013,2026-03-25,Assay,95.98,98.32,Failed,Dissolution Failure,964
Q02795,B202602795,P020,2025-11-03,Potency,99.79,98.69,Passed,None,0
Q02796,B202502796,P016,2025-03-24,Potency,96.91,95.61,Passed,None,0
Q02797,B202602797,P010,2025-10-31,Assay,97.21,95.26,Passed,None,0
Q02798,B202502798,P012,2025-07-24,Purity,93.92,96.23,Failed,High Impurity,640
Q02799,B202602799,P007,2025-02-01,Assay,98.16,97.32,Passed,None,0
Q02800,B202502800,P013,2026-03-25,Assay,91.66,95.48,Failed,High Impurity,973
Q02801,B202602801,P008,2025-10-30,Purity,96.13,96.82,Failed,Dissolution Failure,895
Q02802,B202502802,P009,2026-07-17,Dissolution,94.4,97.61,Failed,Dissolution Failure,905
Q02803,B202602803,P016,2026-06-30,Potency,99.16,95.8,Passed,None,0
Q02804,B202502804,P003,2025-01-28,Dissolution,97.07,95.82,Passed,None,0
Q02805,B202602805,P003,2025-07-15,Dissolution,98.05,96.99,Passed,None,0
Q02806,B202502806,P020,2025-01-26,Potency,98.72,95.7,Passed,None,0
Q02807,B202602807,P015,2025-04-05,Dissolution,97.15,96.8,Passed,None,0
Q02808,B202502808,P012,2026-08-06,Purity,95.46,96.1,Failed,Low Potency,359
Q02809,B202602809,P004,2025-03-17,Assay,100.1,96.78,Passed,None,0
Q02810,B202502810,P018,2025-05-08,Purity,98.58,97.8,Passed,None,0
Q02811,B202602811,P004,2026-04-06,Assay,94.37,97.57,Failed,Dissolution Failure,533
Q02812,B202502812,P002,2026-03-02,Purity,97.56,98.8,Failed,High Impurity,336
Q02813,B202602813,P013,2025-06-25,Assay,96.67,97.09,Failed,Dissolution Failure,909
Q02814,B202502814,P008,2026-01-09,Purity,99.3,98.69,Passed,None,0
Q02815,B202602815,P010,2026-01-01,Assay,93.65,97.83,Failed,Packaging Defect,276
Q02816,B202502816,P009,2025-09-01,Dissolution,98.97,98.58,Passed,None,0
Q02817,B202602817,P002,2026-02-23,Purity,96.25,96.91,Failed,Contamination,314
Q02818,B202502818,P001,2026-04-19,Assay,97.19,95.79,Passed,None,0
Q02819,B202602819,P006,2025-04-11,Assay,97.66,97.04,Passed,None,0
Q02820,B202502820,P008,2025-07-16,Purity,97.58,95.14,Passed,None,0
Q02821,B202602821,P013,2025-08-23,Assay,92.22,95.83,Failed,Dissolution Failure,639
Q02822,B202502822,P019,2025-09-24,Potency,96.62,96.14,Passed,None,0
Q02823,B202602823,P003,2026-02-03,Dissolution,101.68,97.97,Passed,None,0
Q02824,B202502824,P011,2025-02-16,Potency,99.54,96.99,Passed,None,0
Q02825,B202602825,P005,2026-06-07,Purity,97.34,98.17,Failed,High Impurity,656
Q02826,B202502826,P016,2025-01-08,Potency,98.99,96.23,Passed,None,0
Q02827,B202602827,P012,2026-01-21,Purity,98.5,98.74,Failed,High Impurity,644
Q02828,B202502828,P008,2025-12-15,Purity,98.53,95.38,Passed,None,0
Q02829,B202602829,P018,2025-04-29,Purity,99.23,96.52,Passed,None,0
Q02830,B202502830,P018,2025-04-09,Purity,100.28,98.44,Passed,None,0
Q02831,B202602831,P013,2025-03-04,Assay,102.66,98.59,Passed,None,0
Q02832,B202502832,P003,2025-03-15,Dissolution,95.83,95.02,Passed,None,0
Q02833,B202602833,P019,2025-04-14,Potency,98.42,98.83,Failed,Packaging Defect,849
Q02834,B202502834,P002,2025-03-10,Purity,97.56,97.84,Failed,High Impurity,699
Q02835,B202602835,P007,2026-01-03,Assay,99.19,95.19,Passed,None,0
Q02836,B202502836,P006,2025-06-02,Assay,96.69,95.71,Passed,None,0
Q02837,B202602837,P009,2025-09-21,Dissolution,95.58,96.96,Failed,Contamination,59
Q02838,B202502838,P008,2025-05-17,Purity,95.65,95.33,Passed,None,0
Q02839,B202602839,P001,2026-01-14,Assay,96.19,98.17,Failed,Contamination,97
Q02840,B202502840,P001,2025-10-23,Assay,96.05,96.37,Failed,Dissolution Failure,676
Q02841,B202602841,P010,2026-01-28,Assay,98.17,95.61,Passed,None,0
Q02842,B202502842,P008,2025-09-03,Purity,99.72,95.19,Passed,None,0
Q02843,B202602843,P014,2025-06-03,Purity,99.23,98.52,Passed,None,0
Q02844,B202502844,P018,2025-06-05,Purity,97.45,98.08,Failed,Contamination,856
Q02845,B202602845,P006,2025-11-08,Assay,98.62,98.55,Passed,None,0
Q02846,B202502846,P007,2025-10-18,Assay,95.84,95.26,Passed,None,0
Q02847,B202602847,P010,2025-02-03,Assay,100.08,96.44,Passed,None,0
Q02848,B202502848,P010,2025-04-08,Assay,98.46,96.75,Passed,None,0
Q02849,B202602849,P007,2026-08-15,Assay,94.97,96.44,Failed,Dissolution Failure,602
Q02850,B202502850,P011,2025-03-29,Potency,98.32,97.86,Passed,None,0
Q02851,B202602851,P011,2025-05-14,Potency,97.42,95.96,Passed,None,0
Q02852,B202502852,P018,2026-01-22,Purity,96.61,95.3,Passed,None,0
Q02853,B202602853,P013,2025-04-14,Assay,101.31,98.91,Passed,None,0
Q02854,B202502854,P019,2025-07-31,Potency,98.69,96.15,Passed,None,0
Q02855,B202602855,P003,2026-04-05,Dissolution,96.28,95.1,Passed,None,0
Q02856,B202502856,P011,2026-05-18,Potency,96.67,95.6,Passed,None,0
Q02857,B202602857,P007,2025-11-10,Assay,99.29,97.53,Passed,None,0
Q02858,B202502858,P009,2025-11-11,Dissolution,92.45,95.63,Failed,Packaging Defect,276
Q02859,B202602859,P019,2025-01-15,Potency,102.21,98.92,Passed,None,0
Q02860,B202502860,P015,2026-05-25,Dissolution,99.3,96.91,Passed,None,0
Q02861,B202602861,P014,2025-09-08,Purity,98.44,98.42,Passed,None,0
Q02862,B202502862,P005,2025-08-21,Purity,96.15,95.97,Passed,None,0
Q02863,B202602863,P015,2025-04-12,Dissolution,98.66,98.34,Passed,None,0
Q02864,B202502864,P018,2025-10-27,Purity,99.17,95.72,Passed,None,0
Q02865,B202602865,P008,2026-03-18,Purity,96.03,96.99,Failed,Dissolution Failure,816
Q02866,B202502866,P014,2025-09-20,Purity,91.01,95.42,Failed,Low Potency,365
Q02867,B202602867,P018,2026-07-25,Purity,100.07,98.61,Passed,None,0
Q02868,B202502868,P013,2025-03-28,Assay,98.14,97.68,Passed,None,0
Q02869,B202602869,P003,2026-07-18,Dissolution,96.41,96.15,Passed,None,0
Q02870,B202502870,P015,2025-11-28,Dissolution,97.26,96.45,Passed,None,0
Q02871,B202602871,P009,2026-04-04,Dissolution,99.94,98.58,Passed,None,0
Q02872,B202502872,P005,2025-09-28,Purity,102.03,98.59,Passed,None,0
Q02873,B202602873,P020,2026-06-12,Potency,98.93,98.56,Passed,None,0
Q02874,B202502874,P008,2026-08-19,Purity,95.94,96.55,Failed,Dissolution Failure,118
Q02875,B202602875,P013,2025-07-30,Assay,94.61,97.38,Failed,Packaging Defect,134
Q02876,B202502876,P004,2025-01-07,Assay,100.03,97.51,Passed,None,0
Q02877,B202602877,P004,2026-05-22,Assay,99.11,97.6,Passed,None,0
Q02878,B202502878,P018,2025-11-01,Purity,100.65,96.93,Passed,None,0
Q02879,B202602879,P016,2025-08-06,Potency,96.36,96.41,Failed,Contamination,732
Q02880,B202502880,P012,2026-04-27,Purity,96.3,96.31,Failed,Low Potency,466
Q02881,B202602881,P014,2025-06-11,Purity,97.25,96.01,Passed,None,0
Q02882,B202502882,P007,2025-03-03,Assay,96.58,97.33,Failed,Dissolution Failure,633
Q02883,B202602883,P018,2025-11-06,Purity,98.01,98.55,Failed,High Impurity,880
Q02884,B202502884,P009,2026-06-02,Dissolution,98.22,98.6,Failed,Low Potency,91
Q02885,B202602885,P012,2026-04-26,Purity,97.59,97.64,Failed,Packaging Defect,860
Q02886,B202502886,P004,2026-01-28,Assay,99.43,98.32,Passed,None,0
Q02887,B202602887,P017,2025-10-29,Assay,99.2,97.56,Passed,None,0
Q02888,B202502888,P005,2026-01-27,Purity,99.0,97.63,Passed,None,0
Q02889,B202602889,P019,2026-07-07,Potency,101.16,98.15,Passed,None,0
Q02890,B202502890,P011,2025-01-04,Potency,97.88,98.26,Failed,High Impurity,518
Q02891,B202602891,P005,2026-06-23,Purity,96.83,98.22,Failed,Low Potency,884
Q02892,B202502892,P011,2025-10-29,Potency,100.07,98.82,Passed,None,0
Q02893,B202602893,P015,2025-04-03,Dissolution,97.9,97.0,Passed,None,0
Q02894,B202502894,P004,2025-04-21,Assay,100.92,97.02,Passed,None,0
Q02895,B202602895,P011,2025-06-02,Potency,96.1,97.51,Failed,Packaging Defect,309
Q02896,B202502896,P016,2026-08-17,Potency,94.94,96.13,Failed,Contamination,206
Q02897,B202602897,P008,2025-04-23,Purity,98.12,96.04,Passed,None,0
Q02898,B202502898,P016,2025-12-22,Potency,97.6,97.12,Passed,None,0
Q02899,B202602899,P004,2025-02-02,Assay,95.16,97.96,Failed,Low Potency,304
Q02900,B202502900,P005,2025-11-23,Purity,99.19,97.05,Passed,None,0
Q02901,B202602901,P013,2026-02-08,Assay,94.75,95.64,Failed,High Impurity,791
Q02902,B202502902,P008,2026-02-25,Purity,96.61,95.55,Passed,None,0
Q02903,B202602903,P020,2025-05-05,Potency,99.39,97.53,Passed,None,0
Q02904,B202502904,P014,2025-02-26,Purity,94.46,95.96,Failed,High Impurity,168
Q02905,B202602905,P001,2026-01-14,Assay,102.49,98.32,Passed,None,0
Q02906,B202502906,P001,2026-06-15,Assay,99.31,96.27,Passed,None,0
Q02907,B202602907,P009,2025-06-28,Dissolution,101.79,98.05,Passed,None,0
Q02908,B202502908,P005,2026-04-08,Purity,100.4,98.14,Passed,None,0
Q02909,B202602909,P006,2026-08-22,Assay,98.96,97.88,Passed,None,0
Q02910,B202502910,P018,2025-03-02,Purity,94.98,96.71,Failed,Packaging Defect,150
Q02911,B202602911,P002,2025-10-30,Purity,95.1,97.62,Failed,High Impurity,250
Q02912,B202502912,P011,2026-06-17,Potency,94.12,95.55,Failed,Contamination,591
Q02913,B202602913,P010,2025-09-17,Assay,99.37,98.13,Passed,None,0
Q02914,B202502914,P004,2025-07-24,Assay,99.16,96.74,Passed,None,0
Q02915,B202602915,P018,2025-09-27,Purity,97.54,96.68,Passed,None,0
Q02916,B202502916,P014,2025-09-09,Purity,97.51,96.51,Passed,None,0
Q02917,B202602917,P004,2025-05-17,Assay,95.34,96.16,Failed,Dissolution Failure,488
Q02918,B202502918,P003,2025-02-25,Dissolution,96.69,95.06,Passed,None,0
Q02919,B202602919,P018,2025-02-17,Purity,99.02,97.15,Passed,None,0
Q02920,B202502920,P006,2025-06-09,Assay,97.01,96.28,Passed,None,0
Q02921,B202602921,P004,2026-03-16,Assay,100.96,98.37,Passed,None,0
Q02922,B202502922,P001,2025-12-21,Assay,100.69,97.43,Passed,None,0
Q02923,B202602923,P005,2025-12-08,Purity,99.39,96.85,Passed,None,0
Q02924,B202502924,P018,2026-08-01,Purity,91.92,95.94,Failed,Low Potency,354
Q02925,B202602925,P015,2025-12-17,Dissolution,99.64,98.13,Passed,None,0
Q02926,B202502926,P009,2026-06-05,Dissolution,96.03,98.15,Failed,Contamination,656
Q02927,B202602927,P020,2025-06-04,Potency,101.12,97.41,Passed,None,0
Q02928,B202502928,P013,2025-03-13,Assay,100.52,98.41,Passed,None,0
Q02929,B202602929,P020,2025-05-19,Potency,100.48,97.4,Passed,None,0
Q02930,B202502930,P002,2025-04-02,Purity,101.4,98.49,Passed,None,0
Q02931,B202602931,P007,2025-01-28,Assay,101.03,98.81,Passed,None,0
Q02932,B202502932,P018,2025-05-29,Purity,99.96,98.74,Passed,None,0
Q02933,B202602933,P010,2025-06-04,Assay,98.39,98.83,Failed,Dissolution Failure,874
Q02934,B202502934,P015,2026-08-03,Dissolution,100.51,97.38,Passed,None,0
Q02935,B202602935,P005,2025-05-02,Purity,94.58,95.66,Failed,Dissolution Failure,990
Q02936,B202502936,P019,2026-02-20,Potency,96.37,98.84,Failed,High Impurity,240
Q02937,B202602937,P002,2026-03-05,Purity,97.82,97.46,Passed,None,0
Q02938,B202502938,P004,2026-06-09,Assay,101.82,98.47,Passed,None,0
Q02939,B202602939,P002,2025-10-10,Purity,95.56,96.13,Failed,Contamination,819
Q02940,B202502940,P006,2025-03-13,Assay,100.35,96.86,Passed,None,0
Q02941,B202602941,P004,2025-07-13,Assay,100.74,96.2,Passed,None,0
Q02942,B202502942,P011,2025-07-17,Potency,100.0,98.8,Passed,None,0
Q02943,B202602943,P005,2025-04-30,Purity,97.63,96.74,Passed,None,0
Q02944,B202502944,P011,2025-02-19,Potency,96.23,97.34,Failed,Contamination,317
Q02945,B202602945,P010,2026-07-16,Assay,96.12,95.0,Passed,None,0
Q02946,B202502946,P007,2026-02-23,Assay,99.96,96.01,Passed,None,0
Q02947,B202602947,P010,2025-07-23,Assay,100.76,96.94,Passed,None,0
Q02948,B202502948,P008,2025-11-15,Purity,98.52,95.58,Passed,None,0
Q02949,B202602949,P008,2026-08-18,Purity,94.79,96.0,Failed,Low Potency,752
Q02950,B202502950,P019,2026-07-23,Potency,97.96,96.39,Passed,None,0
Q02951,B202602951,P009,2025-08-30,Dissolution,95.21,95.4,Failed,Contamination,282
Q02952,B202502952,P006,2025-02-11,Assay,99.4,96.52,Passed,None,0
Q02953,B202602953,P002,2025-12-29,Purity,97.71,96.85,Passed,None,0
Q02954,B202502954,P007,2025-09-06,Assay,96.75,96.94,Failed,Low Potency,350
Q02955,B202602955,P016,2026-04-08,Potency,98.5,96.91,Passed,None,0
Q02956,B202502956,P016,2026-04-26,Potency,97.09,97.52,Failed,High Impurity,748
Q02957,B202602957,P016,2026-07-29,Potency,96.44,95.39,Passed,None,0
Q02958,B202502958,P008,2025-07-07,Purity,97.67,98.47,Failed,Low Potency,933
Q02959,B202602959,P016,2025-04-05,Potency,103.68,97.69,Passed,None,0
Q02960,B202502960,P013,2025-09-05,Assay,94.07,96.42,Failed,High Impurity,120
Q02961,B202602961,P011,2026-02-15,Potency,100.83,96.02,Passed,None,0
Q02962,B202502962,P015,2026-05-11,Dissolution,103.27,98.56,Passed,None,0
Q02963,B202602963,P017,2025-10-14,Assay,99.48,98.78,Passed,None,0
Q02964,B202502964,P015,2026-04-13,Dissolution,100.2,98.47,Passed,None,0
Q02965,B202602965,P007,2026-07-18,Assay,99.07,97.15,Passed,None,0
Q02966,B202502966,P006,2026-05-13,Assay,99.79,97.8,Passed,None,0
Q02967,B202602967,P013,2026-03-14,Assay,99.98,95.99,Passed,None,0
Q02968,B202502968,P002,2025-12-11,Purity,98.53,96.69,Passed,None,0
Q02969,B202602969,P015,2025-11-12,Dissolution,100.82,98.37,Passed,None,0
Q02970,B202502970,P011,2025-11-28,Potency,90.07,95.05,Failed,Dissolution Failure,80
Q02971,B202602971,P015,2026-06-21,Dissolution,95.44,97.09,Failed,Low Potency,540
Q02972,B202502972,P004,2026-08-23,Assay,98.83,95.98,Passed,None,0
Q02973,B202602973,P008,2025-03-04,Purity,96.16,96.4,Failed,Dissolution Failure,581
Q02974,B202502974,P010,2025-04-13,Assay,103.12,98.73,Passed,None,0
Q02975,B202602975,P008,2025-05-14,Purity,100.32,98.44,Passed,None,0
Q02976,B202502976,P012,2025-03-10,Purity,99.38,98.17,Passed,None,0
Q02977,B202602977,P005,2025-02-10,Purity,98.04,96.62,Passed,None,0
Q02978,B202502978,P018,2026-04-20,Purity,97.12,96.13,Passed,None,0
Q02979,B202602979,P006,2025-12-31,Assay,102.09,98.75,Passed,None,0
Q02980,B202502980,P002,2025-01-21,Purity,97.82,96.59,Passed,None,0
Q02981,B202602981,P014,2026-08-11,Purity,98.99,96.97,Passed,None,0
Q02982,B202502982,P003,2025-03-10,Dissolution,98.85,97.6,Passed,None,0
Q02983,B202602983,P001,2025-06-27,Assay,100.51,98.63,Passed,None,0
Q02984,B202502984,P007,2026-07-09,Assay,101.27,98.74,Passed,None,0
Q02985,B202602985,P014,2025-11-04,Purity,97.79,96.82,Passed,None,0
Q02986,B202502986,P016,2026-06-23,Potency,101.21,97.51,Passed,None,0
Q02987,B202602987,P010,2026-03-08,Assay,96.59,96.96,Failed,Dissolution Failure,951
Q02988,B202502988,P008,2025-05-09,Purity,96.62,98.79,Failed,Packaging Defect,847
Q02989,B202602989,P019,2025-07-27,Potency,99.55,96.25,Passed,None,0
Q02990,B202502990,P005,2026-06-08,Purity,100.44,95.52,Passed,None,0
Q02991,B202602991,P017,2025-06-05,Assay,98.66,95.28,Passed,None,0
Q02992,B202502992,P008,2025-12-24,Purity,96.78,95.35,Passed,None,0
Q02993,B202602993,P014,2025-01-16,Purity,98.05,96.66,Passed,None,0
Q02994,B202502994,P003,2025-09-02,Dissolution,98.98,96.2,Passed,None,0
Q02995,B202602995,P019,2026-01-25,Potency,98.68,96.14,Passed,None,0
Q02996,B202502996,P005,2026-01-21,Purity,97.65,96.92,Passed,None,0
Q02997,B202602997,P014,2025-07-08,Purity,98.02,96.74,Passed,None,0
Q02998,B202502998,P015,2026-05-01,Dissolution,96.49,96.42,Passed,None,0
Q02999,B202602999,P013,2025-12-15,Assay,101.38,98.13,Passed,None,0
Q03000,B202503000,P018,2026-08-13,Purity,97.52,97.94,Failed,Contamination,417
Q03001,B202603001,P006,2026-07-01,Assay,99.4,95.96,Passed,None,0
Q03002,B202503002,P003,2025-10-27,Dissolution,95.55,96.91,Failed,Contamination,471
Q03003,B202603003,P018,2025-06-28,Purity,100.04,96.62,Passed,None,0
Q03004,B202503004,P017,2025-11-29,Assay,96.63,95.89,Passed,None,0
Q03005,B202603005,P018,2025-10-02,Purity,98.4,96.43,Passed,None,0
Q03006,B202503006,P007,2025-06-23,Assay,100.29,96.45,Passed,None,0
Q03007,B202603007,P003,2025-06-11,Dissolution,99.91,97.55,Passed,None,0
Q03008,B202503008,P010,2026-04-07,Assay,98.76,97.58,Passed,None,0
Q03009,B202603009,P006,2025-10-09,Assay,99.51,98.01,Passed,None,0
Q03010,B202503010,P015,2026-01-19,Dissolution,101.73,98.24,Passed,None,0
Q03011,B202603011,P012,2025-07-21,Purity,94.84,98.21,Failed,High Impurity,861
Q03012,B202503012,P016,2025-01-20,Potency,97.5,97.89,Failed,Packaging Defect,267
Q03013,B202603013,P004,2025-10-25,Assay,98.63,96.33,Passed,None,0
Q03014,B202503014,P013,2026-03-14,Assay,99.67,97.57,Passed,None,0
Q03015,B202603015,P006,2026-01-18,Assay,96.62,95.62,Passed,None,0
Q03016,B202503016,P003,2025-12-29,Dissolution,98.3,98.38,Failed,Low Potency,748
Q03017,B202603017,P006,2026-07-11,Assay,92.79,96.56,Failed,High Impurity,211
Q03018,B202503018,P006,2025-12-02,Assay,96.51,96.07,Passed,None,0
Q03019,B202603019,P018,2025-06-09,Purity,98.73,95.81,Passed,None,0
Q03020,B202503020,P020,2026-04-08,Potency,95.41,96.86,Failed,Packaging Defect,66
Q03021,B202603021,P007,2025-04-26,Assay,94.05,97.84,Failed,Low Potency,904
Q03022,B202503022,P013,2025-11-11,Assay,97.2,97.91,Failed,High Impurity,986
Q03023,B202603023,P020,2025-04-07,Potency,98.84,97.54,Passed,None,0
Q03024,B202503024,P008,2026-03-20,Purity,98.38,95.95,Passed,None,0
Q03025,B202603025,P018,2025-06-12,Purity,97.56,97.19,Passed,None,0
Q03026,B202503026,P006,2026-03-25,Assay,91.31,95.23,Failed,Dissolution Failure,198
Q03027,B202603027,P001,2025-09-04,Assay,93.11,96.36,Failed,Dissolution Failure,772
Q03028,B202503028,P004,2025-10-12,Assay,97.23,98.45,Failed,Packaging Defect,711
Q03029,B202603029,P011,2025-01-26,Potency,99.62,97.98,Passed,None,0
Q03030,B202503030,P020,2026-08-18,Potency,100.46,98.07,Passed,None,0
Q03031,B202603031,P006,2026-01-14,Assay,97.2,97.51,Failed,High Impurity,357
Q03032,B202503032,P016,2025-04-21,Potency,99.07,97.24,Passed,None,0
Q03033,B202603033,P017,2025-05-25,Assay,95.55,95.96,Failed,Low Potency,234
Q03034,B202503034,P018,2025-02-24,Purity,103.08,97.25,Passed,None,0
Q03035,B202603035,P010,2025-04-14,Assay,99.12,97.94,Passed,None,0
Q03036,B202503036,P001,2026-08-14,Assay,99.08,95.86,Passed,None,0
Q03037,B202603037,P017,2026-04-25,Assay,98.87,95.2,Passed,None,0
Q03038,B202503038,P007,2025-10-17,Assay,101.41,98.71,Passed,None,0
Q03039,B202603039,P010,2026-06-04,Assay,96.59,95.17,Passed,None,0
Q03040,B202503040,P007,2025-09-13,Assay,97.33,98.34,Failed,Contamination,810
Q03041,B202603041,P016,2026-03-01,Potency,95.0,95.4,Failed,Dissolution Failure,611
Q03042,B202503042,P003,2025-04-30,Dissolution,99.37,98.56,Passed,None,0
Q03043,B202603043,P003,2025-12-17,Dissolution,102.32,98.66,Passed,None,0
Q03044,B202503044,P005,2025-01-09,Purity,93.21,98.16,Failed,Dissolution Failure,990
Q03045,B202603045,P016,2025-03-30,Potency,96.08,97.11,Failed,Low Potency,910
Q03046,B202503046,P015,2025-06-10,Dissolution,100.91,97.1,Passed,None,0
Q03047,B202603047,P005,2025-06-21,Purity,96.23,95.09,Passed,None,0
Q03048,B202503048,P004,2025-05-04,Assay,92.67,95.76,Failed,Packaging Defect,729
Q03049,B202603049,P018,2025-06-20,Purity,97.62,96.99,Passed,None,0
Q03050,B202503050,P019,2025-11-04,Potency,98.69,96.59,Passed,None,0
Q03051,B202603051,P009,2025-02-28,Dissolution,95.84,95.75,Passed,None,0
Q03052,B202503052,P002,2026-01-02,Purity,92.7,95.39,Failed,Contamination,379
Q03053,B202603053,P008,2025-10-12,Purity,95.9,95.63,Passed,None,0
Q03054,B202503054,P006,2025-07-28,Assay,95.05,95.49,Failed,Low Potency,991
Q03055,B202603055,P017,2025-07-28,Assay,102.02,98.07,Passed,None,0
Q03056,B202503056,P013,2025-02-16,Assay,98.25,96.82,Passed,None,0
Q03057,B202603057,P009,2025-06-10,Dissolution,97.96,97.94,Passed,None,0
Q03058,B202503058,P017,2026-07-31,Assay,99.65,98.89,Passed,None,0
Q03059,B202603059,P017,2025-11-17,Assay,96.49,96.68,Failed,Low Potency,156
Q03060,B202503060,P006,2025-08-15,Assay,99.16,96.74,Passed,None,0
Q03061,B202603061,P003,2025-03-31,Dissolution,99.78,96.44,Passed,None,0
Q03062,B202503062,P016,2026-06-14,Potency,95.58,96.88,Failed,High Impurity,602
Q03063,B202603063,P006,2025-05-01,Assay,95.04,97.42,Failed,High Impurity,538
Q03064,B202503064,P002,2025-07-13,Purity,101.08,97.61,Passed,None,0
Q03065,B202603065,P017,2025-01-21,Assay,99.31,98.91,Passed,None,0
Q03066,B202503066,P010,2025-04-07,Assay,99.54,97.88,Passed,None,0
Q03067,B202603067,P003,2025-02-16,Dissolution,98.93,98.47,Passed,None,0
Q03068,B202503068,P008,2025-07-19,Purity,97.74,97.84,Failed,Packaging Defect,64
Q03069,B202603069,P004,2026-01-12,Assay,95.41,96.98,Failed,High Impurity,749
Q03070,B202503070,P009,2025-09-30,Dissolution,102.29,97.51,Passed,None,0
Q03071,B202603071,P009,2025-08-16,Dissolution,98.94,95.38,Passed,None,0
Q03072,B202503072,P017,2026-02-07,Assay,98.67,98.87,Failed,Dissolution Failure,596
Q03073,B202603073,P019,2026-04-17,Potency,99.96,98.33,Passed,None,0
Q03074,B202503074,P012,2025-10-27,Purity,99.93,97.92,Passed,None,0
Q03075,B202603075,P013,2025-08-28,Assay,102.55,97.57,Passed,None,0
Q03076,B202503076,P020,2025-07-16,Potency,98.55,97.13,Passed,None,0
Q03077,B202603077,P018,2026-02-18,Purity,92.84,96.21,Failed,Packaging Defect,848
Q03078,B202503078,P005,2025-04-05,Purity,90.71,95.6,Failed,Dissolution Failure,188
Q03079,B202603079,P012,2025-03-09,Purity,91.73,95.41,Failed,Dissolution Failure,130
Q03080,B202503080,P008,2025-03-20,Purity,98.58,98.48,Passed,None,0
Q03081,B202603081,P009,2025-01-04,Dissolution,98.97,96.16,Passed,None,0
Q03082,B202503082,P003,2026-01-27,Dissolution,93.73,97.9,Failed,High Impurity,649
Q03083,B202603083,P017,2026-01-08,Assay,95.59,95.36,Passed,None,0
Q03084,B202503084,P020,2025-10-31,Potency,99.25,97.75,Passed,None,0
Q03085,B202603085,P009,2026-07-31,Dissolution,97.57,96.85,Passed,None,0
Q03086,B202503086,P013,2026-02-12,Assay,100.14,96.63,Passed,None,0
Q03087,B202603087,P006,2026-05-14,Assay,97.85,97.48,Passed,None,0
Q03088,B202503088,P006,2025-10-25,Assay,100.08,98.5,Passed,None,0
Q03089,B202603089,P017,2025-08-29,Assay,95.78,95.73,Passed,None,0
Q03090,B202503090,P019,2025-06-05,Potency,102.84,98.88,Passed,None,0
Q03091,B202603091,P001,2025-01-02,Assay,98.37,95.49,Passed,None,0
Q03092,B202503092,P002,2025-04-13,Purity,94.46,95.01,Failed,Low Potency,107
Q03093,B202603093,P015,2025-11-28,Dissolution,99.79,98.79,Passed,None,0
Q03094,B202503094,P018,2025-01-12,Purity,98.71,98.96,Failed,Contamination,237
Q03095,B202603095,P019,2026-08-20,Potency,99.68,96.03,Passed,None,0
Q03096,B202503096,P006,2026-03-28,Assay,97.37,97.87,Failed,Contamination,320
Q03097,B202603097,P009,2025-08-02,Dissolution,98.3,97.99,Passed,None,0
Q03098,B202503098,P017,2025-11-28,Assay,99.7,97.47,Passed,None,0
Q03099,B202603099,P007,2026-04-02,Assay,97.05,97.71,Failed,Low Potency,511
Q03100,B202503100,P002,2026-02-03,Purity,102.13,98.85,Passed,None,0
Q03101,B202603101,P020,2025-01-22,Potency,101.23,98.05,Passed,None,0
Q03102,B202503102,P015,2025-03-30,Dissolution,96.14,97.21,Failed,Contamination,82
Q03103,B202603103,P010,2025-07-24,Assay,95.59,97.98,Failed,Dissolution Failure,880
Q03104,B202503104,P009,2025-07-29,Dissolution,93.7,96.42,Failed,Packaging Defect,189
Q03105,B202603105,P011,2025-03-04,Potency,94.75,96.26,Failed,Dissolution Failure,672
Q03106,B202503106,P019,2025-08-14,Potency,96.88,95.83,Passed,None,0
Q03107,B202603107,P010,2025-11-21,Assay,97.66,96.34,Passed,None,0
Q03108,B202503108,P019,2026-08-23,Potency,97.88,98.32,Failed,High Impurity,241
Q03109,B202603109,P003,2025-12-04,Dissolution,98.6,96.19,Passed,None,0
Q03110,B202503110,P016,2025-03-18,Potency,100.82,98.86,Passed,None,0
Q03111,B202603111,P012,2026-07-13,Purity,98.96,95.1,Passed,None,0
Q03112,B202503112,P006,2026-01-21,Assay,101.34,98.85,Passed,None,0
Q03113,B202603113,P018,2025-04-21,Purity,97.73,98.56,Failed,Packaging Defect,938
Q03114,B202503114,P001,2025-09-26,Assay,98.83,97.86,Passed,None,0
Q03115,B202603115,P010,2025-05-29,Assay,98.09,95.8,Passed,None,0
Q03116,B202503116,P008,2025-05-19,Purity,100.18,98.87,Passed,None,0
Q03117,B202603117,P010,2025-09-06,Assay,100.5,97.94,Passed,None,0
Q03118,B202503118,P001,2025-02-04,Assay,96.91,97.81,Failed,Low Potency,353
Q03119,B202603119,P003,2025-04-02,Dissolution,98.08,97.48,Passed,None,0
Q03120,B202503120,P004,2025-11-11,Assay,93.43,97.61,Failed,Low Potency,370
Q03121,B202603121,P016,2026-08-19,Potency,97.52,97.41,Passed,None,0
Q03122,B202503122,P010,2025-11-19,Assay,97.89,97.4,Passed,None,0
Q03123,B202603123,P019,2025-08-01,Potency,96.12,96.72,Failed,Dissolution Failure,481
Q03124,B202503124,P010,2025-04-06,Assay,98.3,98.64,Failed,Dissolution Failure,548
Q03125,B202603125,P003,2025-12-24,Dissolution,96.19,98.81,Failed,Contamination,989
Q03126,B202503126,P002,2026-01-03,Purity,92.32,97.24,Failed,Contamination,419
Q03127,B202603127,P005,2026-08-11,Purity,100.2,98.13,Passed,None,0
Q03128,B202503128,P008,2026-04-30,Purity,98.43,96.95,Passed,None,0
Q03129,B202603129,P009,2025-01-06,Dissolution,99.6,97.16,Passed,None,0
Q03130,B202503130,P001,2025-11-14,Assay,95.16,95.55,Failed,Dissolution Failure,943
Q03131,B202603131,P007,2025-09-10,Assay,96.23,95.37,Passed,None,0
Q03132,B202503132,P011,2026-03-02,Potency,100.7,96.86,Passed,None,0
Q03133,B202603133,P015,2025-10-24,Dissolution,98.13,95.92,Passed,None,0
Q03134,B202503134,P004,2026-06-16,Assay,95.25,96.21,Failed,Packaging Defect,632
Q03135,B202603135,P013,2025-11-07,Assay,98.05,95.46,Passed,None,0
Q03136,B202503136,P014,2025-05-19,Purity,94.52,97.14,Failed,Dissolution Failure,584
Q03137,B202603137,P020,2026-01-18,Potency,97.71,96.36,Passed,None,0
Q03138,B202503138,P015,2026-03-30,Dissolution,99.84,97.79,Passed,None,0
Q03139,B202603139,P010,2026-01-27,Assay,97.15,95.2,Passed,None,0
Q03140,B202503140,P003,2025-08-15,Dissolution,98.11,95.47,Passed,None,0
Q03141,B202603141,P013,2025-03-20,Assay,95.81,95.06,Passed,None,0
Q03142,B202503142,P004,2026-03-16,Assay,98.29,97.86,Passed,None,0
Q03143,B202603143,P002,2025-05-18,Purity,97.59,95.8,Passed,None,0
Q03144,B202503144,P016,2025-12-03,Potency,98.17,98.23,Failed,Packaging Defect,731
Q03145,B202603145,P019,2026-02-27,Potency,99.16,97.23,Passed,None,0
Q03146,B202503146,P014,2025-04-15,Purity,97.62,95.08,Passed,None,0
Q03147,B202603147,P013,2025-04-10,Assay,94.48,95.54,Failed,Dissolution Failure,775
Q03148,B202503148,P004,2025-02-28,Assay,96.54,97.01,Failed,Contamination,207
Q03149,B202603149,P003,2025-09-14,Dissolution,99.44,96.28,Passed,None,0
Q03150,B202503150,P013,2026-01-28,Assay,92.41,97.04,Failed,Contamination,197
Q03151,B202603151,P018,2026-07-23,Purity,96.03,96.06,Failed,Dissolution Failure,455
Q03152,B202503152,P007,2025-07-20,Assay,100.97,98.13,Passed,None,0
Q03153,B202603153,P009,2026-08-22,Dissolution,98.42,96.59,Passed,None,0
Q03154,B202503154,P014,2025-04-24,Purity,99.71,98.91,Passed,None,0
Q03155,B202603155,P018,2026-08-23,Purity,98.85,98.09,Passed,None,0
Q03156,B202503156,P014,2025-06-10,Purity,94.64,97.36,Failed,Dissolution Failure,823
Q03157,B202603157,P016,2025-09-18,Potency,98.75,96.48,Passed,None,0
Q03158,B202503158,P014,2026-04-27,Purity,98.79,96.59,Passed,None,0
Q03159,B202603159,P002,2026-06-19,Purity,99.31,96.9,Passed,None,0
Q03160,B202503160,P019,2026-06-19,Potency,99.39,96.94,Passed,None,0
Q03161,B202603161,P016,2025-12-11,Potency,100.03,95.09,Passed,None,0
Q03162,B202503162,P016,2025-10-22,Potency,97.2,96.11,Passed,None,0
Q03163,B202603163,P020,2025-07-19,Potency,99.19,97.73,Passed,None,0
Q03164,B202503164,P004,2026-06-07,Assay,95.85,97.29,Failed,Dissolution Failure,658
Q03165,B202603165,P005,2026-01-31,Purity,96.14,97.76,Failed,Packaging Defect,895
Q03166,B202503166,P006,2026-08-14,Assay,95.46,95.64,Failed,Dissolution Failure,907
Q03167,B202603167,P018,2025-09-28,Purity,95.08,95.24,Failed,Low Potency,868
Q03168,B202503168,P010,2025-10-12,Assay,100.75,98.56,Passed,None,0
Q03169,B202603169,P001,2026-02-25,Assay,99.51,98.84,Passed,None,0
Q03170,B202503170,P002,2025-03-27,Purity,96.32,96.85,Failed,Contamination,670
Q03171,B202603171,P019,2026-05-24,Potency,99.08,95.51,Passed,None,0
Q03172,B202503172,P013,2026-07-06,Assay,91.16,95.35,Failed,High Impurity,608
Q03173,B202603173,P015,2026-03-16,Dissolution,98.62,96.16,Passed,None,0
Q03174,B202503174,P012,2025-07-23,Purity,102.85,97.86,Passed,None,0
Q03175,B202603175,P009,2025-02-25,Dissolution,98.7,95.23,Passed,None,0
Q03176,B202503176,P007,2025-09-02,Assay,98.4,95.7,Passed,None,0
Q03177,B202603177,P018,2025-08-31,Purity,94.66,95.23,Failed,Contamination,421
Q03178,B202503178,P013,2026-01-27,Assay,98.46,97.18,Passed,None,0
Q03179,B202603179,P016,2026-02-11,Potency,98.71,95.96,Passed,None,0
Q03180,B202503180,P005,2026-08-21,Purity,94.15,98.05,Failed,Low Potency,860
Q03181,B202603181,P004,2025-06-05,Assay,99.64,97.06,Passed,None,0
Q03182,B202503182,P001,2025-07-18,Assay,100.22,97.36,Passed,None,0
Q03183,B202603183,P020,2026-05-24,Potency,99.78,96.88,Passed,None,0
Q03184,B202503184,P016,2025-04-20,Potency,100.85,98.9,Passed,None,0
Q03185,B202603185,P002,2025-02-09,Purity,99.22,98.78,Passed,None,0
Q03186,B202503186,P008,2025-03-03,Purity,96.92,95.48,Passed,None,0
Q03187,B202603187,P004,2025-10-07,Assay,101.88,98.92,Passed,None,0
Q03188,B202503188,P002,2025-01-27,Purity,94.1,96.48,Failed,Low Potency,286
Q03189,B202603189,P010,2025-03-11,Assay,96.72,97.48,Failed,Dissolution Failure,301
Q03190,B202503190,P005,2025-03-22,Purity,98.4,98.51,Failed,Packaging Defect,277
Q03191,B202603191,P019,2025-06-29,Potency,95.03,98.02,Failed,Low Potency,519
Q03192,B202503192,P005,2025-06-12,Purity,99.52,97.46,Passed,None,0
Q03193,B202603193,P003,2026-08-18,Dissolution,101.24,96.09,Passed,None,0
Q03194,B202503194,P007,2025-01-19,Assay,100.49,98.75,Passed,None,0
Q03195,B202603195,P008,2026-08-05,Purity,97.84,98.14,Failed,Packaging Defect,67
Q03196,B202503196,P007,2025-10-28,Assay,100.48,98.13,Passed,None,0
Q03197,B202603197,P014,2025-07-18,Purity,97.26,96.06,Passed,None,0
Q03198,B202503198,P003,2025-03-27,Dissolution,96.79,96.18,Passed,None,0
Q03199,B202603199,P001,2026-05-16,Assay,102.03,98.92,Passed,None,0
Q03200,B202503200,P019,2026-07-17,Potency,101.13,96.88,Passed,None,0
Q03201,B202603201,P003,2025-09-06,Dissolution,103.13,98.96,Passed,None,0
Q03202,B202503202,P011,2025-07-12,Potency,97.27,96.32,Passed,None,0
Q03203,B202603203,P002,2026-04-23,Purity,98.5,96.45,Passed,None,0
Q03204,B202503204,P002,2025-03-27,Purity,99.34,97.78,Passed,None,0
Q03205,B202603205,P006,2026-02-11,Assay,99.86,95.27,Passed,None,0
Q03206,B202503206,P015,2025-11-16,Dissolution,98.46,97.94,Passed,None,0
Q03207,B202603207,P017,2026-03-14,Assay,97.66,96.55,Passed,None,0
Q03208,B202503208,P009,2025-06-23,Dissolution,99.19,97.41,Passed,None,0
Q03209,B202603209,P011,2026-03-30,Potency,100.61,97.89,Passed,None,0
Q03210,B202503210,P004,2026-05-04,Assay,96.01,95.61,Passed,None,0
Q03211,B202603211,P013,2026-06-08,Assay,100.48,98.92,Passed,None,0
Q03212,B202503212,P011,2025-01-15,Potency,97.31,97.9,Failed,Low Potency,242
Q03213,B202603213,P011,2026-05-10,Potency,99.19,98.93,Passed,None,0
Q03214,B202503214,P009,2025-06-29,Dissolution,93.7,97.45,Failed,Dissolution Failure,137
Q03215,B202603215,P018,2026-03-01,Purity,100.1,97.02,Passed,None,0
Q03216,B202503216,P012,2026-07-09,Purity,99.15,96.85,Passed,None,0
Q03217,B202603217,P003,2025-03-22,Dissolution,98.38,96.83,Passed,None,0
Q03218,B202503218,P017,2025-09-17,Assay,100.35,97.57,Passed,None,0
Q03219,B202603219,P007,2025-11-03,Assay,99.32,96.66,Passed,None,0
Q03220,B202503220,P007,2025-12-20,Assay,94.16,96.69,Failed,Contamination,61
Q03221,B202603221,P012,2026-01-01,Purity,99.75,96.9,Passed,None,0
Q03222,B202503222,P005,2026-08-09,Purity,96.65,95.94,Passed,None,0
Q03223,B202603223,P011,2025-03-05,Potency,96.76,97.15,Failed,Low Potency,893
Q03224,B202503224,P016,2025-10-03,Potency,99.71,98.73,Passed,None,0
Q03225,B202603225,P003,2025-12-10,Dissolution,101.65,98.66,Passed,None,0
Q03226,B202503226,P019,2025-05-19,Potency,96.48,96.37,Passed,None,0
Q03227,B202603227,P018,2026-08-10,Purity,98.21,97.1,Passed,None,0
Q03228,B202503228,P002,2026-01-20,Purity,97.35,96.83,Passed,None,0
Q03229,B202603229,P003,2025-07-15,Dissolution,93.65,96.04,Failed,Dissolution Failure,218
Q03230,B202503230,P016,2025-02-04,Potency,98.61,97.11,Passed,None,0
Q03231,B202603231,P018,2025-03-13,Purity,99.36,98.5,Passed,None,0
Q03232,B202503232,P018,2025-06-05,Purity,96.41,96.39,Passed,None,0
Q03233,B202603233,P006,2026-04-22,Assay,97.95,95.11,Passed,None,0
Q03234,B202503234,P015,2025-08-04,Dissolution,98.11,97.69,Passed,None,0
Q03235,B202603235,P020,2026-06-07,Potency,98.27,98.11,Passed,None,0
Q03236,B202503236,P020,2025-04-22,Potency,95.36,98.69,Failed,Contamination,688
Q03237,B202603237,P017,2025-09-04,Assay,97.91,96.15,Passed,None,0
Q03238,B202503238,P006,2025-04-15,Assay,100.9,97.97,Passed,None,0
Q03239,B202603239,P005,2026-01-19,Purity,97.73,96.05,Passed,None,0
Q03240,B202503240,P010,2025-05-11,Assay,98.46,95.92,Passed,None,0
Q03241,B202603241,P016,2025-01-26,Potency,99.8,95.07,Passed,None,0
Q03242,B202503242,P003,2025-12-09,Dissolution,98.15,96.39,Passed,None,0
Q03243,B202603243,P009,2026-05-10,Dissolution,96.96,95.47,Passed,None,0
Q03244,B202503244,P013,2025-04-22,Assay,99.95,97.72,Passed,None,0
Q03245,B202603245,P003,2025-04-30,Dissolution,97.44,97.31,Passed,None,0
Q03246,B202503246,P020,2026-07-08,Potency,92.82,96.61,Failed,High Impurity,989
Q03247,B202603247,P005,2025-10-20,Purity,101.55,98.71,Passed,None,0
Q03248,B202503248,P018,2025-04-20,Purity,99.72,98.17,Passed,None,0
Q03249,B202603249,P009,2025-01-06,Dissolution,100.39,98.84,Passed,None,0
Q03250,B202503250,P012,2026-07-31,Purity,96.24,96.33,Failed,Dissolution Failure,583
Q03251,B202603251,P006,2026-01-04,Assay,98.46,96.22,Passed,None,0
Q03252,B202503252,P018,2025-11-16,Purity,99.77,98.34,Passed,None,0
Q03253,B202603253,P006,2026-07-20,Assay,96.34,95.15,Passed,None,0
Q03254,B202503254,P005,2025-01-28,Purity,97.24,98.72,Failed,Contamination,745
Q03255,B202603255,P011,2025-03-26,Potency,99.58,95.83,Passed,None,0
Q03256,B202503256,P009,2025-09-26,Dissolution,99.12,97.33,Passed,None,0
Q03257,B202603257,P019,2026-01-09,Potency,99.86,98.04,Passed,None,0
Q03258,B202503258,P010,2025-11-22,Assay,97.78,97.61,Passed,None,0
Q03259,B202603259,P002,2025-08-18,Purity,93.88,97.53,Failed,High Impurity,927
Q03260,B202503260,P020,2025-07-09,Potency,97.58,97.33,Passed,None,0
Q03261,B202603261,P019,2026-01-02,Potency,96.92,95.45,Passed,None,0
Q03262,B202503262,P009,2026-08-15,Dissolution,103.58,98.75,Passed,None,0
Q03263,B202603263,P011,2026-07-11,Potency,97.42,95.52,Passed,None,0
Q03264,B202503264,P018,2025-07-19,Purity,99.01,95.76,Passed,None,0
Q03265,B202603265,P007,2025-11-27,Assay,98.27,96.39,Passed,None,0
Q03266,B202503266,P007,2025-05-27,Assay,102.5,97.43,Passed,None,0
Q03267,B202603267,P005,2025-03-31,Purity,96.46,95.34,Passed,None,0
Q03268,B202503268,P007,2026-08-07,Assay,97.84,97.91,Failed,Low Potency,133
Q03269,B202603269,P007,2025-08-24,Assay,99.18,96.34,Passed,None,0
Q03270,B202503270,P014,2025-03-26,Purity,93.63,95.3,Failed,Contamination,750
Q03271,B202603271,P003,2025-07-18,Dissolution,96.42,95.44,Passed,None,0
Q03272,B202503272,P005,2025-02-27,Purity,98.7,95.27,Passed,None,0
Q03273,B202603273,P012,2025-02-27,Purity,102.14,97.62,Passed,None,0
Q03274,B202503274,P016,2025-08-11,Potency,98.23,96.67,Passed,None,0
Q03275,B202603275,P011,2025-04-06,Potency,97.32,96.96,Passed,None,0
Q03276,B202503276,P020,2025-11-05,Potency,97.7,96.16,Passed,None,0
Q03277,B202603277,P003,2026-01-20,Dissolution,97.91,96.69,Passed,None,0
Q03278,B202503278,P002,2026-01-18,Purity,99.34,96.38,Passed,None,0
Q03279,B202603279,P014,2026-03-25,Purity,99.64,98.09,Passed,None,0
Q03280,B202503280,P010,2026-04-17,Assay,98.86,96.47,Passed,None,0
Q03281,B202603281,P016,2026-01-05,Potency,101.74,98.95,Passed,None,0
Q03282,B202503282,P016,2025-08-19,Potency,99.95,96.99,Passed,None,0
Q03283,B202603283,P008,2025-08-11,Purity,96.64,95.08,Passed,None,0
Q03284,B202503284,P011,2026-01-19,Potency,100.88,96.41,Passed,None,0
Q03285,B202603285,P017,2025-11-28,Assay,97.67,95.89,Passed,None,0
Q03286,B202503286,P009,2026-04-10,Dissolution,95.79,95.13,Passed,None,0
Q03287,B202603287,P011,2025-11-11,Potency,99.07,98.68,Passed,None,0
Q03288,B202503288,P006,2025-04-09,Assay,99.84,95.78,Passed,None,0
Q03289,B202603289,P016,2025-04-26,Potency,96.8,95.31,Passed,None,0
Q03290,B202503290,P011,2026-07-20,Potency,98.0,97.33,Passed,None,0
Q03291,B202603291,P008,2026-01-09,Purity,99.68,97.68,Passed,None,0
Q03292,B202503292,P007,2026-02-23,Assay,97.7,96.87,Passed,None,0
Q03293,B202603293,P007,2025-12-30,Assay,98.73,96.55,Passed,None,0
Q03294,B202503294,P008,2025-05-30,Purity,98.68,98.43,Passed,None,0
Q03295,B202603295,P007,2025-12-23,Assay,101.11,98.87,Passed,None,0
Q03296,B202503296,P015,2025-11-09,Dissolution,96.4,95.04,Passed,None,0
Q03297,B202603297,P016,2025-12-03,Potency,101.3,98.5,Passed,None,0
Q03298,B202503298,P013,2026-07-12,Assay,101.59,98.42,Passed,None,0
Q03299,B202603299,P006,2026-01-18,Assay,99.39,95.45,Passed,None,0
Q03300,B202503300,P001,2026-04-06,Assay,98.79,98.15,Passed,None,0
Q03301,B202603301,P003,2025-07-10,Dissolution,99.82,98.83,Passed,None,0
Q03302,B202503302,P012,2026-02-21,Purity,98.72,97.24,Passed,None,0
Q03303,B202603303,P010,2025-07-04,Assay,102.27,98.84,Passed,None,0
Q03304,B202503304,P002,2026-02-28,Purity,94.39,96.32,Failed,Dissolution Failure,940
Q03305,B202603305,P016,2025-11-06,Potency,103.45,98.99,Passed,None,0
Q03306,B202503306,P017,2026-06-08,Assay,96.92,95.38,Passed,None,0
Q03307,B202603307,P001,2026-07-01,Assay,100.26,98.46,Passed,None,0
Q03308,B202503308,P002,2026-04-20,Purity,98.49,96.94,Passed,None,0
Q03309,B202603309,P008,2025-09-05,Purity,98.57,97.77,Passed,None,0
Q03310,B202503310,P001,2026-08-17,Assay,100.16,97.21,Passed,None,0
Q03311,B202603311,P007,2026-04-19,Assay,97.63,98.93,Failed,Contamination,306
Q03312,B202503312,P011,2025-03-19,Potency,102.24,98.85,Passed,None,0
Q03313,B202603313,P001,2026-03-09,Assay,97.17,95.73,Passed,None,0
Q03314,B202503314,P003,2025-08-21,Dissolution,101.94,97.91,Passed,None,0
Q03315,B202603315,P007,2025-05-27,Assay,98.04,96.79,Passed,None,0
Q03316,B202503316,P006,2026-03-16,Assay,96.81,97.12,Failed,High Impurity,725
Q03317,B202603317,P003,2026-07-02,Dissolution,94.85,95.14,Failed,Contamination,759
Q03318,B202503318,P018,2025-03-03,Purity,100.36,96.06,Passed,None,0
Q03319,B202603319,P017,2025-09-22,Assay,97.31,96.92,Passed,None,0
Q03320,B202503320,P013,2025-08-16,Assay,98.59,96.33,Passed,None,0
Q03321,B202603321,P005,2025-08-04,Purity,101.05,96.51,Passed,None,0
Q03322,B202503322,P018,2025-07-30,Purity,99.94,98.03,Passed,None,0
Q03323,B202603323,P020,2025-06-12,Potency,98.75,95.8,Passed,None,0
Q03324,B202503324,P014,2026-05-21,Purity,95.33,95.48,Failed,Low Potency,596
Q03325,B202603325,P011,2025-10-30,Potency,99.85,98.66,Passed,None,0
Q03326,B202503326,P018,2025-07-29,Purity,99.86,97.9,Passed,None,0
Q03327,B202603327,P012,2026-06-20,Purity,98.1,96.23,Passed,None,0
Q03328,B202503328,P004,2025-06-23,Assay,100.35,95.65,Passed,None,0
Q03329,B202603329,P017,2025-08-23,Assay,98.82,98.48,Passed,None,0
Q03330,B202503330,P014,2025-12-03,Purity,98.92,97.99,Passed,None,0
Q03331,B202603331,P002,2026-07-16,Purity,98.61,97.14,Passed,None,0
Q03332,B202503332,P010,2026-04-01,Assay,96.8,96.01,Passed,None,0
Q03333,B202603333,P004,2026-06-09,Assay,97.51,97.06,Passed,None,0
Q03334,B202503334,P013,2026-03-29,Assay,99.11,95.21,Passed,None,0
Q03335,B202603335,P001,2026-07-26,Assay,97.35,96.34,Passed,None,0
Q03336,B202503336,P009,2026-02-07,Dissolution,98.58,98.74,Failed,Contamination,671
Q03337,B202603337,P020,2025-08-27,Potency,98.85,97.77,Passed,None,0
Q03338,B202503338,P012,2025-12-23,Purity,100.68,97.23,Passed,None,0
Q03339,B202603339,P018,2025-10-14,Purity,99.23,96.49,Passed,None,0
Q03340,B202503340,P018,2025-10-20,Purity,101.73,97.56,Passed,None,0
Q03341,B202603341,P016,2026-04-07,Potency,97.49,96.28,Passed,None,0
Q03342,B202503342,P005,2025-01-09,Purity,94.73,95.48,Failed,High Impurity,384
Q03343,B202603343,P015,2025-01-14,Dissolution,93.75,95.77,Failed,Low Potency,321
Q03344,B202503344,P019,2025-04-22,Potency,100.44,98.62,Passed,None,0
Q03345,B202603345,P017,2026-08-08,Assay,100.06,98.4,Passed,None,0
Q03346,B202503346,P008,2025-08-05,Purity,95.47,95.9,Failed,Dissolution Failure,561
Q03347,B202603347,P012,2025-05-04,Purity,100.73,97.44,Passed,None,0
Q03348,B202503348,P017,2025-12-05,Assay,96.94,95.67,Passed,None,0
Q03349,B202603349,P002,2025-05-17,Purity,99.17,98.27,Passed,None,0
Q03350,B202503350,P006,2025-07-07,Assay,96.63,95.28,Passed,None,0
Q03351,B202603351,P018,2026-05-07,Purity,98.95,98.07,Passed,None,0
Q03352,B202503352,P020,2025-07-07,Potency,98.31,97.02,Passed,None,0
Q03353,B202603353,P003,2026-04-30,Dissolution,97.88,95.86,Passed,None,0
Q03354,B202503354,P008,2025-10-14,Purity,97.75,96.65,Passed,None,0
Q03355,B202603355,P013,2025-05-13,Assay,100.58,97.58,Passed,None,0
Q03356,B202503356,P012,2026-05-20,Purity,96.95,95.33,Passed,None,0
Q03357,B202603357,P013,2025-06-14,Assay,100.63,97.0,Passed,None,0
Q03358,B202503358,P010,2025-06-12,Assay,96.23,95.85,Passed,None,0
Q03359,B202603359,P020,2025-05-26,Potency,99.14,95.61,Passed,None,0
Q03360,B202503360,P018,2026-01-26,Purity,95.46,96.88,Failed,Low Potency,861
Q03361,B202603361,P004,2026-06-21,Assay,98.61,97.67,Passed,None,0
Q03362,B202503362,P020,2026-03-04,Potency,99.69,97.84,Passed,None,0
Q03363,B202603363,P013,2025-06-24,Assay,100.19,98.01,Passed,None,0
Q03364,B202503364,P015,2025-02-19,Dissolution,94.7,98.81,Failed,Low Potency,580
Q03365,B202603365,P007,2025-12-01,Assay,96.07,95.06,Passed,None,0
Q03366,B202503366,P015,2025-11-07,Dissolution,99.84,97.5,Passed,None,0
Q03367,B202603367,P007,2026-02-19,Assay,98.86,97.65,Passed,None,0
Q03368,B202503368,P012,2026-01-07,Purity,99.03,96.0,Passed,None,0
Q03369,B202603369,P004,2026-05-23,Assay,97.71,96.49,Passed,None,0
Q03370,B202503370,P017,2026-03-26,Assay,100.88,98.46,Passed,None,0
Q03371,B202603371,P007,2025-06-15,Assay,97.66,98.88,Failed,Contamination,84
Q03372,B202503372,P009,2025-03-29,Dissolution,92.83,95.61,Failed,High Impurity,795
Q03373,B202603373,P010,2026-07-25,Assay,96.01,95.02,Passed,None,0
Q03374,B202503374,P002,2026-08-18,Purity,96.66,95.61,Passed,None,0
Q03375,B202603375,P019,2025-03-05,Potency,96.77,98.47,Failed,Dissolution Failure,827
Q03376,B202503376,P016,2025-12-09,Potency,96.59,96.08,Passed,None,0
Q03377,B202603377,P008,2026-07-31,Purity,96.92,95.82,Passed,None,0
Q03378,B202503378,P015,2025-10-05,Dissolution,98.33,98.36,Failed,Low Potency,726
Q03379,B202603379,P001,2025-12-07,Assay,93.46,95.1,Failed,Low Potency,895
Q03380,B202503380,P006,2025-11-14,Assay,99.31,98.66,Passed,None,0
Q03381,B202603381,P012,2025-10-27,Purity,95.85,98.93,Failed,Contamination,450
Q03382,B202503382,P008,2026-05-28,Purity,98.22,96.23,Passed,None,0
Q03383,B202603383,P002,2025-02-20,Purity,100.91,97.77,Passed,None,0
Q03384,B202503384,P010,2025-06-28,Assay,99.15,97.14,Passed,None,0
Q03385,B202603385,P012,2025-01-19,Purity,97.93,96.62,Passed,None,0
Q03386,B202503386,P006,2026-04-10,Assay,99.87,97.79,Passed,None,0
Q03387,B202603387,P010,2025-05-26,Assay,101.03,97.15,Passed,None,0
Q03388,B202503388,P018,2025-04-12,Purity,97.05,98.04,Failed,Low Potency,221
Q03389,B202603389,P004,2025-08-19,Assay,97.66,98.39,Failed,High Impurity,992
Q03390,B202503390,P009,2025-10-30,Dissolution,97.38,96.18,Passed,None,0
Q03391,B202603391,P002,2025-02-07,Purity,98.83,98.94,Failed,High Impurity,96
Q03392,B202503392,P014,2025-07-01,Purity,97.74,95.72,Passed,None,0
Q03393,B202603393,P006,2025-08-29,Assay,97.5,95.43,Passed,None,0
Q03394,B202503394,P019,2026-05-12,Potency,100.58,98.64,Passed,None,0
Q03395,B202603395,P009,2025-06-24,Dissolution,98.28,95.11,Passed,None,0
Q03396,B202503396,P017,2025-11-23,Assay,91.71,95.4,Failed,Packaging Defect,635
Q03397,B202603397,P010,2025-12-25,Assay,99.88,96.99,Passed,None,0
Q03398,B202503398,P016,2025-07-28,Potency,94.89,95.76,Failed,Low Potency,103
Q03399,B202603399,P001,2026-04-21,Assay,100.19,96.95,Passed,None,0
Q03400,B202503400,P008,2025-06-13,Purity,97.22,96.17,Passed,None,0
Q03401,B202603401,P012,2025-06-13,Purity,91.33,95.85,Failed,Dissolution Failure,211
Q03402,B202503402,P002,2026-07-16,Purity,97.57,95.45,Passed,None,0
Q03403,B202603403,P014,2026-05-26,Purity,97.61,98.21,Failed,Contamination,457
Q03404,B202503404,P010,2025-11-03,Assay,91.01,95.92,Failed,Dissolution Failure,429
Q03405,B202603405,P018,2025-03-03,Purity,96.98,95.22,Passed,None,0
Q03406,B202503406,P016,2025-05-26,Potency,98.98,96.78,Passed,None,0
Q03407,B202603407,P004,2025-06-09,Assay,91.83,96.57,Failed,Dissolution Failure,834
Q03408,B202503408,P005,2025-06-29,Purity,98.35,96.06,Passed,None,0
Q03409,B202603409,P018,2025-10-04,Purity,93.41,97.13,Failed,High Impurity,296
Q03410,B202503410,P017,2025-09-03,Assay,99.49,98.04,Passed,None,0
Q03411,B202603411,P011,2025-04-04,Potency,103.87,98.73,Passed,None,0
Q03412,B202503412,P015,2026-07-05,Dissolution,97.07,97.22,Failed,Dissolution Failure,925
Q03413,B202603413,P007,2026-03-09,Assay,95.58,97.91,Failed,Dissolution Failure,619
Q03414,B202503414,P016,2025-11-11,Potency,101.7,97.79,Passed,None,0
Q03415,B202603415,P005,2025-12-25,Purity,96.44,96.95,Failed,Low Potency,796
Q03416,B202503416,P018,2025-10-03,Purity,101.57,97.43,Passed,None,0
Q03417,B202603417,P017,2026-03-31,Assay,99.7,97.15,Passed,None,0
Q03418,B202503418,P005,2025-05-21,Purity,100.32,98.64,Passed,None,0
Q03419,B202603419,P019,2025-06-10,Potency,98.48,95.04,Passed,None,0
Q03420,B202503420,P018,2025-03-09,Purity,97.79,95.41,Passed,None,0
Q03421,B202603421,P008,2025-09-14,Purity,96.64,97.63,Failed,Low Potency,639
Q03422,B202503422,P020,2025-01-23,Potency,99.92,98.52,Passed,None,0
Q03423,B202603423,P015,2025-07-15,Dissolution,98.4,98.6,Failed,Contamination,864
Q03424,B202503424,P019,2025-12-29,Potency,98.89,97.02,Passed,None,0
Q03425,B202603425,P006,2025-04-29,Assay,92.33,96.81,Failed,Packaging Defect,857
Q03426,B202503426,P012,2025-08-08,Purity,98.28,98.53,Failed,High Impurity,939
Q03427,B202603427,P005,2025-02-10,Purity,100.44,97.0,Passed,None,0
Q03428,B202503428,P007,2025-07-09,Assay,99.25,96.02,Passed,None,0
Q03429,B202603429,P006,2025-01-03,Assay,95.62,98.9,Failed,Packaging Defect,254
Q03430,B202503430,P005,2026-08-15,Purity,98.41,98.97,Failed,High Impurity,661
Q03431,B202603431,P016,2026-07-25,Potency,102.48,96.81,Passed,None,0
Q03432,B202503432,P009,2026-03-09,Dissolution,97.92,96.15,Passed,None,0
Q03433,B202603433,P010,2025-05-02,Assay,99.42,96.05,Passed,None,0
Q03434,B202503434,P013,2026-08-11,Assay,98.69,96.48,Passed,None,0
Q03435,B202603435,P005,2025-11-20,Purity,97.06,96.49,Passed,None,0
Q03436,B202503436,P018,2025-03-05,Purity,98.42,96.95,Passed,None,0
Q03437,B202603437,P017,2026-02-17,Assay,101.67,98.78,Passed,None,0
Q03438,B202503438,P009,2026-07-26,Dissolution,99.82,97.41,Passed,None,0
Q03439,B202603439,P005,2026-02-23,Purity,97.88,96.3,Passed,None,0
Q03440,B202503440,P012,2025-08-03,Purity,98.4,97.39,Passed,None,0
Q03441,B202603441,P009,2026-06-15,Dissolution,96.26,95.04,Passed,None,0
Q03442,B202503442,P018,2025-09-09,Purity,98.19,97.34,Passed,None,0
Q03443,B202603443,P004,2025-08-07,Assay,99.72,97.95,Passed,None,0
Q03444,B202503444,P020,2026-03-28,Potency,100.23,97.84,Passed,None,0
Q03445,B202603445,P008,2026-07-13,Purity,99.84,98.52,Passed,None,0
Q03446,B202503446,P020,2026-04-27,Potency,101.23,97.74,Passed,None,0
Q03447,B202603447,P014,2025-04-17,Purity,101.45,97.91,Passed,None,0
Q03448,B202503448,P020,2025-09-24,Potency,92.18,95.36,Failed,Contamination,374
Q03449,B202603449,P020,2026-01-08,Potency,100.6,98.75,Passed,None,0
Q03450,B202503450,P014,2026-03-28,Purity,99.08,95.53,Passed,None,0
Q03451,B202603451,P015,2026-01-17,Dissolution,100.56,97.54,Passed,None,0
Q03452,B202503452,P020,2026-08-03,Potency,98.82,97.31,Passed,None,0
Q03453,B202603453,P018,2025-02-16,Purity,99.42,96.34,Passed,None,0
Q03454,B202503454,P003,2025-09-05,Dissolution,98.04,97.55,Passed,None,0
Q03455,B202603455,P019,2025-09-14,Potency,100.45,98.91,Passed,None,0
Q03456,B202503456,P009,2025-03-29,Dissolution,99.65,97.88,Passed,None,0
Q03457,B202603457,P013,2025-01-07,Assay,99.34,96.98,Passed,None,0
Q03458,B202503458,P018,2025-06-10,Purity,98.95,98.36,Passed,None,0
Q03459,B202603459,P018,2025-02-26,Purity,97.83,95.2,Passed,None,0
Q03460,B202503460,P003,2025-11-10,Dissolution,98.17,97.66,Passed,None,0
Q03461,B202603461,P013,2025-04-06,Assay,98.83,95.97,Passed,None,0
Q03462,B202503462,P012,2025-09-18,Purity,99.2,97.51,Passed,None,0
Q03463,B202603463,P004,2026-07-05,Assay,97.67,95.34,Passed,None,0
Q03464,B202503464,P013,2026-06-20,Assay,95.9,96.21,Failed,Low Potency,410
Q03465,B202603465,P005,2025-04-12,Purity,99.19,97.51,Passed,None,0
Q03466,B202503466,P013,2025-03-25,Assay,97.6,95.6,Passed,None,0
Q03467,B202603467,P017,2025-09-11,Assay,96.06,95.58,Passed,None,0
Q03468,B202503468,P001,2025-08-03,Assay,100.44,98.39,Passed,None,0
Q03469,B202603469,P020,2025-07-20,Potency,99.62,96.77,Passed,None,0
Q03470,B202503470,P009,2026-02-19,Dissolution,98.48,97.28,Passed,None,0
Q03471,B202603471,P020,2025-05-12,Potency,93.56,95.91,Failed,Contamination,660
Q03472,B202503472,P004,2025-09-03,Assay,97.87,97.23,Passed,None,0
Q03473,B202603473,P017,2026-06-23,Assay,98.5,98.59,Failed,Dissolution Failure,261
Q03474,B202503474,P018,2026-04-17,Purity,99.42,97.82,Passed,None,0
Q03475,B202603475,P005,2026-02-23,Purity,99.21,96.71,Passed,None,0
Q03476,B202503476,P002,2026-07-18,Purity,102.93,97.88,Passed,None,0
Q03477,B202603477,P016,2026-05-30,Potency,98.45,97.74,Passed,None,0
Q03478,B202503478,P005,2025-04-22,Purity,94.82,95.59,Failed,Contamination,848
Q03479,B202603479,P005,2026-07-20,Purity,95.67,95.35,Passed,None,0
Q03480,B202503480,P003,2025-10-15,Dissolution,99.98,98.48,Passed,None,0
Q03481,B202603481,P020,2025-07-23,Potency,98.32,95.42,Passed,None,0
Q03482,B202503482,P018,2025-08-31,Purity,99.76,97.38,Passed,None,0
Q03483,B202603483,P016,2026-02-23,Potency,95.32,95.45,Failed,High Impurity,445
Q03484,B202503484,P005,2026-06-26,Purity,97.89,97.52,Passed,None,0
Q03485,B202603485,P005,2026-01-04,Purity,100.06,98.38,Passed,None,0
Q03486,B202503486,P014,2025-05-17,Purity,98.15,98.01,Passed,None,0
Q03487,B202603487,P001,2026-07-01,Assay,101.1,96.82,Passed,None,0
Q03488,B202503488,P015,2025-11-23,Dissolution,99.1,96.14,Passed,None,0
Q03489,B202603489,P019,2025-12-10,Potency,95.67,95.15,Passed,None,0
Q03490,B202503490,P013,2026-08-19,Assay,96.29,96.36,Failed,Low Potency,921
Q03491,B202603491,P019,2026-02-03,Potency,100.76,97.15,Passed,None,0
Q03492,B202503492,P007,2026-06-04,Assay,96.17,95.91,Passed,None,0
Q03493,B202603493,P011,2025-03-26,Potency,102.24,97.51,Passed,None,0
Q03494,B202503494,P016,2025-12-13,Potency,99.47,97.74,Passed,None,0
Q03495,B202603495,P014,2025-10-09,Purity,102.19,97.42,Passed,None,0
Q03496,B202503496,P018,2026-02-25,Purity,101.32,98.63,Passed,None,0
Q03497,B202603497,P009,2025-04-12,Dissolution,96.36,95.38,Passed,None,0
Q03498,B202503498,P002,2026-08-14,Purity,98.21,95.39,Passed,None,0
Q03499,B202603499,P005,2026-06-20,Purity,100.02,97.33,Passed,None,0
Q03500,B202503500,P020,2025-04-25,Potency,100.84,98.8,Passed,None,0
Q03501,B202603501,P005,2025-03-03,Purity,94.59,95.45,Failed,High Impurity,78
Q03502,B202503502,P018,2025-04-13,Purity,98.7,95.65,Passed,None,0
Q03503,B202603503,P010,2025-02-10,Assay,100.99,98.6,Passed,None,0
Q03504,B202503504,P020,2025-01-06,Potency,94.26,96.16,Failed,Packaging Defect,918
Q03505,B202603505,P020,2025-11-28,Potency,102.07,98.12,Passed,None,0
Q03506,B202503506,P001,2026-01-18,Assay,97.46,97.72,Failed,Dissolution Failure,865
Q03507,B202603507,P006,2025-06-30,Assay,98.61,98.87,Failed,Dissolution Failure,629
Q03508,B202503508,P020,2025-11-16,Potency,98.11,95.87,Passed,None,0
Q03509,B202603509,P006,2025-05-11,Assay,98.91,97.83,Passed,None,0
Q03510,B202503510,P002,2026-03-14,Purity,95.42,97.05,Failed,High Impurity,818
Q03511,B202603511,P003,2026-01-04,Dissolution,96.99,96.61,Passed,None,0
Q03512,B202503512,P020,2026-05-08,Potency,97.9,96.92,Passed,None,0
Q03513,B202603513,P019,2025-12-27,Potency,99.2,97.27,Passed,None,0
Q03514,B202503514,P012,2026-03-10,Purity,96.42,95.94,Passed,None,0
Q03515,B202603515,P009,2025-01-14,Dissolution,96.87,97.1,Failed,Contamination,399
Q03516,B202503516,P009,2026-04-18,Dissolution,99.66,98.6,Passed,None,0
Q03517,B202603517,P015,2025-01-19,Dissolution,96.88,97.23,Failed,Dissolution Failure,218
Q03518,B202503518,P007,2025-11-03,Assay,103.55,98.88,Passed,None,0
Q03519,B202603519,P001,2026-04-15,Assay,92.97,96.69,Failed,Low Potency,929
Q03520,B202503520,P014,2025-05-10,Purity,98.29,96.42,Passed,None,0
Q03521,B202603521,P002,2026-08-11,Purity,99.74,97.48,Passed,None,0
Q03522,B202503522,P005,2025-03-29,Purity,101.69,98.83,Passed,None,0
Q03523,B202603523,P018,2025-02-14,Purity,98.14,95.94,Passed,None,0
Q03524,B202503524,P016,2025-07-14,Potency,99.4,96.64,Passed,None,0
Q03525,B202603525,P010,2026-04-19,Assay,99.35,98.67,Passed,None,0
Q03526,B202503526,P006,2025-07-07,Assay,102.3,98.44,Passed,None,0
Q03527,B202603527,P009,2026-08-13,Dissolution,96.05,97.25,Failed,Dissolution Failure,839
Q03528,B202503528,P003,2025-02-17,Dissolution,98.73,97.34,Passed,None,0
Q03529,B202603529,P013,2025-11-10,Assay,102.17,98.91,Passed,None,0
Q03530,B202503530,P018,2025-08-04,Purity,96.03,95.62,Passed,None,0
Q03531,B202603531,P015,2026-05-25,Dissolution,96.24,95.52,Passed,None,0
Q03532,B202503532,P015,2026-03-18,Dissolution,94.13,95.24,Failed,Packaging Defect,54
Q03533,B202603533,P013,2025-07-25,Assay,95.93,98.84,Failed,Packaging Defect,183
Q03534,B202503534,P001,2025-07-19,Assay,99.52,97.28,Passed,None,0
Q03535,B202603535,P011,2025-03-28,Potency,99.07,98.94,Passed,None,0
Q03536,B202503536,P020,2025-07-14,Potency,101.76,96.18,Passed,None,0
Q03537,B202603537,P013,2026-04-02,Assay,96.88,95.51,Passed,None,0
Q03538,B202503538,P010,2026-01-18,Assay,101.42,98.43,Passed,None,0
Q03539,B202603539,P014,2026-05-04,Purity,99.34,95.28,Passed,None,0
Q03540,B202503540,P015,2025-12-23,Dissolution,96.47,95.23,Passed,None,0
Q03541,B202603541,P018,2026-01-21,Purity,92.39,96.4,Failed,Low Potency,515
Q03542,B202503542,P015,2025-05-11,Dissolution,100.14,96.69,Passed,None,0
Q03543,B202603543,P007,2026-05-17,Assay,98.16,96.41,Passed,None,0
Q03544,B202503544,P012,2026-02-06,Purity,99.09,96.36,Passed,None,0
Q03545,B202603545,P018,2025-02-19,Purity,90.98,95.69,Failed,Low Potency,320
Q03546,B202503546,P007,2025-06-08,Assay,99.53,96.75,Passed,None,0
Q03547,B202603547,P008,2025-10-11,Purity,98.11,98.89,Failed,Low Potency,744
Q03548,B202503548,P001,2026-01-23,Assay,95.08,95.27,Failed,Contamination,374
Q03549,B202603549,P019,2025-03-10,Potency,97.14,97.39,Failed,Dissolution Failure,537
Q03550,B202503550,P004,2025-08-27,Assay,99.53,98.0,Passed,None,0
Q03551,B202603551,P007,2025-02-23,Assay,100.4,98.46,Passed,None,0
Q03552,B202503552,P003,2026-06-01,Dissolution,95.31,95.99,Failed,Low Potency,706
Q03553,B202603553,P012,2026-07-16,Purity,97.28,98.02,Failed,Packaging Defect,633
Q03554,B202503554,P019,2026-05-18,Potency,90.42,95.28,Failed,Packaging Defect,842
Q03555,B202603555,P004,2026-06-08,Assay,94.36,95.05,Failed,Low Potency,92
Q03556,B202503556,P015,2025-07-01,Dissolution,96.17,96.49,Failed,High Impurity,326
Q03557,B202603557,P005,2025-04-19,Purity,99.87,98.55,Passed,None,0
Q03558,B202503558,P011,2026-02-13,Potency,97.71,97.88,Failed,Low Potency,553
Q03559,B202603559,P002,2025-01-11,Purity,94.92,96.43,Failed,High Impurity,334
Q03560,B202503560,P007,2025-09-28,Assay,92.84,96.85,Failed,Contamination,161
Q03561,B202603561,P020,2025-04-18,Potency,94.52,95.84,Failed,Contamination,982
Q03562,B202503562,P004,2025-04-15,Assay,101.6,98.48,Passed,None,0
Q03563,B202603563,P020,2026-03-21,Potency,98.41,96.14,Passed,None,0
Q03564,B202503564,P018,2026-06-06,Purity,94.88,95.65,Failed,High Impurity,197
Q03565,B202603565,P002,2025-04-09,Purity,98.63,97.94,Passed,None,0
Q03566,B202503566,P003,2026-04-15,Dissolution,99.25,96.07,Passed,None,0
Q03567,B202603567,P016,2025-05-11,Potency,96.5,95.16,Passed,None,0
Q03568,B202503568,P014,2025-06-12,Purity,93.25,97.05,Failed,Contamination,317
Q03569,B202603569,P016,2025-07-29,Potency,101.1,96.94,Passed,None,0
Q03570,B202503570,P011,2026-05-26,Potency,97.11,95.63,Passed,None,0
Q03571,B202603571,P017,2026-05-06,Assay,96.89,96.3,Passed,None,0
Q03572,B202503572,P020,2026-06-10,Potency,96.35,95.18,Passed,None,0
Q03573,B202603573,P014,2025-08-07,Purity,97.1,96.1,Passed,None,0
Q03574,B202503574,P017,2025-02-05,Assay,92.15,96.04,Failed,Contamination,613
Q03575,B202603575,P002,2025-09-11,Purity,100.54,98.67,Passed,None,0
Q03576,B202503576,P012,2025-08-07,Purity,95.29,95.01,Passed,None,0
Q03577,B202603577,P016,2025-02-15,Potency,97.87,97.73,Passed,None,0
Q03578,B202503578,P007,2026-03-01,Assay,98.81,96.03,Passed,None,0
Q03579,B202603579,P001,2025-06-29,Assay,100.53,98.4,Passed,None,0
Q03580,B202503580,P016,2025-08-05,Potency,96.89,97.5,Failed,Low Potency,289
Q03581,B202603581,P017,2025-11-30,Assay,97.56,95.9,Passed,None,0
Q03582,B202503582,P017,2025-11-01,Assay,101.14,98.32,Passed,None,0
Q03583,B202603583,P001,2026-06-18,Assay,99.39,97.73,Passed,None,0
Q03584,B202503584,P016,2025-03-22,Potency,94.74,95.38,Failed,Dissolution Failure,913
Q03585,B202603585,P010,2025-09-06,Assay,98.19,97.54,Passed,None,0
Q03586,B202503586,P003,2025-04-12,Dissolution,92.02,96.91,Failed,High Impurity,637
Q03587,B202603587,P001,2026-02-11,Assay,100.64,97.04,Passed,None,0
Q03588,B202503588,P013,2025-07-19,Assay,98.02,95.83,Passed,None,0
Q03589,B202603589,P016,2025-12-13,Potency,97.17,98.36,Failed,Dissolution Failure,485
Q03590,B202503590,P006,2026-01-07,Assay,96.47,97.5,Failed,Low Potency,687
Q03591,B202603591,P009,2025-09-28,Dissolution,96.29,95.64,Passed,None,0
Q03592,B202503592,P011,2025-05-07,Potency,99.2,97.64,Passed,None,0
Q03593,B202603593,P012,2025-08-17,Purity,99.12,96.44,Passed,None,0
Q03594,B202503594,P016,2026-04-29,Potency,95.58,95.05,Passed,None,0
Q03595,B202603595,P002,2026-06-21,Purity,98.97,97.27,Passed,None,0
Q03596,B202503596,P018,2025-02-25,Purity,95.67,96.03,Failed,Contamination,812
Q03597,B202603597,P001,2025-12-22,Assay,94.4,97.02,Failed,Contamination,757
Q03598,B202503598,P001,2025-08-21,Assay,98.35,98.08,Passed,None,0
Q03599,B202603599,P006,2026-01-05,Assay,96.27,95.76,Passed,None,0
Q03600,B202503600,P005,2026-08-19,Purity,100.33,98.43,Passed,None,0
Q03601,B202603601,P017,2025-12-25,Assay,93.45,95.1,Failed,Packaging Defect,558
Q03602,B202503602,P006,2025-09-17,Assay,96.15,96.5,Failed,High Impurity,624
Q03603,B202603603,P003,2025-05-08,Dissolution,99.62,97.57,Passed,None,0
Q03604,B202503604,P005,2025-07-06,Purity,99.55,97.46,Passed,None,0
Q03605,B202603605,P012,2025-04-01,Purity,97.86,96.25,Passed,None,0
Q03606,B202503606,P001,2025-11-06,Assay,99.82,95.82,Passed,None,0
Q03607,B202603607,P012,2026-07-16,Purity,100.22,97.56,Passed,None,0
Q03608,B202503608,P009,2025-01-28,Dissolution,96.59,95.67,Passed,None,0
Q03609,B202603609,P004,2025-03-01,Assay,99.07,98.55,Passed,None,0
Q03610,B202503610,P016,2025-12-15,Potency,93.5,95.89,Failed,Dissolution Failure,58
Q03611,B202603611,P009,2026-02-18,Dissolution,98.8,95.57,Passed,None,0
Q03612,B202503612,P018,2025-12-04,Purity,96.36,97.72,Failed,Contamination,531
Q03613,B202603613,P013,2025-04-13,Assay,92.9,96.49,Failed,Packaging Defect,290
Q03614,B202503614,P018,2025-05-02,Purity,99.68,97.87,Passed,None,0
Q03615,B202603615,P007,2025-12-28,Assay,99.82,97.08,Passed,None,0
Q03616,B202503616,P002,2026-06-19,Purity,97.42,95.05,Passed,None,0
Q03617,B202603617,P015,2026-01-27,Dissolution,98.89,98.9,Failed,Contamination,630
Q03618,B202503618,P013,2026-02-09,Assay,96.9,97.68,Failed,Low Potency,258
Q03619,B202603619,P008,2025-08-30,Purity,100.58,98.91,Passed,None,0
Q03620,B202503620,P016,2025-04-03,Potency,97.96,97.05,Passed,None,0
Q03621,B202603621,P017,2025-10-11,Assay,99.76,96.54,Passed,None,0
Q03622,B202503622,P005,2025-01-14,Purity,93.55,96.51,Failed,Contamination,497
Q03623,B202603623,P016,2026-05-01,Potency,99.19,98.12,Passed,None,0
Q03624,B202503624,P006,2025-04-24,Assay,97.29,96.85,Passed,None,0
Q03625,B202603625,P013,2026-06-26,Assay,96.78,97.22,Failed,Low Potency,304
Q03626,B202503626,P002,2026-03-29,Purity,98.92,96.39,Passed,None,0
Q03627,B202603627,P004,2026-07-04,Assay,101.89,97.95,Passed,None,0
Q03628,B202503628,P016,2025-02-25,Potency,95.59,96.15,Failed,High Impurity,484
Q03629,B202603629,P007,2026-05-03,Assay,103.65,98.34,Passed,None,0
Q03630,B202503630,P015,2025-03-06,Dissolution,98.36,98.83,Failed,High Impurity,292
Q03631,B202603631,P002,2025-08-10,Purity,97.98,97.3,Passed,None,0
Q03632,B202503632,P018,2026-02-08,Purity,101.03,98.96,Passed,None,0
Q03633,B202603633,P018,2025-02-03,Purity,97.94,95.13,Passed,None,0
Q03634,B202503634,P015,2026-08-10,Dissolution,100.63,97.24,Passed,None,0
Q03635,B202603635,P009,2026-07-31,Dissolution,97.26,98.86,Failed,Packaging Defect,741
Q03636,B202503636,P009,2026-05-05,Dissolution,96.44,95.3,Passed,None,0
Q03637,B202603637,P018,2025-08-06,Purity,98.29,96.84,Passed,None,0
Q03638,B202503638,P013,2025-06-23,Assay,96.71,97.57,Failed,Contamination,389
Q03639,B202603639,P016,2026-01-21,Potency,95.69,95.3,Passed,None,0
Q03640,B202503640,P018,2025-03-04,Purity,98.45,95.16,Passed,None,0
Q03641,B202603641,P014,2026-07-01,Purity,98.41,96.17,Passed,None,0
Q03642,B202503642,P007,2025-05-07,Assay,100.03,97.82,Passed,None,0
Q03643,B202603643,P020,2025-03-09,Potency,97.51,98.49,Failed,Packaging Defect,633
Q03644,B202503644,P007,2026-06-01,Assay,100.35,97.94,Passed,None,0
Q03645,B202603645,P012,2025-10-24,Purity,100.94,98.15,Passed,None,0
Q03646,B202503646,P020,2026-01-23,Potency,101.67,95.65,Passed,None,0
Q03647,B202603647,P004,2025-07-02,Assay,102.98,98.93,Passed,None,0
Q03648,B202503648,P009,2026-07-31,Dissolution,103.08,98.08,Passed,None,0
Q03649,B202603649,P009,2025-01-19,Dissolution,98.4,97.98,Passed,None,0
Q03650,B202503650,P019,2026-07-24,Potency,96.44,95.5,Passed,None,0
Q03651,B202603651,P009,2026-03-01,Dissolution,97.39,96.03,Passed,None,0
Q03652,B202503652,P014,2025-07-13,Purity,100.06,97.74,Passed,None,0
Q03653,B202603653,P015,2025-04-17,Dissolution,99.95,97.22,Passed,None,0
Q03654,B202503654,P001,2026-03-19,Assay,98.14,96.17,Passed,None,0
Q03655,B202603655,P019,2026-04-26,Potency,95.96,96.88,Failed,High Impurity,651
Q03656,B202503656,P003,2025-02-07,Dissolution,93.65,95.74,Failed,Packaging Defect,178
Q03657,B202603657,P009,2025-02-26,Dissolution,101.42,98.2,Passed,None,0
Q03658,B202503658,P020,2025-09-19,Potency,98.19,95.79,Passed,None,0
Q03659,B202603659,P011,2025-12-05,Potency,99.33,98.21,Passed,None,0
Q03660,B202503660,P017,2025-08-06,Assay,102.47,98.87,Passed,None,0
Q03661,B202603661,P007,2025-06-25,Assay,99.14,98.2,Passed,None,0
Q03662,B202503662,P004,2026-02-01,Assay,99.78,96.8,Passed,None,0
Q03663,B202603663,P017,2026-05-03,Assay,98.4,96.78,Passed,None,0
Q03664,B202503664,P001,2026-06-18,Assay,95.6,95.24,Passed,None,0
Q03665,B202603665,P003,2025-12-09,Dissolution,94.86,96.04,Failed,Dissolution Failure,502
Q03666,B202503666,P015,2026-04-07,Dissolution,96.41,95.99,Passed,None,0
Q03667,B202603667,P011,2025-11-24,Potency,99.89,95.33,Passed,None,0
Q03668,B202503668,P007,2025-07-26,Assay,102.06,98.86,Passed,None,0
Q03669,B202603669,P003,2025-04-21,Dissolution,95.6,95.28,Passed,None,0
Q03670,B202503670,P013,2026-04-30,Assay,97.33,96.79,Passed,None,0
Q03671,B202603671,P004,2026-07-29,Assay,92.39,97.16,Failed,Low Potency,306
Q03672,B202503672,P017,2025-01-23,Assay,93.47,95.9,Failed,Contamination,605
Q03673,B202603673,P010,2026-03-23,Assay,96.42,95.59,Passed,None,0
Q03674,B202503674,P014,2025-06-12,Purity,99.15,96.81,Passed,None,0
Q03675,B202603675,P019,2026-05-25,Potency,98.21,97.51,Passed,None,0
Q03676,B202503676,P020,2026-01-03,Potency,97.33,96.75,Passed,None,0
Q03677,B202603677,P001,2025-02-09,Assay,98.01,95.5,Passed,None,0
Q03678,B202503678,P009,2025-07-13,Dissolution,98.96,98.0,Passed,None,0
Q03679,B202603679,P006,2026-04-25,Assay,99.69,98.43,Passed,None,0
Q03680,B202503680,P017,2026-03-15,Assay,96.59,95.59,Passed,None,0
Q03681,B202603681,P008,2026-04-17,Purity,97.93,96.56,Passed,None,0
Q03682,B202503682,P011,2026-01-05,Potency,99.15,97.68,Passed,None,0
Q03683,B202603683,P014,2025-05-30,Purity,101.47,98.05,Passed,None,0
Q03684,B202503684,P012,2026-01-08,Purity,102.39,96.73,Passed,None,0
Q03685,B202603685,P010,2025-08-05,Assay,97.08,95.58,Passed,None,0
Q03686,B202503686,P020,2025-07-20,Potency,96.95,95.63,Passed,None,0
Q03687,B202603687,P006,2026-08-12,Assay,99.87,97.82,Passed,None,0
Q03688,B202503688,P012,2026-04-22,Purity,98.14,95.81,Passed,None,0
Q03689,B202603689,P005,2026-01-13,Purity,96.91,96.03,Passed,None,0
Q03690,B202503690,P005,2025-03-06,Purity,97.43,95.38,Passed,None,0
Q03691,B202603691,P010,2025-04-28,Assay,100.04,98.57,Passed,None,0
Q03692,B202503692,P003,2025-07-18,Dissolution,99.91,98.31,Passed,None,0
Q03693,B202603693,P015,2025-08-18,Dissolution,98.98,96.38,Passed,None,0
Q03694,B202503694,P018,2026-07-20,Purity,98.38,98.51,Failed,Low Potency,509
Q03695,B202603695,P005,2025-05-15,Purity,99.77,97.06,Passed,None,0
Q03696,B202503696,P016,2026-07-10,Potency,101.05,96.22,Passed,None,0
Q03697,B202603697,P009,2025-01-24,Dissolution,97.31,96.25,Passed,None,0
Q03698,B202503698,P004,2025-05-25,Assay,96.41,97.24,Failed,Dissolution Failure,470
Q03699,B202603699,P020,2025-07-01,Potency,96.76,97.07,Failed,Low Potency,763
Q03700,B202503700,P019,2025-03-12,Potency,95.97,96.05,Failed,Dissolution Failure,538
Q03701,B202603701,P006,2025-02-28,Assay,98.42,98.5,Failed,Dissolution Failure,642
Q03702,B202503702,P016,2025-06-09,Potency,98.42,95.44,Passed,None,0
Q03703,B202603703,P008,2026-05-31,Purity,95.04,95.34,Failed,High Impurity,312
Q03704,B202503704,P016,2025-05-21,Potency,96.35,96.58,Failed,Low Potency,523
Q03705,B202603705,P007,2025-06-14,Assay,97.73,96.39,Passed,None,0
Q03706,B202503706,P016,2025-11-22,Potency,94.78,96.52,Failed,Dissolution Failure,262
Q03707,B202603707,P010,2026-01-24,Assay,94.0,98.04,Failed,Dissolution Failure,967
Q03708,B202503708,P011,2025-07-17,Potency,97.46,96.37,Passed,None,0
Q03709,B202603709,P020,2025-03-21,Potency,95.42,96.41,Failed,High Impurity,587
Q03710,B202503710,P018,2025-05-16,Purity,100.76,97.67,Passed,None,0
Q03711,B202603711,P005,2026-07-02,Purity,99.48,98.57,Passed,None,0
Q03712,B202503712,P015,2025-02-24,Dissolution,93.41,95.49,Failed,High Impurity,692
Q03713,B202603713,P001,2025-02-24,Assay,99.52,96.71,Passed,None,0
Q03714,B202503714,P020,2025-02-06,Potency,101.63,98.58,Passed,None,0
Q03715,B202603715,P015,2025-03-14,Dissolution,97.42,97.52,Failed,Dissolution Failure,243
Q03716,B202503716,P018,2026-06-05,Purity,99.84,95.79,Passed,None,0
Q03717,B202603717,P010,2026-03-03,Assay,98.67,98.31,Passed,None,0
Q03718,B202503718,P004,2025-06-17,Assay,97.49,97.69,Failed,Contamination,519
Q03719,B202603719,P012,2025-06-06,Purity,100.96,97.67,Passed,None,0
Q03720,B202503720,P008,2025-07-30,Purity,101.71,98.12,Passed,None,0
Q03721,B202603721,P020,2025-07-11,Potency,97.46,95.64,Passed,None,0
Q03722,B202503722,P014,2026-08-11,Purity,97.2,97.4,Failed,Packaging Defect,174
Q03723,B202603723,P004,2026-04-22,Assay,93.21,95.67,Failed,Low Potency,625
Q03724,B202503724,P017,2026-04-27,Assay,100.8,97.91,Passed,None,0
Q03725,B202603725,P008,2025-05-08,Purity,97.08,95.14,Passed,None,0
Q03726,B202503726,P004,2026-07-20,Assay,98.74,97.1,Passed,None,0
Q03727,B202603727,P019,2025-02-25,Potency,99.69,98.83,Passed,None,0
Q03728,B202503728,P019,2026-02-13,Potency,101.04,98.08,Passed,None,0
Q03729,B202603729,P013,2025-02-17,Assay,97.56,95.97,Passed,None,0
Q03730,B202503730,P005,2025-12-20,Purity,97.46,95.89,Passed,None,0
Q03731,B202603731,P013,2026-02-08,Assay,98.92,97.33,Passed,None,0
Q03732,B202503732,P013,2025-03-04,Assay,101.72,98.2,Passed,None,0
Q03733,B202603733,P011,2025-08-07,Potency,96.11,95.77,Passed,None,0
Q03734,B202503734,P011,2025-10-08,Potency,94.77,95.26,Failed,Packaging Defect,705
Q03735,B202603735,P007,2025-02-27,Assay,98.2,98.35,Failed,High Impurity,540
Q03736,B202503736,P007,2025-07-06,Assay,96.78,96.92,Failed,High Impurity,838
Q03737,B202603737,P020,2025-06-15,Potency,99.24,96.97,Passed,None,0
Q03738,B202503738,P006,2025-09-17,Assay,92.53,96.54,Failed,Low Potency,744
Q03739,B202603739,P006,2025-12-06,Assay,90.94,95.69,Failed,Packaging Defect,507
Q03740,B202503740,P013,2025-12-04,Assay,93.47,95.89,Failed,High Impurity,296
Q03741,B202603741,P002,2025-05-06,Purity,92.35,97.22,Failed,Dissolution Failure,157
Q03742,B202503742,P004,2026-08-16,Assay,97.45,98.18,Failed,High Impurity,882
Q03743,B202603743,P002,2025-09-13,Purity,95.17,95.85,Failed,Contamination,743
Q03744,B202503744,P004,2026-03-06,Assay,100.0,98.48,Passed,None,0
Q03745,B202603745,P002,2025-02-27,Purity,99.12,96.93,Passed,None,0
Q03746,B202503746,P007,2026-08-15,Assay,98.03,95.51,Passed,None,0
Q03747,B202603747,P016,2025-10-14,Potency,97.5,95.93,Passed,None,0
Q03748,B202503748,P014,2025-05-30,Purity,96.62,95.59,Passed,None,0
Q03749,B202603749,P018,2025-06-28,Purity,97.49,95.12,Passed,None,0
Q03750,B202503750,P002,2026-05-11,Purity,98.33,95.87,Passed,None,0
Q03751,B202603751,P006,2025-07-18,Assay,100.97,97.78,Passed,None,0
Q03752,B202503752,P008,2025-11-18,Purity,103.56,98.26,Passed,None,0
Q03753,B202603753,P005,2026-06-24,Purity,100.13,98.27,Passed,None,0
Q03754,B202503754,P012,2025-01-03,Purity,93.52,95.51,Failed,Dissolution Failure,53
Q03755,B202603755,P004,2025-03-16,Assay,97.14,96.23,Passed,None,0
Q03756,B202503756,P018,2026-05-21,Purity,99.39,98.38,Passed,None,0
Q03757,B202603757,P002,2026-05-09,Purity,97.16,96.76,Passed,None,0
Q03758,B202503758,P006,2025-12-21,Assay,97.44,95.72,Passed,None,0
Q03759,B202603759,P012,2026-02-17,Purity,99.5,96.96,Passed,None,0
Q03760,B202503760,P005,2026-03-04,Purity,100.74,98.94,Passed,None,0
Q03761,B202603761,P002,2026-07-22,Purity,103.65,98.74,Passed,None,0
Q03762,B202503762,P015,2025-10-22,Dissolution,100.06,98.32,Passed,None,0
Q03763,B202603763,P016,2026-05-13,Potency,97.12,95.09,Passed,None,0
Q03764,B202503764,P014,2025-09-29,Purity,102.84,96.27,Passed,None,0
Q03765,B202603765,P010,2025-11-02,Assay,97.01,95.01,Passed,None,0
Q03766,B202503766,P015,2025-01-26,Dissolution,98.1,95.65,Passed,None,0
Q03767,B202603767,P019,2026-02-03,Potency,100.17,96.42,Passed,None,0
Q03768,B202503768,P005,2025-03-03,Purity,100.71,98.92,Passed,None,0
Q03769,B202603769,P010,2026-07-27,Assay,98.16,97.84,Passed,None,0
Q03770,B202503770,P019,2025-03-17,Potency,98.67,96.51,Passed,None,0
Q03771,B202603771,P019,2025-07-26,Potency,97.46,96.47,Passed,None,0
Q03772,B202503772,P019,2025-08-12,Potency,100.28,97.87,Passed,None,0
Q03773,B202603773,P003,2026-06-16,Dissolution,99.23,95.85,Passed,None,0
Q03774,B202503774,P019,2026-02-20,Potency,96.62,98.84,Failed,Contamination,963
Q03775,B202603775,P018,2025-10-09,Purity,99.19,98.23,Passed,None,0
Q03776,B202503776,P016,2025-05-15,Potency,95.39,96.68,Failed,High Impurity,621
Q03777,B202603777,P012,2026-06-13,Purity,101.28,98.87,Passed,None,0
Q03778,B202503778,P004,2026-01-18,Assay,101.92,98.12,Passed,None,0
Q03779,B202603779,P012,2026-06-20,Purity,95.95,96.18,Failed,High Impurity,618
Q03780,B202503780,P007,2026-07-19,Assay,97.21,95.05,Passed,None,0
Q03781,B202603781,P007,2025-02-28,Assay,96.31,95.71,Passed,None,0
Q03782,B202503782,P003,2025-02-01,Dissolution,97.57,97.71,Failed,Dissolution Failure,465
Q03783,B202603783,P002,2025-12-31,Purity,97.82,98.02,Failed,High Impurity,105
Q03784,B202503784,P015,2026-03-22,Dissolution,100.12,97.93,Passed,None,0
Q03785,B202603785,P004,2025-06-28,Assay,91.24,95.6,Failed,Dissolution Failure,108
Q03786,B202503786,P007,2025-10-16,Assay,92.29,95.21,Failed,Contamination,724
Q03787,B202603787,P007,2026-07-29,Assay,96.72,95.06,Passed,None,0
Q03788,B202503788,P004,2026-07-23,Assay,101.46,97.15,Passed,None,0
Q03789,B202603789,P004,2025-03-07,Assay,98.78,97.12,Passed,None,0
Q03790,B202503790,P013,2026-06-12,Assay,98.21,98.35,Failed,Dissolution Failure,811
Q03791,B202603791,P010,2025-06-11,Assay,92.65,97.18,Failed,Packaging Defect,555
Q03792,B202503792,P005,2025-12-04,Purity,98.21,98.28,Failed,Contamination,773
Q03793,B202603793,P014,2025-09-13,Purity,96.69,98.13,Failed,Packaging Defect,364
Q03794,B202503794,P014,2025-07-07,Purity,94.15,95.47,Failed,Contamination,813
Q03795,B202603795,P009,2025-06-21,Dissolution,99.19,95.85,Passed,None,0
Q03796,B202503796,P002,2026-06-26,Purity,97.35,97.97,Failed,Contamination,284
Q03797,B202603797,P012,2025-11-08,Purity,101.26,98.42,Passed,None,0
Q03798,B202503798,P019,2025-12-08,Potency,96.23,95.53,Passed,None,0
Q03799,B202603799,P008,2025-11-21,Purity,97.11,98.07,Failed,Contamination,858
Q03800,B202503800,P012,2026-08-04,Purity,102.09,98.17,Passed,None,0
Q03801,B202603801,P016,2026-02-24,Potency,97.15,98.07,Failed,High Impurity,977
Q03802,B202503802,P014,2026-08-16,Purity,101.41,97.55,Passed,None,0
Q03803,B202603803,P006,2025-05-30,Assay,95.88,98.18,Failed,Low Potency,972
Q03804,B202503804,P002,2025-08-07,Purity,96.97,96.07,Passed,None,0
Q03805,B202603805,P011,2025-12-05,Potency,98.3,98.85,Failed,Dissolution Failure,851
Q03806,B202503806,P011,2026-03-06,Potency,96.99,98.47,Failed,Dissolution Failure,79
Q03807,B202603807,P017,2026-07-26,Assay,98.61,95.66,Passed,None,0
Q03808,B202503808,P011,2025-09-20,Potency,96.12,95.22,Passed,None,0
Q03809,B202603809,P002,2025-12-16,Purity,98.63,95.56,Passed,None,0
Q03810,B202503810,P005,2025-10-02,Purity,95.47,95.38,Passed,None,0
Q03811,B202603811,P001,2026-01-11,Assay,97.99,97.86,Passed,None,0
Q03812,B202503812,P003,2026-02-05,Dissolution,98.69,97.93,Passed,None,0
Q03813,B202603813,P015,2025-11-22,Dissolution,99.32,97.55,Passed,None,0
Q03814,B202503814,P001,2026-04-18,Assay,95.54,95.64,Failed,Dissolution Failure,925
Q03815,B202603815,P012,2026-02-04,Purity,97.42,97.12,Passed,None,0
Q03816,B202503816,P014,2026-08-23,Purity,97.17,95.88,Passed,None,0
Q03817,B202603817,P019,2025-05-24,Potency,100.02,96.51,Passed,None,0
Q03818,B202503818,P012,2025-11-28,Purity,96.74,97.47,Failed,Low Potency,277
Q03819,B202603819,P014,2025-01-20,Purity,101.38,98.75,Passed,None,0
Q03820,B202503820,P020,2026-04-20,Potency,98.44,97.66,Passed,None,0
Q03821,B202603821,P007,2026-06-19,Assay,97.99,96.55,Passed,None,0
Q03822,B202503822,P015,2025-06-09,Dissolution,100.59,98.81,Passed,None,0
Q03823,B202603823,P016,2026-01-10,Potency,97.95,95.62,Passed,None,0
Q03824,B202503824,P013,2025-12-09,Assay,97.23,97.54,Failed,Contamination,955
Q03825,B202603825,P015,2026-03-29,Dissolution,98.42,98.06,Passed,None,0
Q03826,B202503826,P005,2025-01-18,Purity,92.5,97.38,Failed,Dissolution Failure,438
Q03827,B202603827,P010,2025-09-04,Assay,97.93,97.09,Passed,None,0
Q03828,B202503828,P017,2025-03-25,Assay,103.08,98.88,Passed,None,0
Q03829,B202603829,P007,2025-12-29,Assay,99.51,97.14,Passed,None,0
Q03830,B202503830,P016,2026-01-08,Potency,100.97,97.14,Passed,None,0
Q03831,B202603831,P007,2025-12-31,Assay,97.93,95.3,Passed,None,0
Q03832,B202503832,P014,2025-11-15,Purity,97.55,96.84,Passed,None,0
Q03833,B202603833,P007,2026-06-27,Assay,100.7,97.66,Passed,None,0
Q03834,B202503834,P016,2025-06-16,Potency,95.38,96.24,Failed,Contamination,368
Q03835,B202603835,P019,2025-07-19,Potency,101.87,97.93,Passed,None,0
Q03836,B202503836,P013,2025-06-17,Assay,96.57,95.8,Passed,None,0
Q03837,B202603837,P012,2026-05-02,Purity,98.96,98.81,Passed,None,0
Q03838,B202503838,P015,2025-08-10,Dissolution,99.79,97.46,Passed,None,0
Q03839,B202603839,P001,2026-04-27,Assay,96.16,98.22,Failed,Contamination,677
Q03840,B202503840,P019,2026-05-10,Potency,96.57,95.02,Passed,None,0
Q03841,B202603841,P014,2025-02-21,Purity,99.14,97.32,Passed,None,0
Q03842,B202503842,P016,2026-02-16,Potency,96.64,95.06,Passed,None,0
Q03843,B202603843,P012,2025-01-11,Purity,97.9,95.59,Passed,None,0
Q03844,B202503844,P019,2025-07-13,Potency,95.54,95.27,Passed,None,0
Q03845,B202603845,P016,2026-01-14,Potency,97.65,96.41,Passed,None,0
Q03846,B202503846,P020,2025-12-10,Potency,97.67,96.56,Passed,None,0
Q03847,B202603847,P001,2025-09-06,Assay,94.03,95.14,Failed,Packaging Defect,703
Q03848,B202503848,P013,2026-03-02,Assay,101.78,97.3,Passed,None,0
Q03849,B202603849,P001,2025-10-18,Assay,99.46,98.74,Passed,None,0
Q03850,B202503850,P001,2025-03-21,Assay,103.72,98.23,Passed,None,0
Q03851,B202603851,P006,2025-05-21,Assay,98.28,95.09,Passed,None,0
Q03852,B202503852,P019,2025-04-10,Potency,94.06,96.32,Failed,Packaging Defect,196
Q03853,B202603853,P001,2025-04-13,Assay,97.74,96.22,Passed,None,0
Q03854,B202503854,P016,2026-04-11,Potency,94.47,95.45,Failed,Dissolution Failure,937
Q03855,B202603855,P001,2025-10-24,Assay,99.2,95.96,Passed,None,0
Q03856,B202503856,P016,2026-06-21,Potency,99.34,97.54,Passed,None,0
Q03857,B202603857,P008,2025-11-16,Purity,97.07,97.97,Failed,Packaging Defect,193
Q03858,B202503858,P008,2025-08-25,Purity,98.78,97.13,Passed,None,0
Q03859,B202603859,P003,2025-11-20,Dissolution,100.75,98.28,Passed,None,0
Q03860,B202503860,P006,2025-11-02,Assay,97.62,96.2,Passed,None,0
Q03861,B202603861,P006,2025-06-29,Assay,96.36,97.34,Failed,Packaging Defect,725
Q03862,B202503862,P011,2025-11-28,Potency,97.49,95.6,Passed,None,0
Q03863,B202603863,P010,2026-05-28,Assay,98.0,95.87,Passed,None,0
Q03864,B202503864,P020,2025-10-31,Potency,93.66,95.78,Failed,Low Potency,511
Q03865,B202603865,P010,2025-10-02,Assay,99.99,98.61,Passed,None,0
Q03866,B202503866,P020,2025-03-10,Potency,102.09,98.84,Passed,None,0
Q03867,B202603867,P005,2025-12-19,Purity,96.75,97.68,Failed,Low Potency,402
Q03868,B202503868,P010,2026-03-08,Assay,94.68,95.93,Failed,High Impurity,928
Q03869,B202603869,P015,2025-10-16,Dissolution,99.72,98.34,Passed,None,0
Q03870,B202503870,P018,2026-03-11,Purity,94.59,95.13,Failed,Low Potency,790
Q03871,B202603871,P017,2026-02-17,Assay,98.36,96.42,Passed,None,0
Q03872,B202503872,P001,2025-05-12,Assay,96.28,95.33,Passed,None,0
Q03873,B202603873,P006,2025-09-15,Assay,100.08,98.69,Passed,None,0
Q03874,B202503874,P017,2026-02-05,Assay,98.93,96.75,Passed,None,0
Q03875,B202603875,P007,2025-04-30,Assay,99.46,98.35,Passed,None,0
Q03876,B202503876,P007,2026-06-14,Assay,99.45,96.89,Passed,None,0
Q03877,B202603877,P009,2025-10-16,Dissolution,103.75,98.31,Passed,None,0
Q03878,B202503878,P015,2025-03-25,Dissolution,97.75,97.65,Passed,None,0
Q03879,B202603879,P005,2025-12-30,Purity,93.21,96.57,Failed,High Impurity,774
Q03880,B202503880,P009,2026-07-28,Dissolution,98.8,96.01,Passed,None,0
Q03881,B202603881,P012,2026-04-25,Purity,98.66,95.9,Passed,None,0
Q03882,B202503882,P013,2025-01-26,Assay,95.71,97.77,Failed,Low Potency,790
Q03883,B202603883,P003,2026-06-11,Dissolution,99.15,98.1,Passed,None,0
Q03884,B202503884,P011,2026-04-10,Potency,97.53,98.73,Failed,Packaging Defect,898
Q03885,B202603885,P012,2026-07-12,Purity,99.88,97.23,Passed,None,0
Q03886,B202503886,P004,2025-01-15,Assay,97.62,97.01,Passed,None,0
Q03887,B202603887,P019,2025-06-06,Potency,97.57,95.46,Passed,None,0
Q03888,B202503888,P020,2025-06-18,Potency,95.3,96.56,Failed,Contamination,560
Q03889,B202603889,P003,2026-02-26,Dissolution,98.89,97.79,Passed,None,0
Q03890,B202503890,P018,2025-03-14,Purity,94.98,96.75,Failed,Dissolution Failure,472
Q03891,B202603891,P004,2025-02-27,Assay,97.03,96.21,Passed,None,0
Q03892,B202503892,P008,2025-03-07,Purity,93.01,95.79,Failed,Packaging Defect,460
Q03893,B202603893,P017,2025-03-01,Assay,94.63,95.87,Failed,Contamination,577
Q03894,B202503894,P014,2025-08-01,Purity,99.89,96.21,Passed,None,0
Q03895,B202603895,P020,2026-04-15,Potency,96.62,95.98,Passed,None,0
Q03896,B202503896,P006,2025-08-05,Assay,95.28,97.14,Failed,Dissolution Failure,754
Q03897,B202603897,P010,2026-07-13,Assay,96.67,97.67,Failed,Dissolution Failure,351
Q03898,B202503898,P003,2026-08-23,Dissolution,100.33,97.36,Passed,None,0
Q03899,B202603899,P013,2026-02-14,Assay,97.5,97.66,Failed,Dissolution Failure,301
Q03900,B202503900,P004,2025-10-24,Assay,95.08,96.83,Failed,Dissolution Failure,735
Q03901,B202603901,P001,2025-03-24,Assay,98.26,97.96,Passed,None,0
Q03902,B202503902,P019,2026-02-15,Potency,95.6,95.62,Failed,High Impurity,154
Q03903,B202603903,P001,2025-04-10,Assay,95.12,95.52,Failed,Contamination,681
Q03904,B202503904,P019,2026-02-12,Potency,97.02,97.45,Failed,Contamination,902
Q03905,B202603905,P006,2026-07-26,Assay,97.54,98.07,Failed,Packaging Defect,868
Q03906,B202503906,P005,2026-06-08,Purity,97.95,96.81,Passed,None,0
Q03907,B202603907,P009,2026-03-21,Dissolution,97.15,97.63,Failed,Dissolution Failure,76
Q03908,B202503908,P013,2025-07-22,Assay,95.59,96.67,Failed,Packaging Defect,512
Q03909,B202603909,P009,2025-08-17,Dissolution,103.5,98.94,Passed,None,0
Q03910,B202503910,P010,2025-10-12,Assay,97.21,96.03,Passed,None,0
Q03911,B202603911,P013,2025-01-02,Assay,99.74,98.09,Passed,None,0
Q03912,B202503912,P015,2025-06-13,Dissolution,100.37,96.27,Passed,None,0
Q03913,B202603913,P001,2025-05-31,Assay,99.22,97.1,Passed,None,0
Q03914,B202503914,P005,2026-02-22,Purity,97.57,96.89,Passed,None,0
Q03915,B202603915,P009,2026-04-04,Dissolution,95.57,95.15,Passed,None,0
Q03916,B202503916,P012,2026-01-02,Purity,99.0,98.44,Passed,None,0
Q03917,B202603917,P006,2026-03-08,Assay,95.86,95.93,Failed,High Impurity,189
Q03918,B202503918,P003,2025-03-16,Dissolution,96.13,95.97,Passed,None,0
Q03919,B202603919,P013,2026-08-09,Assay,96.35,96.68,Failed,Low Potency,267
Q03920,B202503920,P012,2026-05-04,Purity,97.65,97.45,Passed,None,0
Q03921,B202603921,P011,2025-06-28,Potency,97.15,97.36,Failed,Contamination,994
Q03922,B202503922,P010,2025-10-24,Assay,101.63,98.12,Passed,None,0
Q03923,B202603923,P001,2026-06-11,Assay,97.71,95.72,Passed,None,0
Q03924,B202503924,P001,2026-08-19,Assay,96.91,97.25,Failed,Contamination,731
Q03925,B202603925,P014,2025-06-07,Purity,98.91,98.64,Passed,None,0
Q03926,B202503926,P012,2026-07-18,Purity,97.5,95.73,Passed,None,0
Q03927,B202603927,P015,2026-08-04,Dissolution,100.23,97.8,Passed,None,0
Q03928,B202503928,P010,2026-07-14,Assay,97.35,98.65,Failed,Low Potency,238
Q03929,B202603929,P006,2026-03-26,Assay,98.12,96.85,Passed,None,0
Q03930,B202503930,P008,2026-03-29,Purity,100.56,98.65,Passed,None,0
Q03931,B202603931,P018,2026-07-30,Purity,100.36,96.69,Passed,None,0
Q03932,B202503932,P011,2026-05-05,Potency,97.06,98.84,Failed,High Impurity,912
Q03933,B202603933,P013,2026-03-08,Assay,98.75,95.71,Passed,None,0
Q03934,B202503934,P005,2026-03-04,Purity,95.67,98.29,Failed,High Impurity,664
Q03935,B202603935,P008,2026-08-21,Purity,96.77,96.18,Passed,None,0
Q03936,B202503936,P019,2025-05-30,Potency,98.23,95.63,Passed,None,0
Q03937,B202603937,P006,2026-04-26,Assay,95.51,98.46,Failed,Dissolution Failure,651
Q03938,B202503938,P010,2025-03-28,Assay,97.88,95.62,Passed,None,0
Q03939,B202603939,P016,2025-07-01,Potency,98.03,97.09,Passed,None,0
Q03940,B202503940,P005,2025-06-27,Purity,94.43,95.86,Failed,Contamination,101
Q03941,B202603941,P002,2026-07-31,Purity,91.28,95.0,Failed,High Impurity,434
Q03942,B202503942,P006,2025-05-06,Assay,100.17,98.12,Passed,None,0
Q03943,B202603943,P005,2025-07-18,Purity,101.19,98.72,Passed,None,0
Q03944,B202503944,P015,2025-07-18,Dissolution,100.22,96.93,Passed,None,0
Q03945,B202603945,P012,2025-09-12,Purity,97.37,98.03,Failed,Packaging Defect,518
Q03946,B202503946,P015,2025-11-07,Dissolution,99.02,96.8,Passed,None,0
Q03947,B202603947,P016,2025-04-25,Potency,101.34,98.97,Passed,None,0
Q03948,B202503948,P007,2025-01-20,Assay,100.17,97.76,Passed,None,0
Q03949,B202603949,P007,2025-06-18,Assay,92.13,95.13,Failed,Contamination,552
Q03950,B202503950,P009,2025-05-11,Dissolution,100.57,98.49,Passed,None,0
Q03951,B202603951,P020,2025-10-19,Potency,96.7,96.61,Passed,None,0
Q03952,B202503952,P003,2026-02-03,Dissolution,100.76,98.66,Passed,None,0
Q03953,B202603953,P008,2026-02-22,Purity,94.39,97.46,Failed,Packaging Defect,674
Q03954,B202503954,P011,2025-07-20,Potency,102.18,98.39,Passed,None,0
Q03955,B202603955,P001,2025-06-23,Assay,100.84,98.03,Passed,None,0
Q03956,B202503956,P004,2026-06-29,Assay,94.89,95.17,Failed,Low Potency,832
Q03957,B202603957,P001,2025-08-25,Assay,95.44,95.33,Passed,None,0
Q03958,B202503958,P020,2026-06-21,Potency,96.21,95.91,Passed,None,0
Q03959,B202603959,P001,2025-08-08,Assay,95.4,96.58,Failed,Packaging Defect,166
Q03960,B202503960,P004,2025-03-17,Assay,99.41,98.25,Passed,None,0
Q03961,B202603961,P014,2026-05-20,Purity,97.7,96.42,Passed,None,0
Q03962,B202503962,P019,2025-07-07,Potency,95.7,97.15,Failed,Contamination,174
Q03963,B202603963,P002,2026-08-22,Purity,98.39,98.76,Failed,High Impurity,176
Q03964,B202503964,P006,2026-02-06,Assay,98.87,98.34,Passed,None,0
Q03965,B202603965,P004,2026-01-06,Assay,98.35,98.34,Passed,None,0
Q03966,B202503966,P007,2026-03-09,Assay,95.78,95.59,Passed,None,0
Q03967,B202603967,P013,2026-06-03,Assay,95.83,95.09,Passed,None,0
Q03968,B202503968,P009,2026-07-11,Dissolution,99.03,98.94,Passed,None,0
Q03969,B202603969,P006,2025-04-14,Assay,96.22,98.3,Failed,High Impurity,267
Q03970,B202503970,P008,2026-07-29,Purity,98.99,97.64,Passed,None,0
Q03971,B202603971,P018,2025-05-11,Purity,97.76,96.65,Passed,None,0
Q03972,B202503972,P005,2026-01-16,Purity,94.69,95.44,Failed,High Impurity,628
Q03973,B202603973,P020,2025-08-15,Potency,98.37,97.85,Passed,None,0
Q03974,B202503974,P017,2026-01-21,Assay,99.68,98.54,Passed,None,0
Q03975,B202603975,P016,2026-07-30,Potency,99.43,96.42,Passed,None,0
Q03976,B202503976,P013,2026-06-22,Assay,99.51,95.26,Passed,None,0
Q03977,B202603977,P008,2025-12-30,Purity,98.07,95.77,Passed,None,0
Q03978,B202503978,P019,2026-08-04,Potency,98.93,98.02,Passed,None,0
Q03979,B202603979,P006,2025-02-10,Assay,98.51,97.13,Passed,None,0
Q03980,B202503980,P014,2025-03-18,Purity,99.2,98.48,Passed,None,0
Q03981,B202603981,P012,2026-07-08,Purity,98.64,95.62,Passed,None,0
Q03982,B202503982,P001,2026-07-21,Assay,98.57,97.55,Passed,None,0
Q03983,B202603983,P013,2026-04-24,Assay,97.75,96.29,Passed,None,0
Q03984,B202503984,P006,2025-12-28,Assay,98.72,96.03,Passed,None,0
Q03985,B202603985,P012,2025-10-16,Purity,101.97,99.0,Passed,None,0
Q03986,B202503986,P006,2026-08-07,Assay,97.2,97.1,Passed,None,0
Q03987,B202603987,P012,2025-12-01,Purity,94.43,95.84,Failed,High Impurity,228
Q03988,B202503988,P012,2025-06-29,Purity,95.67,96.62,Failed,High Impurity,427
Q03989,B202603989,P015,2026-01-17,Dissolution,100.93,97.34,Passed,None,0
Q03990,B202503990,P011,2025-11-06,Potency,100.43,97.41,Passed,None,0
Q03991,B202603991,P016,2026-02-02,Potency,100.61,96.67,Passed,None,0
Q03992,B202503992,P013,2025-12-10,Assay,98.18,96.17,Passed,None,0
Q03993,B202603993,P013,2025-11-05,Assay,91.65,95.87,Failed,Dissolution Failure,360
Q03994,B202503994,P009,2025-04-07,Dissolution,97.02,96.88,Passed,None,0
Q03995,B202603995,P008,2026-07-01,Purity,99.46,97.26,Passed,None,0
Q03996,B202503996,P004,2025-12-18,Assay,99.65,96.23,Passed,None,0
Q03997,B202603997,P007,2026-05-19,Assay,96.56,96.08,Passed,None,0
Q03998,B202503998,P020,2025-02-27,Potency,94.75,98.62,Failed,Packaging Defect,894
Q03999,B202603999,P003,2025-01-09,Dissolution,100.04,96.26,Passed,None,0
Q04000,B202504000,P011,2026-07-31,Potency,98.61,97.17,Passed,None,0
Q04001,B202604001,P019,2025-04-14,Potency,96.04,95.4,Passed,None,0
Q04002,B202504002,P002,2025-01-21,Purity,92.89,97.49,Failed,Packaging Defect,953
Q04003,B202604003,P007,2025-02-22,Assay,97.21,95.62,Passed,None,0
Q04004,B202504004,P002,2026-01-25,Purity,95.56,95.75,Failed,Packaging Defect,626
Q04005,B202604005,P012,2026-07-25,Purity,98.13,97.12,Passed,None,0
Q04006,B202504006,P004,2026-08-09,Assay,99.13,96.05,Passed,None,0
Q04007,B202604007,P005,2026-08-19,Purity,98.04,96.59,Passed,None,0
Q04008,B202504008,P006,2025-08-22,Assay,95.48,95.64,Failed,Dissolution Failure,521
Q04009,B202604009,P013,2026-02-15,Assay,98.11,95.2,Passed,None,0
Q04010,B202504010,P017,2025-08-10,Assay,94.73,96.63,Failed,High Impurity,272
Q04011,B202604011,P015,2026-02-10,Dissolution,99.06,97.39,Passed,None,0
Q04012,B202504012,P001,2025-08-06,Assay,101.83,98.56,Passed,None,0
Q04013,B202604013,P013,2025-06-11,Assay,100.46,98.27,Passed,None,0
Q04014,B202504014,P009,2026-04-27,Dissolution,97.95,98.69,Failed,Low Potency,104
Q04015,B202604015,P020,2025-09-01,Potency,95.98,95.71,Passed,None,0
Q04016,B202504016,P009,2025-02-15,Dissolution,98.32,96.11,Passed,None,0
Q04017,B202604017,P004,2025-11-08,Assay,96.04,95.3,Passed,None,0
Q04018,B202504018,P020,2026-05-23,Potency,100.04,96.19,Passed,None,0
Q04019,B202604019,P015,2026-08-02,Dissolution,96.75,96.15,Passed,None,0
Q04020,B202504020,P015,2026-01-11,Dissolution,100.5,98.05,Passed,None,0
Q04021,B202604021,P015,2026-04-28,Dissolution,99.12,95.47,Passed,None,0
Q04022,B202504022,P013,2025-04-29,Assay,100.69,96.57,Passed,None,0
Q04023,B202604023,P009,2026-01-17,Dissolution,99.49,96.75,Passed,None,0
Q04024,B202504024,P006,2026-04-26,Assay,101.12,96.97,Passed,None,0
Q04025,B202604025,P018,2026-03-24,Purity,96.93,95.86,Passed,None,0
Q04026,B202504026,P018,2025-03-22,Purity,96.79,97.01,Failed,Low Potency,831
Q04027,B202604027,P013,2026-02-10,Assay,95.44,96.61,Failed,High Impurity,301
Q04028,B202504028,P013,2025-08-11,Assay,97.98,95.03,Passed,None,0
Q04029,B202604029,P012,2026-08-23,Purity,97.5,96.88,Passed,None,0
Q04030,B202504030,P010,2026-01-31,Assay,98.87,97.08,Passed,None,0
Q04031,B202604031,P011,2025-08-31,Potency,98.49,96.98,Passed,None,0
Q04032,B202504032,P011,2026-08-04,Potency,97.1,96.7,Passed,None,0
Q04033,B202604033,P008,2026-06-16,Purity,97.1,97.43,Failed,Contamination,710
Q04034,B202504034,P001,2026-08-21,Assay,99.08,96.79,Passed,None,0
Q04035,B202604035,P001,2025-06-16,Assay,98.62,97.75,Passed,None,0
Q04036,B202504036,P018,2026-08-07,Purity,93.82,97.59,Failed,Dissolution Failure,204
Q04037,B202604037,P011,2025-04-10,Potency,103.2,97.99,Passed,None,0
Q04038,B202504038,P007,2025-07-01,Assay,102.6,97.41,Passed,None,0
Q04039,B202604039,P002,2025-02-21,Purity,103.6,98.95,Passed,None,0
Q04040,B202504040,P005,2026-01-04,Purity,97.48,98.28,Failed,High Impurity,832
Q04041,B202604041,P019,2026-05-22,Potency,100.49,95.65,Passed,None,0
Q04042,B202504042,P020,2025-01-14,Potency,98.28,97.04,Passed,None,0
Q04043,B202604043,P007,2025-12-16,Assay,92.99,95.28,Failed,High Impurity,412
Q04044,B202504044,P018,2026-07-23,Purity,96.98,95.45,Passed,None,0
Q04045,B202604045,P004,2025-10-22,Assay,102.09,98.23,Passed,None,0
Q04046,B202504046,P008,2025-11-21,Purity,99.09,97.65,Passed,None,0
Q04047,B202604047,P003,2026-04-01,Dissolution,101.94,98.45,Passed,None,0
Q04048,B202504048,P011,2026-01-16,Potency,99.23,98.65,Passed,None,0
Q04049,B202604049,P014,2025-09-19,Purity,97.0,98.53,Failed,High Impurity,795
Q04050,B202504050,P015,2026-06-02,Dissolution,99.83,95.99,Passed,None,0
Q04051,B202604051,P011,2025-03-18,Potency,99.79,96.78,Passed,None,0
Q04052,B202504052,P003,2025-02-28,Dissolution,101.52,98.26,Passed,None,0
Q04053,B202604053,P009,2026-05-15,Dissolution,97.97,97.54,Passed,None,0
Q04054,B202504054,P015,2025-01-16,Dissolution,95.14,98.78,Failed,Dissolution Failure,502
Q04055,B202604055,P012,2025-08-16,Purity,95.59,95.16,Passed,None,0
Q04056,B202504056,P005,2025-08-15,Purity,99.55,96.55,Passed,None,0
Q04057,B202604057,P020,2025-09-28,Potency,99.12,96.56,Passed,None,0
Q04058,B202504058,P006,2025-06-30,Assay,98.47,96.43,Passed,None,0
Q04059,B202604059,P019,2025-10-13,Potency,100.95,96.29,Passed,None,0
Q04060,B202504060,P016,2026-03-22,Potency,99.17,97.22,Passed,None,0
Q04061,B202604061,P008,2025-06-02,Purity,96.82,95.19,Passed,None,0
Q04062,B202504062,P002,2026-01-04,Purity,94.96,95.48,Failed,Contamination,350
Q04063,B202604063,P016,2026-08-16,Potency,100.08,98.85,Passed,None,0
Q04064,B202504064,P008,2026-07-16,Purity,96.51,96.2,Passed,None,0
Q04065,B202604065,P017,2025-11-04,Assay,99.29,96.65,Passed,None,0
Q04066,B202504066,P010,2025-01-12,Assay,101.88,98.48,Passed,None,0
Q04067,B202604067,P002,2026-05-10,Purity,99.17,95.07,Passed,None,0
Q04068,B202504068,P020,2025-08-12,Potency,94.47,95.96,Failed,Packaging Defect,892
Q04069,B202604069,P012,2025-10-29,Purity,95.54,95.18,Passed,None,0
Q04070,B202504070,P001,2025-10-28,Assay,98.02,97.14,Passed,None,0
Q04071,B202604071,P008,2025-06-03,Purity,98.85,96.24,Passed,None,0
Q04072,B202504072,P020,2025-10-12,Potency,101.92,98.19,Passed,None,0
Q04073,B202604073,P020,2025-03-20,Potency,98.36,97.0,Passed,None,0
Q04074,B202504074,P016,2026-08-01,Potency,96.47,96.37,Passed,None,0
Q04075,B202604075,P012,2025-03-11,Purity,98.67,98.44,Passed,None,0
Q04076,B202504076,P007,2026-04-03,Assay,93.92,97.46,Failed,Contamination,675
Q04077,B202604077,P011,2025-12-17,Potency,97.38,96.44,Passed,None,0
Q04078,B202504078,P014,2025-12-07,Purity,100.98,98.81,Passed,None,0
Q04079,B202604079,P020,2025-02-06,Potency,98.94,98.86,Passed,None,0
Q04080,B202504080,P004,2026-05-18,Assay,99.13,98.17,Passed,None,0
Q04081,B202604081,P017,2025-12-11,Assay,101.68,97.46,Passed,None,0
Q04082,B202504082,P018,2025-03-27,Purity,98.99,98.08,Passed,None,0
Q04083,B202604083,P013,2026-06-13,Assay,97.92,95.58,Passed,None,0
Q04084,B202504084,P020,2025-10-28,Potency,94.66,95.12,Failed,Dissolution Failure,889
Q04085,B202604085,P008,2026-07-11,Purity,96.07,95.85,Passed,None,0
Q04086,B202504086,P010,2026-06-12,Assay,95.36,95.11,Passed,None,0
Q04087,B202604087,P007,2026-01-09,Assay,101.81,97.18,Passed,None,0
Q04088,B202504088,P017,2025-10-22,Assay,100.11,96.64,Passed,None,0
Q04089,B202604089,P016,2025-06-04,Potency,99.38,97.5,Passed,None,0
Q04090,B202504090,P008,2025-11-01,Purity,97.96,96.01,Passed,None,0
Q04091,B202604091,P012,2026-02-12,Purity,99.99,97.91,Passed,None,0
Q04092,B202504092,P019,2025-12-11,Potency,100.33,96.21,Passed,None,0
Q04093,B202604093,P012,2026-02-27,Purity,97.01,96.28,Passed,None,0
Q04094,B202504094,P007,2025-06-25,Assay,99.07,95.63,Passed,None,0
Q04095,B202604095,P008,2025-01-24,Purity,99.8,97.71,Passed,None,0
Q04096,B202504096,P001,2025-03-07,Assay,94.68,95.25,Failed,Contamination,488
Q04097,B202604097,P007,2026-03-11,Assay,96.38,97.11,Failed,Low Potency,742
Q04098,B202504098,P011,2026-04-28,Potency,102.64,98.09,Passed,None,0
Q04099,B202604099,P018,2025-05-15,Purity,96.22,96.95,Failed,Contamination,763
Q04100,B202504100,P007,2026-08-17,Assay,96.18,95.66,Passed,None,0
Q04101,B202604101,P013,2025-07-18,Assay,97.36,96.79,Passed,None,0
Q04102,B202504102,P003,2026-06-06,Dissolution,100.35,97.28,Passed,None,0
Q04103,B202604103,P012,2025-06-17,Purity,100.23,96.09,Passed,None,0
Q04104,B202504104,P008,2025-01-13,Purity,104.45,98.12,Passed,None,0
Q04105,B202604105,P020,2025-08-04,Potency,95.61,96.12,Failed,Contamination,885
Q04106,B202504106,P018,2025-07-11,Purity,94.3,95.42,Failed,High Impurity,406
Q04107,B202604107,P005,2025-10-05,Purity,100.02,95.86,Passed,None,0
Q04108,B202504108,P001,2025-12-15,Assay,99.54,98.77,Passed,None,0
Q04109,B202604109,P005,2025-03-08,Purity,97.09,95.94,Passed,None,0
Q04110,B202504110,P004,2025-07-15,Assay,98.98,97.09,Passed,None,0
Q04111,B202604111,P002,2025-08-29,Purity,94.86,97.02,Failed,Low Potency,681
Q04112,B202504112,P003,2025-05-21,Dissolution,98.73,97.41,Passed,None,0
Q04113,B202604113,P005,2025-10-25,Purity,99.96,98.47,Passed,None,0
Q04114,B202504114,P008,2026-01-02,Purity,98.1,97.85,Passed,None,0
Q04115,B202604115,P020,2026-08-02,Potency,99.48,97.88,Passed,None,0
Q04116,B202504116,P017,2026-02-26,Assay,100.78,97.04,Passed,None,0
Q04117,B202604117,P001,2025-09-02,Assay,96.76,95.68,Passed,None,0
Q04118,B202504118,P009,2025-03-09,Dissolution,97.26,97.96,Failed,Packaging Defect,830
Q04119,B202604119,P014,2025-11-03,Purity,98.97,97.35,Passed,None,0
Q04120,B202504120,P015,2025-11-09,Dissolution,97.26,95.32,Passed,None,0
Q04121,B202604121,P005,2026-07-27,Purity,99.91,95.49,Passed,None,0
Q04122,B202504122,P008,2026-07-29,Purity,98.57,96.85,Passed,None,0
Q04123,B202604123,P017,2025-08-20,Assay,96.72,95.8,Passed,None,0
Q04124,B202504124,P006,2025-03-23,Assay,96.6,98.2,Failed,Packaging Defect,95
Q04125,B202604125,P001,2025-09-03,Assay,97.28,96.58,Passed,None,0
Q04126,B202504126,P006,2025-10-03,Assay,97.95,98.59,Failed,Low Potency,497
Q04127,B202604127,P014,2026-04-23,Purity,101.18,98.07,Passed,None,0
Q04128,B202504128,P018,2026-05-11,Purity,98.35,96.15,Passed,None,0
Q04129,B202604129,P016,2026-04-17,Potency,101.18,98.53,Passed,None,0
Q04130,B202504130,P002,2026-07-16,Purity,98.21,95.07,Passed,None,0
Q04131,B202604131,P018,2025-09-13,Purity,100.91,97.67,Passed,None,0
Q04132,B202504132,P013,2025-11-30,Assay,99.04,97.98,Passed,None,0
Q04133,B202604133,P020,2025-10-04,Potency,97.9,97.29,Passed,None,0
Q04134,B202504134,P004,2026-06-05,Assay,98.49,97.91,Passed,None,0
Q04135,B202604135,P003,2025-08-12,Dissolution,96.77,95.19,Passed,None,0
Q04136,B202504136,P008,2025-06-18,Purity,98.9,98.57,Passed,None,0
Q04137,B202604137,P013,2026-07-04,Assay,98.89,98.36,Passed,None,0
Q04138,B202504138,P017,2026-08-21,Assay,99.32,97.82,Passed,None,0
Q04139,B202604139,P003,2025-10-25,Dissolution,96.66,95.72,Passed,None,0
Q04140,B202504140,P015,2025-07-18,Dissolution,98.1,97.17,Passed,None,0
Q04141,B202604141,P016,2026-03-12,Potency,95.28,96.76,Failed,Dissolution Failure,543
Q04142,B202504142,P013,2026-03-22,Assay,97.05,98.11,Failed,Dissolution Failure,969
Q04143,B202604143,P005,2026-07-24,Purity,97.88,95.14,Passed,None,0
Q04144,B202504144,P004,2025-12-06,Assay,99.7,95.63,Passed,None,0
Q04145,B202604145,P010,2025-12-29,Assay,98.02,97.77,Passed,None,0
Q04146,B202504146,P011,2026-07-19,Potency,100.18,96.0,Passed,None,0
Q04147,B202604147,P009,2026-04-01,Dissolution,97.25,95.06,Passed,None,0
Q04148,B202504148,P019,2025-03-05,Potency,100.29,97.78,Passed,None,0
Q04149,B202604149,P019,2025-09-13,Potency,96.94,97.37,Failed,Low Potency,112
Q04150,B202504150,P019,2025-08-25,Potency,96.69,96.98,Failed,Packaging Defect,846
Q04151,B202604151,P002,2026-06-22,Purity,95.09,97.37,Failed,High Impurity,229
Q04152,B202504152,P011,2026-04-04,Potency,94.65,95.07,Failed,Low Potency,750
Q04153,B202604153,P013,2025-01-02,Assay,98.23,97.91,Passed,None,0
Q04154,B202504154,P012,2025-10-24,Purity,97.74,96.39,Passed,None,0
Q04155,B202604155,P005,2025-05-26,Purity,96.9,95.8,Passed,None,0
Q04156,B202504156,P009,2026-03-28,Dissolution,101.37,98.12,Passed,None,0
Q04157,B202604157,P012,2025-12-01,Purity,98.04,97.94,Passed,None,0
Q04158,B202504158,P010,2026-07-27,Assay,95.41,98.49,Failed,Packaging Defect,424
Q04159,B202604159,P017,2026-03-11,Assay,97.95,95.48,Passed,None,0
Q04160,B202504160,P013,2025-12-18,Assay,96.62,98.34,Failed,High Impurity,622
Q04161,B202604161,P012,2026-07-12,Purity,98.01,98.43,Failed,Contamination,888
Q04162,B202504162,P012,2025-08-10,Purity,97.71,96.39,Passed,None,0
Q04163,B202604163,P010,2025-04-07,Assay,98.58,98.69,Failed,Contamination,284
Q04164,B202504164,P007,2026-03-26,Assay,101.3,98.4,Passed,None,0
Q04165,B202604165,P019,2025-01-04,Potency,100.78,98.71,Passed,None,0
Q04166,B202504166,P001,2025-04-10,Assay,97.11,96.4,Passed,None,0
Q04167,B202604167,P007,2026-02-18,Assay,96.54,97.47,Failed,Low Potency,790
Q04168,B202504168,P018,2025-11-02,Purity,92.92,96.58,Failed,High Impurity,957
Q04169,B202604169,P013,2025-07-27,Assay,99.24,96.58,Passed,None,0
Q04170,B202504170,P009,2026-04-05,Dissolution,98.37,96.37,Passed,None,0
Q04171,B202604171,P006,2025-04-09,Assay,97.53,97.46,Passed,None,0
Q04172,B202504172,P004,2025-08-17,Assay,100.53,98.62,Passed,None,0
Q04173,B202604173,P004,2025-02-01,Assay,97.27,98.02,Failed,High Impurity,916
Q04174,B202504174,P008,2025-01-01,Purity,100.15,95.52,Passed,None,0
Q04175,B202604175,P016,2026-05-05,Potency,98.26,97.7,Passed,None,0
Q04176,B202504176,P002,2026-01-24,Purity,93.17,95.64,Failed,Contamination,156
Q04177,B202604177,P006,2025-08-24,Assay,101.95,97.05,Passed,None,0
Q04178,B202504178,P013,2026-02-05,Assay,98.27,97.29,Passed,None,0
Q04179,B202604179,P009,2026-07-31,Dissolution,100.98,95.9,Passed,None,0
Q04180,B202504180,P014,2025-05-19,Purity,101.22,97.97,Passed,None,0
Q04181,B202604181,P001,2025-05-10,Assay,95.54,95.18,Passed,None,0
Q04182,B202504182,P006,2025-10-12,Assay,93.46,96.72,Failed,Low Potency,741
Q04183,B202604183,P001,2026-06-22,Assay,96.53,96.14,Passed,None,0
Q04184,B202504184,P004,2026-07-05,Assay,97.37,95.47,Passed,None,0
Q04185,B202604185,P011,2025-02-15,Potency,96.69,97.39,Failed,Packaging Defect,514
Q04186,B202504186,P020,2025-03-24,Potency,97.33,95.91,Passed,None,0
Q04187,B202604187,P011,2025-01-07,Potency,99.65,95.72,Passed,None,0
Q04188,B202504188,P006,2025-07-18,Assay,96.4,97.21,Failed,Low Potency,365
Q04189,B202604189,P019,2025-09-29,Potency,97.59,97.83,Failed,Dissolution Failure,702
Q04190,B202504190,P008,2025-10-11,Purity,99.49,98.6,Passed,None,0
Q04191,B202604191,P019,2025-09-17,Potency,100.59,98.14,Passed,None,0
Q04192,B202504192,P001,2025-07-14,Assay,99.7,98.57,Passed,None,0
Q04193,B202604193,P006,2026-05-06,Assay,96.45,96.83,Failed,Dissolution Failure,668
Q04194,B202504194,P020,2025-12-19,Potency,94.93,95.25,Failed,Dissolution Failure,284
Q04195,B202604195,P010,2025-04-02,Assay,99.25,95.84,Passed,None,0
Q04196,B202504196,P007,2025-03-11,Assay,91.03,95.17,Failed,High Impurity,996
Q04197,B202604197,P019,2026-04-17,Potency,99.86,97.17,Passed,None,0
Q04198,B202504198,P002,2025-09-18,Purity,98.63,97.4,Passed,None,0
Q04199,B202604199,P007,2026-08-10,Assay,99.42,97.63,Passed,None,0
Q04200,B202504200,P019,2025-07-16,Potency,99.73,98.98,Passed,None,0
Q04201,B202604201,P007,2026-06-09,Assay,94.96,95.87,Failed,Low Potency,386
Q04202,B202504202,P017,2025-09-09,Assay,100.73,96.31,Passed,None,0
Q04203,B202604203,P015,2025-10-12,Dissolution,95.19,95.44,Failed,High Impurity,625
Q04204,B202504204,P019,2026-03-26,Potency,98.39,95.3,Passed,None,0
Q04205,B202604205,P015,2025-12-26,Dissolution,101.33,97.93,Passed,None,0
Q04206,B202504206,P008,2025-12-10,Purity,98.05,97.14,Passed,None,0
Q04207,B202604207,P009,2026-08-05,Dissolution,97.87,96.38,Passed,None,0
Q04208,B202504208,P020,2026-01-21,Potency,98.94,95.16,Passed,None,0
Q04209,B202604209,P002,2026-06-28,Purity,97.69,97.09,Passed,None,0
Q04210,B202504210,P005,2025-05-26,Purity,96.02,96.99,Failed,Dissolution Failure,870
Q04211,B202604211,P011,2025-10-20,Potency,91.63,96.53,Failed,Dissolution Failure,352
Q04212,B202504212,P012,2025-08-10,Purity,100.14,98.02,Passed,None,0
Q04213,B202604213,P014,2026-02-04,Purity,98.42,97.83,Passed,None,0
Q04214,B202504214,P001,2025-04-18,Assay,95.18,95.35,Failed,High Impurity,81
Q04215,B202604215,P010,2025-12-06,Assay,95.52,97.25,Failed,Contamination,752
Q04216,B202504216,P004,2025-02-19,Assay,99.08,96.17,Passed,None,0
Q04217,B202604217,P019,2026-04-24,Potency,96.75,95.64,Passed,None,0
Q04218,B202504218,P006,2025-07-09,Assay,98.73,98.54,Passed,None,0
Q04219,B202604219,P001,2026-01-10,Assay,99.42,97.01,Passed,None,0
Q04220,B202504220,P016,2026-07-09,Potency,96.91,97.12,Failed,Dissolution Failure,621
Q04221,B202604221,P006,2026-01-08,Assay,99.17,97.4,Passed,None,0
Q04222,B202504222,P016,2026-02-19,Potency,97.59,96.94,Passed,None,0
Q04223,B202604223,P001,2025-06-09,Assay,96.68,95.6,Passed,None,0
Q04224,B202504224,P015,2025-10-08,Dissolution,99.76,97.8,Passed,None,0
Q04225,B202604225,P008,2025-07-30,Purity,99.65,95.3,Passed,None,0
Q04226,B202504226,P003,2026-02-10,Dissolution,99.19,96.81,Passed,None,0
Q04227,B202604227,P020,2026-04-23,Potency,100.45,96.69,Passed,None,0
Q04228,B202504228,P014,2025-09-02,Purity,100.81,97.63,Passed,None,0
Q04229,B202604229,P003,2025-08-20,Dissolution,98.69,95.6,Passed,None,0
Q04230,B202504230,P006,2026-04-09,Assay,96.53,95.19,Passed,None,0
Q04231,B202604231,P005,2025-05-01,Purity,96.57,98.1,Failed,Dissolution Failure,413
Q04232,B202504232,P009,2026-03-01,Dissolution,98.56,98.61,Failed,High Impurity,58
Q04233,B202604233,P002,2026-05-01,Purity,98.0,96.0,Passed,None,0
Q04234,B202504234,P006,2025-08-08,Assay,93.66,97.08,Failed,Packaging Defect,618
Q04235,B202604235,P008,2025-04-12,Purity,99.18,97.64,Passed,None,0
Q04236,B202504236,P001,2025-09-05,Assay,98.32,95.29,Passed,None,0
Q04237,B202604237,P019,2025-02-11,Potency,97.19,98.24,Failed,Low Potency,784
Q04238,B202504238,P005,2025-01-01,Purity,99.81,98.11,Passed,None,0
Q04239,B202604239,P013,2026-07-16,Assay,97.29,98.47,Failed,Dissolution Failure,343
Q04240,B202504240,P010,2025-03-18,Assay,97.48,98.19,Failed,Dissolution Failure,559
Q04241,B202604241,P004,2025-02-25,Assay,96.16,97.29,Failed,High Impurity,724
Q04242,B202504242,P002,2025-03-21,Purity,97.46,95.72,Passed,None,0
Q04243,B202604243,P006,2025-11-09,Assay,100.42,98.71,Passed,None,0
Q04244,B202504244,P006,2025-05-25,Assay,97.47,97.28,Passed,None,0
Q04245,B202604245,P020,2025-02-12,Potency,97.44,97.57,Failed,Dissolution Failure,80
Q04246,B202504246,P001,2026-06-03,Assay,98.81,96.25,Passed,None,0
Q04247,B202604247,P005,2026-03-16,Purity,98.34,95.46,Passed,None,0
Q04248,B202504248,P006,2025-11-10,Assay,97.63,95.11,Passed,None,0
Q04249,B202604249,P014,2026-08-02,Purity,100.51,98.89,Passed,None,0
Q04250,B202504250,P006,2025-05-14,Assay,97.13,96.61,Passed,None,0
Q04251,B202604251,P004,2026-07-23,Assay,102.74,97.66,Passed,None,0
Q04252,B202504252,P008,2025-12-08,Purity,98.07,96.04,Passed,None,0
Q04253,B202604253,P018,2026-07-21,Purity,100.35,98.69,Passed,None,0
Q04254,B202504254,P019,2025-06-10,Potency,92.07,95.28,Failed,Contamination,970
Q04255,B202604255,P020,2025-04-19,Potency,96.52,97.22,Failed,Contamination,593
Q04256,B202504256,P011,2025-03-11,Potency,96.07,95.08,Passed,None,0
Q04257,B202604257,P003,2026-05-14,Dissolution,96.32,96.97,Failed,Dissolution Failure,70
Q04258,B202504258,P003,2026-05-01,Dissolution,97.01,97.46,Failed,Contamination,799
Q04259,B202604259,P008,2025-08-09,Purity,94.39,95.46,Failed,Low Potency,444
Q04260,B202504260,P011,2025-01-03,Potency,97.81,97.07,Passed,None,0
Q04261,B202604261,P014,2026-04-23,Purity,100.35,98.63,Passed,None,0
Q04262,B202504262,P002,2026-04-05,Purity,92.32,95.37,Failed,High Impurity,611
Q04263,B202604263,P016,2025-05-19,Potency,96.76,97.5,Failed,Dissolution Failure,535
Q04264,B202504264,P014,2025-10-27,Purity,97.3,96.3,Passed,None,0
Q04265,B202604265,P017,2025-08-12,Assay,96.07,96.42,Failed,High Impurity,266
Q04266,B202504266,P015,2026-07-09,Dissolution,96.71,97.27,Failed,Low Potency,181
Q04267,B202604267,P009,2025-07-08,Dissolution,97.98,95.7,Passed,None,0
Q04268,B202504268,P012,2025-04-14,Purity,99.01,98.03,Passed,None,0
Q04269,B202604269,P010,2025-03-06,Assay,99.82,95.94,Passed,None,0
Q04270,B202504270,P011,2026-08-22,Potency,98.07,97.73,Passed,None,0
Q04271,B202604271,P006,2026-06-05,Assay,96.75,95.25,Passed,None,0
Q04272,B202504272,P008,2025-01-07,Purity,95.42,95.17,Passed,None,0
Q04273,B202604273,P005,2026-01-28,Purity,96.14,95.52,Passed,None,0
Q04274,B202504274,P018,2025-06-03,Purity,92.49,96.96,Failed,Packaging Defect,375
Q04275,B202604275,P017,2026-03-14,Assay,97.86,95.59,Passed,None,0
Q04276,B202504276,P011,2026-08-04,Potency,96.73,95.68,Passed,None,0
Q04277,B202604277,P014,2025-07-11,Purity,90.99,95.92,Failed,Contamination,427
Q04278,B202504278,P009,2026-04-02,Dissolution,100.02,96.96,Passed,None,0
Q04279,B202604279,P009,2025-06-07,Dissolution,97.85,95.56,Passed,None,0
Q04280,B202504280,P009,2025-01-14,Dissolution,98.04,97.94,Passed,None,0
Q04281,B202604281,P008,2025-04-22,Purity,98.94,97.51,Passed,None,0
Q04282,B202504282,P015,2026-03-28,Dissolution,97.79,96.48,Passed,None,0
Q04283,B202604283,P003,2025-11-08,Dissolution,100.48,97.23,Passed,None,0
Q04284,B202504284,P005,2025-05-08,Purity,95.62,96.96,Failed,Contamination,229
Q04285,B202604285,P019,2026-05-07,Potency,102.83,97.39,Passed,None,0
Q04286,B202504286,P003,2025-04-21,Dissolution,96.39,97.09,Failed,Packaging Defect,176
Q04287,B202604287,P004,2026-06-05,Assay,103.53,97.88,Passed,None,0
Q04288,B202504288,P014,2026-04-30,Purity,101.45,98.85,Passed,None,0
Q04289,B202604289,P019,2025-07-25,Potency,99.73,98.29,Passed,None,0
Q04290,B202504290,P007,2025-06-04,Assay,99.9,97.34,Passed,None,0
Q04291,B202604291,P017,2025-12-02,Assay,99.54,98.4,Passed,None,0
Q04292,B202504292,P016,2025-08-09,Potency,97.53,98.99,Failed,High Impurity,313
Q04293,B202604293,P010,2025-09-20,Assay,94.88,95.1,Failed,Contamination,798
Q04294,B202504294,P013,2025-12-17,Assay,94.72,95.02,Failed,Packaging Defect,507
Q04295,B202604295,P012,2025-01-17,Purity,100.24,97.03,Passed,None,0
Q04296,B202504296,P020,2026-06-06,Potency,100.43,98.66,Passed,None,0
Q04297,B202604297,P020,2025-12-03,Potency,100.83,98.93,Passed,None,0
Q04298,B202504298,P011,2026-08-16,Potency,97.53,97.51,Passed,None,0
Q04299,B202604299,P002,2025-05-03,Purity,98.58,97.73,Passed,None,0
Q04300,B202504300,P009,2025-07-17,Dissolution,98.46,98.26,Passed,None,0
Q04301,B202604301,P003,2025-06-08,Dissolution,95.19,95.87,Failed,Contamination,202
Q04302,B202504302,P010,2025-02-23,Assay,100.64,97.41,Passed,None,0
Q04303,B202604303,P009,2026-07-30,Dissolution,98.35,97.92,Passed,None,0
Q04304,B202504304,P015,2026-04-26,Dissolution,97.37,95.62,Passed,None,0
Q04305,B202604305,P001,2025-11-01,Assay,98.6,96.92,Passed,None,0
Q04306,B202504306,P005,2026-08-15,Purity,98.26,96.31,Passed,None,0
Q04307,B202604307,P005,2026-03-05,Purity,104.71,96.89,Passed,None,0
Q04308,B202504308,P006,2026-05-01,Assay,99.21,98.68,Passed,None,0
Q04309,B202604309,P017,2025-02-05,Assay,98.93,96.68,Passed,None,0
Q04310,B202504310,P007,2025-11-23,Assay,101.23,98.76,Passed,None,0
Q04311,B202604311,P007,2026-05-13,Assay,97.65,95.08,Passed,None,0
Q04312,B202504312,P013,2026-04-24,Assay,98.12,96.88,Passed,None,0
Q04313,B202604313,P018,2025-05-18,Purity,102.87,97.0,Passed,None,0
Q04314,B202504314,P006,2025-03-14,Assay,99.08,97.92,Passed,None,0
Q04315,B202604315,P018,2025-01-01,Purity,95.87,95.59,Passed,None,0
Q04316,B202504316,P011,2025-05-17,Potency,98.91,96.87,Passed,None,0
Q04317,B202604317,P019,2025-12-17,Potency,95.41,95.39,Passed,None,0
Q04318,B202504318,P018,2025-10-31,Purity,99.14,96.36,Passed,None,0
Q04319,B202604319,P020,2025-03-11,Potency,100.39,95.57,Passed,None,0
Q04320,B202504320,P019,2025-01-10,Potency,96.84,95.28,Passed,None,0
Q04321,B202604321,P007,2025-10-10,Assay,99.28,95.27,Passed,None,0
Q04322,B202504322,P010,2026-04-18,Assay,98.97,98.59,Passed,None,0
Q04323,B202604323,P003,2026-04-22,Dissolution,100.49,98.18,Passed,None,0
Q04324,B202504324,P019,2025-05-19,Potency,99.66,97.2,Passed,None,0
Q04325,B202604325,P017,2025-04-01,Assay,98.86,98.74,Passed,None,0
Q04326,B202504326,P014,2025-02-23,Purity,97.23,98.96,Failed,Packaging Defect,432
Q04327,B202604327,P010,2025-07-28,Assay,97.92,97.59,Passed,None,0
Q04328,B202504328,P012,2025-12-11,Purity,100.03,97.61,Passed,None,0
Q04329,B202604329,P018,2026-04-27,Purity,97.72,95.51,Passed,None,0
Q04330,B202504330,P016,2025-01-22,Potency,98.41,98.62,Failed,Contamination,652
Q04331,B202604331,P002,2026-01-03,Purity,96.52,98.45,Failed,Low Potency,74
Q04332,B202504332,P019,2026-07-13,Potency,98.66,98.75,Failed,Low Potency,949
Q04333,B202604333,P012,2025-01-04,Purity,96.72,95.32,Passed,None,0
Q04334,B202504334,P009,2025-02-03,Dissolution,96.07,98.94,Failed,Dissolution Failure,756
Q04335,B202604335,P015,2025-11-23,Dissolution,100.5,97.94,Passed,None,0
Q04336,B202504336,P007,2026-03-24,Assay,100.52,98.56,Passed,None,0
Q04337,B202604337,P002,2025-10-17,Purity,98.99,95.98,Passed,None,0
Q04338,B202504338,P007,2025-10-23,Assay,96.62,95.86,Passed,None,0
Q04339,B202604339,P014,2025-07-18,Purity,97.8,95.45,Passed,None,0
Q04340,B202504340,P010,2025-08-01,Assay,98.17,96.21,Passed,None,0
Q04341,B202604341,P020,2025-02-02,Potency,98.41,97.5,Passed,None,0
Q04342,B202504342,P015,2026-05-10,Dissolution,96.12,98.28,Failed,Low Potency,803
Q04343,B202604343,P008,2025-06-23,Purity,98.31,98.68,Failed,Packaging Defect,477
Q04344,B202504344,P007,2025-03-05,Assay,95.89,96.17,Failed,Dissolution Failure,142
Q04345,B202604345,P012,2025-06-12,Purity,98.77,97.22,Passed,None,0
Q04346,B202504346,P012,2026-07-04,Purity,96.68,96.53,Passed,None,0
Q04347,B202604347,P008,2025-05-31,Purity,99.42,95.32,Passed,None,0
Q04348,B202504348,P013,2026-06-25,Assay,97.6,98.15,Failed,High Impurity,712
Q04349,B202604349,P005,2026-04-14,Purity,101.11,97.85,Passed,None,0
Q04350,B202504350,P006,2025-04-08,Assay,98.17,98.86,Failed,Low Potency,956
Q04351,B202604351,P014,2026-01-29,Purity,101.81,98.24,Passed,None,0
Q04352,B202504352,P012,2025-11-14,Purity,94.74,96.01,Failed,High Impurity,508
Q04353,B202604353,P017,2025-04-06,Assay,101.99,98.71,Passed,None,0
Q04354,B202504354,P001,2025-06-03,Assay,100.05,97.82,Passed,None,0
Q04355,B202604355,P014,2026-03-26,Purity,99.11,96.1,Passed,None,0
Q04356,B202504356,P016,2025-05-22,Potency,98.01,96.75,Passed,None,0
Q04357,B202604357,P006,2026-07-07,Assay,96.19,95.4,Passed,None,0
Q04358,B202504358,P005,2026-05-20,Purity,97.31,95.26,Passed,None,0
Q04359,B202604359,P019,2025-12-07,Potency,96.49,95.91,Passed,None,0
Q04360,B202504360,P013,2025-01-03,Assay,94.51,95.2,Failed,Dissolution Failure,543
Q04361,B202604361,P019,2026-05-06,Potency,98.46,97.38,Passed,None,0
Q04362,B202504362,P007,2025-03-02,Assay,100.79,97.31,Passed,None,0
Q04363,B202604363,P011,2025-01-05,Potency,98.55,97.93,Passed,None,0
Q04364,B202504364,P010,2025-07-16,Assay,99.97,97.25,Passed,None,0
Q04365,B202604365,P014,2026-06-05,Purity,98.14,95.68,Passed,None,0
Q04366,B202504366,P018,2025-06-09,Purity,98.92,97.8,Passed,None,0
Q04367,B202604367,P001,2026-03-30,Assay,101.67,98.42,Passed,None,0
Q04368,B202504368,P003,2025-04-01,Dissolution,100.0,97.37,Passed,None,0
Q04369,B202604369,P012,2025-11-19,Purity,100.76,98.91,Passed,None,0
Q04370,B202504370,P004,2026-05-11,Assay,99.38,95.92,Passed,None,0
Q04371,B202604371,P005,2025-03-23,Purity,97.38,97.05,Passed,None,0
Q04372,B202504372,P011,2025-03-28,Potency,98.1,98.27,Failed,Contamination,306
Q04373,B202604373,P018,2025-08-06,Purity,100.52,97.22,Passed,None,0
Q04374,B202504374,P002,2026-03-25,Purity,97.97,97.96,Passed,None,0
Q04375,B202604375,P005,2026-01-20,Purity,99.45,98.58,Passed,None,0
Q04376,B202504376,P018,2025-11-16,Purity,95.57,95.33,Passed,None,0
Q04377,B202604377,P016,2025-05-30,Potency,97.79,96.05,Passed,None,0
Q04378,B202504378,P014,2026-07-15,Purity,98.89,95.59,Passed,None,0
Q04379,B202604379,P015,2026-04-23,Dissolution,100.04,97.67,Passed,None,0
Q04380,B202504380,P017,2026-05-16,Assay,98.07,97.32,Passed,None,0
Q04381,B202604381,P002,2025-04-27,Purity,98.33,97.05,Passed,None,0
Q04382,B202504382,P007,2025-09-18,Assay,94.19,95.61,Failed,Low Potency,149
Q04383,B202604383,P017,2025-02-11,Assay,96.38,95.62,Passed,None,0
Q04384,B202504384,P015,2025-05-06,Dissolution,99.75,98.78,Passed,None,0
Q04385,B202604385,P016,2026-07-01,Potency,99.15,97.76,Passed,None,0
Q04386,B202504386,P019,2025-03-01,Potency,99.8,98.8,Passed,None,0
Q04387,B202604387,P014,2025-05-23,Purity,98.53,97.19,Passed,None,0
Q04388,B202504388,P002,2025-11-06,Purity,99.2,97.18,Passed,None,0
Q04389,B202604389,P003,2026-02-25,Dissolution,98.55,98.18,Passed,None,0
Q04390,B202504390,P011,2025-08-07,Potency,96.65,95.94,Passed,None,0
Q04391,B202604391,P006,2026-02-04,Assay,102.13,97.32,Passed,None,0
Q04392,B202504392,P019,2025-02-04,Potency,96.63,95.29,Passed,None,0
Q04393,B202604393,P008,2026-05-04,Purity,95.35,96.55,Failed,Contamination,456
Q04394,B202504394,P015,2026-01-19,Dissolution,100.04,97.76,Passed,None,0
Q04395,B202604395,P005,2026-04-20,Purity,92.81,97.56,Failed,Low Potency,135
Q04396,B202504396,P004,2025-09-18,Assay,100.65,97.57,Passed,None,0
Q04397,B202604397,P013,2025-04-28,Assay,94.36,96.14,Failed,Packaging Defect,456
Q04398,B202504398,P018,2026-02-11,Purity,101.14,96.89,Passed,None,0
Q04399,B202604399,P001,2026-06-17,Assay,100.74,98.85,Passed,None,0
Q04400,B202504400,P011,2026-07-13,Potency,100.75,98.79,Passed,None,0
Q04401,B202604401,P002,2025-02-02,Purity,99.35,98.86,Passed,None,0
Q04402,B202504402,P017,2025-03-25,Assay,97.41,95.09,Passed,None,0
Q04403,B202604403,P010,2025-08-20,Assay,98.74,95.62,Passed,None,0
Q04404,B202504404,P008,2025-11-02,Purity,97.61,96.51,Passed,None,0
Q04405,B202604405,P007,2025-05-08,Assay,99.46,98.47,Passed,None,0
Q04406,B202504406,P010,2025-06-07,Assay,97.59,96.22,Passed,None,0
Q04407,B202604407,P009,2025-10-17,Dissolution,101.65,98.92,Passed,None,0
Q04408,B202504408,P015,2025-11-13,Dissolution,93.87,98.8,Failed,Packaging Defect,529
Q04409,B202604409,P016,2026-01-16,Potency,99.58,98.76,Passed,None,0
Q04410,B202504410,P009,2026-05-30,Dissolution,98.7,98.18,Passed,None,0
Q04411,B202604411,P002,2025-09-27,Purity,101.05,98.35,Passed,None,0
Q04412,B202504412,P017,2026-03-18,Assay,94.69,97.46,Failed,Packaging Defect,90
Q04413,B202604413,P003,2026-08-11,Dissolution,99.63,98.6,Passed,None,0
Q04414,B202504414,P019,2025-02-17,Potency,99.42,98.98,Passed,None,0
Q04415,B202604415,P013,2025-10-14,Assay,99.77,97.85,Passed,None,0
Q04416,B202504416,P005,2026-01-28,Purity,99.54,98.19,Passed,None,0
Q04417,B202604417,P011,2025-11-23,Potency,95.82,96.04,Failed,Dissolution Failure,327
Q04418,B202504418,P015,2025-04-27,Dissolution,97.12,95.09,Passed,None,0
Q04419,B202604419,P017,2025-11-03,Assay,98.28,97.54,Passed,None,0
Q04420,B202504420,P010,2025-01-29,Assay,100.25,96.14,Passed,None,0
Q04421,B202604421,P014,2026-02-26,Purity,99.62,98.67,Passed,None,0
Q04422,B202504422,P007,2025-03-06,Assay,97.95,96.28,Passed,None,0
Q04423,B202604423,P005,2026-08-01,Purity,97.02,95.7,Passed,None,0
Q04424,B202504424,P009,2025-08-23,Dissolution,99.17,97.04,Passed,None,0
Q04425,B202604425,P007,2026-07-14,Assay,99.78,97.81,Passed,None,0
Q04426,B202504426,P014,2026-08-12,Purity,99.28,97.96,Passed,None,0
Q04427,B202604427,P002,2026-03-11,Purity,98.78,95.9,Passed,None,0
Q04428,B202504428,P010,2025-02-04,Assay,96.4,95.63,Passed,None,0
Q04429,B202604429,P011,2025-11-21,Potency,95.69,95.81,Failed,High Impurity,133
Q04430,B202504430,P007,2025-10-05,Assay,97.77,95.55,Passed,None,0
Q04431,B202604431,P007,2026-04-12,Assay,100.19,97.98,Passed,None,0
Q04432,B202504432,P005,2025-01-25,Purity,102.05,98.93,Passed,None,0
Q04433,B202604433,P008,2026-07-14,Purity,97.73,96.18,Passed,None,0
Q04434,B202504434,P007,2025-04-19,Assay,101.03,97.2,Passed,None,0
Q04435,B202604435,P014,2025-11-27,Purity,100.83,96.57,Passed,None,0
Q04436,B202504436,P014,2026-04-29,Purity,98.57,97.86,Passed,None,0
Q04437,B202604437,P005,2025-12-14,Purity,96.48,97.9,Failed,Packaging Defect,842
Q04438,B202504438,P007,2025-10-30,Assay,99.04,96.01,Passed,None,0
Q04439,B202604439,P004,2026-08-08,Assay,95.88,95.1,Passed,None,0
Q04440,B202504440,P008,2026-03-09,Purity,95.58,96.96,Failed,High Impurity,959
Q04441,B202604441,P017,2026-06-09,Assay,100.08,98.27,Passed,None,0
Q04442,B202504442,P003,2026-04-29,Dissolution,98.97,98.57,Passed,None,0
Q04443,B202604443,P006,2025-08-08,Assay,97.78,96.28,Passed,None,0
Q04444,B202504444,P012,2025-12-15,Purity,98.75,97.08,Passed,None,0
Q04445,B202604445,P008,2025-04-13,Purity,102.37,98.62,Passed,None,0
Q04446,B202504446,P017,2025-03-12,Assay,98.3,96.62,Passed,None,0
Q04447,B202604447,P011,2026-06-10,Potency,100.77,98.51,Passed,None,0
Q04448,B202504448,P017,2026-07-29,Assay,100.02,95.52,Passed,None,0
Q04449,B202604449,P018,2025-09-25,Purity,100.11,97.33,Passed,None,0
Q04450,B202504450,P004,2025-12-03,Assay,95.15,96.67,Failed,High Impurity,960
Q04451,B202604451,P008,2026-06-22,Purity,98.21,96.79,Passed,None,0
Q04452,B202504452,P011,2025-05-15,Potency,92.75,95.58,Failed,Contamination,881
Q04453,B202604453,P007,2025-11-08,Assay,94.8,95.54,Failed,Packaging Defect,298
Q04454,B202504454,P017,2025-12-06,Assay,96.45,97.57,Failed,Dissolution Failure,314
Q04455,B202604455,P012,2026-03-09,Purity,95.38,95.28,Passed,None,0
Q04456,B202504456,P016,2025-09-18,Potency,99.36,97.96,Passed,None,0
Q04457,B202604457,P004,2026-07-07,Assay,93.07,95.12,Failed,Packaging Defect,83
Q04458,B202504458,P011,2026-04-16,Potency,97.25,96.25,Passed,None,0
Q04459,B202604459,P015,2025-05-16,Dissolution,98.43,95.02,Passed,None,0
Q04460,B202504460,P015,2025-05-22,Dissolution,98.63,98.52,Passed,None,0
Q04461,B202604461,P006,2026-06-12,Assay,99.71,96.87,Passed,None,0
Q04462,B202504462,P011,2026-04-18,Potency,99.27,97.07,Passed,None,0
Q04463,B202604463,P001,2025-04-27,Assay,99.0,97.62,Passed,None,0
Q04464,B202504464,P019,2026-03-08,Potency,97.74,97.71,Passed,None,0
Q04465,B202604465,P004,2025-03-02,Assay,100.5,98.39,Passed,None,0
Q04466,B202504466,P019,2025-10-26,Potency,97.29,95.95,Passed,None,0
Q04467,B202604467,P011,2025-07-14,Potency,97.21,95.74,Passed,None,0
Q04468,B202504468,P008,2025-05-30,Purity,98.31,96.89,Passed,None,0
Q04469,B202604469,P013,2026-05-25,Assay,98.61,97.56,Passed,None,0
Q04470,B202504470,P009,2026-04-29,Dissolution,98.78,96.22,Passed,None,0
Q04471,B202604471,P010,2026-07-21,Assay,98.41,97.28,Passed,None,0
Q04472,B202504472,P016,2025-04-18,Potency,95.9,97.14,Failed,High Impurity,791
Q04473,B202604473,P008,2026-08-05,Purity,98.35,96.32,Passed,None,0
Q04474,B202504474,P001,2025-03-07,Assay,98.83,95.55,Passed,None,0
Q04475,B202604475,P012,2026-07-10,Purity,98.76,96.11,Passed,None,0
Q04476,B202504476,P006,2025-02-06,Assay,91.22,95.22,Failed,Low Potency,677
Q04477,B202604477,P017,2025-10-29,Assay,96.13,95.11,Passed,None,0
Q04478,B202504478,P007,2025-02-06,Assay,98.21,97.57,Passed,None,0
Q04479,B202604479,P014,2025-10-25,Purity,98.71,98.31,Passed,None,0
Q04480,B202504480,P008,2025-08-25,Purity,97.81,97.36,Passed,None,0
Q04481,B202604481,P004,2025-09-05,Assay,97.4,98.63,Failed,Low Potency,698
Q04482,B202504482,P020,2025-09-08,Potency,98.33,96.6,Passed,None,0
Q04483,B202604483,P008,2026-01-24,Purity,96.57,98.74,Failed,Dissolution Failure,432
Q04484,B202504484,P011,2025-05-17,Potency,99.07,97.85,Passed,None,0
Q04485,B202604485,P005,2026-03-11,Purity,99.21,95.61,Passed,None,0
Q04486,B202504486,P011,2025-03-16,Potency,101.24,97.81,Passed,None,0
Q04487,B202604487,P016,2026-03-28,Potency,95.88,96.04,Failed,Packaging Defect,740
Q04488,B202504488,P020,2025-03-01,Potency,97.54,95.59,Passed,None,0
Q04489,B202604489,P015,2026-04-09,Dissolution,94.38,95.11,Failed,Dissolution Failure,806
Q04490,B202504490,P019,2025-08-09,Potency,99.61,98.73,Passed,None,0
Q04491,B202604491,P020,2026-03-30,Potency,95.04,96.91,Failed,Dissolution Failure,311
Q04492,B202504492,P007,2025-10-06,Assay,98.41,96.23,Passed,None,0
Q04493,B202604493,P016,2025-06-07,Potency,93.69,96.14,Failed,Low Potency,131
Q04494,B202504494,P018,2025-08-28,Purity,99.35,98.05,Passed,None,0
Q04495,B202604495,P011,2025-03-04,Potency,100.68,95.89,Passed,None,0
Q04496,B202504496,P019,2025-08-29,Potency,101.26,97.28,Passed,None,0
Q04497,B202604497,P007,2025-01-17,Assay,99.86,95.78,Passed,None,0
Q04498,B202504498,P018,2026-06-05,Purity,97.05,95.47,Passed,None,0
Q04499,B202604499,P002,2025-06-20,Purity,97.23,97.49,Failed,Dissolution Failure,101
Q04500,B202504500,P013,2026-05-20,Assay,99.07,98.29,Passed,None,0
Q04501,B202604501,P011,2025-03-24,Potency,99.36,97.99,Passed,None,0
Q04502,B202504502,P008,2026-04-06,Purity,101.73,97.18,Passed,None,0
Q04503,B202604503,P005,2025-09-12,Purity,96.87,95.4,Passed,None,0
Q04504,B202504504,P016,2025-05-25,Potency,99.45,96.01,Passed,None,0
Q04505,B202604505,P016,2025-02-10,Potency,94.18,95.3,Failed,Packaging Defect,86
Q04506,B202504506,P008,2025-09-03,Purity,91.58,95.37,Failed,Low Potency,452
Q04507,B202604507,P012,2026-05-15,Purity,95.26,95.08,Passed,None,0
Q04508,B202504508,P017,2025-01-06,Assay,97.01,96.58,Passed,None,0
Q04509,B202604509,P015,2025-12-01,Dissolution,98.57,97.71,Passed,None,0
Q04510,B202504510,P020,2025-10-17,Potency,95.4,97.16,Failed,Low Potency,441
Q04511,B202604511,P017,2025-01-01,Assay,97.32,97.74,Failed,Low Potency,591
Q04512,B202504512,P018,2026-01-25,Purity,94.27,95.74,Failed,High Impurity,139
Q04513,B202604513,P014,2025-12-06,Purity,102.07,98.58,Passed,None,0
Q04514,B202504514,P003,2025-10-18,Dissolution,96.21,95.44,Passed,None,0
Q04515,B202604515,P011,2025-11-03,Potency,96.95,96.21,Passed,None,0
Q04516,B202504516,P020,2026-01-22,Potency,100.92,97.27,Passed,None,0
Q04517,B202604517,P006,2025-02-17,Assay,95.59,96.65,Failed,Packaging Defect,142
Q04518,B202504518,P017,2025-04-28,Assay,97.5,96.52,Passed,None,0
Q04519,B202604519,P017,2025-08-26,Assay,100.27,97.09,Passed,None,0
Q04520,B202504520,P004,2026-06-25,Assay,95.4,95.61,Failed,Low Potency,468
Q04521,B202604521,P018,2026-03-06,Purity,97.12,98.16,Failed,Contamination,137
Q04522,B202504522,P008,2025-09-25,Purity,91.9,96.57,Failed,High Impurity,744
Q04523,B202604523,P018,2025-10-19,Purity,96.67,96.63,Passed,None,0
Q04524,B202504524,P018,2026-03-21,Purity,100.23,95.34,Passed,None,0
Q04525,B202604525,P002,2026-07-30,Purity,100.64,96.56,Passed,None,0
Q04526,B202504526,P018,2025-10-06,Purity,100.88,98.14,Passed,None,0
Q04527,B202604527,P006,2026-01-14,Assay,98.58,96.21,Passed,None,0
Q04528,B202504528,P009,2025-11-07,Dissolution,100.34,96.12,Passed,None,0
Q04529,B202604529,P004,2026-04-15,Assay,97.7,97.2,Passed,None,0
Q04530,B202504530,P014,2025-11-18,Purity,98.73,97.9,Passed,None,0
Q04531,B202604531,P020,2026-01-26,Potency,100.3,97.41,Passed,None,0
Q04532,B202504532,P012,2026-01-20,Purity,99.04,97.54,Passed,None,0
Q04533,B202604533,P009,2026-02-12,Dissolution,96.96,96.78,Passed,None,0
Q04534,B202504534,P002,2025-11-23,Purity,101.32,96.91,Passed,None,0
Q04535,B202604535,P020,2026-02-26,Potency,95.18,95.43,Failed,High Impurity,967
Q04536,B202504536,P011,2025-01-01,Potency,99.38,98.43,Passed,None,0
Q04537,B202604537,P011,2025-06-30,Potency,97.27,96.92,Passed,None,0
Q04538,B202504538,P011,2025-10-10,Potency,95.61,95.82,Failed,Contamination,923
Q04539,B202604539,P002,2025-08-02,Purity,99.71,96.93,Passed,None,0
Q04540,B202504540,P007,2025-05-08,Assay,97.8,98.05,Failed,Packaging Defect,358
Q04541,B202604541,P009,2026-01-16,Dissolution,100.93,97.27,Passed,None,0
Q04542,B202504542,P002,2025-11-23,Purity,103.65,98.79,Passed,None,0
Q04543,B202604543,P020,2026-05-24,Potency,101.2,97.86,Passed,None,0
Q04544,B202504544,P015,2026-07-28,Dissolution,94.34,96.64,Failed,Contamination,612
Q04545,B202604545,P020,2025-10-25,Potency,98.74,95.14,Passed,None,0
Q04546,B202504546,P015,2025-10-06,Dissolution,101.87,97.57,Passed,None,0
Q04547,B202604547,P003,2026-03-21,Dissolution,98.59,96.1,Passed,None,0
Q04548,B202504548,P006,2026-04-17,Assay,95.59,95.58,Passed,None,0
Q04549,B202604549,P010,2026-05-03,Assay,95.71,96.65,Failed,Dissolution Failure,121
Q04550,B202504550,P016,2025-12-28,Potency,94.19,97.84,Failed,Dissolution Failure,146
Q04551,B202604551,P009,2025-01-19,Dissolution,101.5,97.65,Passed,None,0
Q04552,B202504552,P017,2025-01-22,Assay,97.25,97.3,Failed,Contamination,877
Q04553,B202604553,P019,2025-10-31,Potency,96.47,97.77,Failed,High Impurity,516
Q04554,B202504554,P003,2025-11-05,Dissolution,98.32,95.43,Passed,None,0
Q04555,B202604555,P005,2026-05-14,Purity,103.1,98.94,Passed,None,0
Q04556,B202504556,P005,2025-02-28,Purity,97.56,95.44,Passed,None,0
Q04557,B202604557,P004,2025-01-25,Assay,100.1,98.02,Passed,None,0
Q04558,B202504558,P003,2025-10-06,Dissolution,97.07,96.46,Passed,None,0
Q04559,B202604559,P020,2025-03-02,Potency,100.26,97.02,Passed,None,0
Q04560,B202504560,P017,2026-08-04,Assay,101.81,98.95,Passed,None,0
Q04561,B202604561,P001,2025-04-06,Assay,104.44,98.84,Passed,None,0
Q04562,B202504562,P005,2025-10-04,Purity,95.83,98.72,Failed,Dissolution Failure,121
Q04563,B202604563,P006,2025-04-09,Assay,92.25,95.29,Failed,Dissolution Failure,435
Q04564,B202504564,P014,2026-05-20,Purity,98.46,98.02,Passed,None,0
Q04565,B202604565,P002,2025-10-05,Purity,95.65,95.51,Passed,None,0
Q04566,B202504566,P008,2026-08-02,Purity,94.11,95.54,Failed,Low Potency,670
Q04567,B202604567,P004,2025-07-22,Assay,100.97,97.89,Passed,None,0
Q04568,B202504568,P013,2025-12-10,Assay,96.89,97.0,Failed,Packaging Defect,625
Q04569,B202604569,P018,2025-07-29,Purity,99.29,96.51,Passed,None,0
Q04570,B202504570,P001,2025-05-11,Assay,99.66,95.99,Passed,None,0
Q04571,B202604571,P019,2026-04-16,Potency,98.49,96.61,Passed,None,0
Q04572,B202504572,P019,2025-02-12,Potency,102.09,97.53,Passed,None,0
Q04573,B202604573,P004,2025-11-23,Assay,97.63,97.97,Failed,Low Potency,695
Q04574,B202504574,P007,2025-11-30,Assay,99.57,98.27,Passed,None,0
Q04575,B202604575,P005,2026-03-20,Purity,95.61,96.47,Failed,High Impurity,101
Q04576,B202504576,P013,2025-09-30,Assay,95.5,97.13,Failed,Low Potency,672
Q04577,B202604577,P016,2025-08-15,Potency,101.42,98.36,Passed,None,0
Q04578,B202504578,P014,2025-05-10,Purity,100.08,98.55,Passed,None,0
Q04579,B202604579,P009,2025-08-18,Dissolution,96.81,97.5,Failed,Dissolution Failure,648
Q04580,B202504580,P007,2025-06-04,Assay,95.2,97.3,Failed,Contamination,198
Q04581,B202604581,P018,2025-03-02,Purity,97.84,98.98,Failed,Contamination,146
Q04582,B202504582,P008,2026-04-30,Purity,99.07,96.62,Passed,None,0
Q04583,B202604583,P007,2026-05-10,Assay,97.4,95.93,Passed,None,0
Q04584,B202504584,P010,2025-03-03,Assay,101.41,96.95,Passed,None,0
Q04585,B202604585,P010,2026-08-10,Assay,103.99,98.21,Passed,None,0
Q04586,B202504586,P007,2025-01-10,Assay,99.6,95.76,Passed,None,0
Q04587,B202604587,P013,2025-03-19,Assay,101.6,96.31,Passed,None,0
Q04588,B202504588,P015,2026-04-12,Dissolution,97.54,98.43,Failed,Low Potency,601
Q04589,B202604589,P020,2025-09-07,Potency,99.17,98.61,Passed,None,0
Q04590,B202504590,P007,2025-04-15,Assay,99.72,98.2,Passed,None,0
Q04591,B202604591,P009,2026-02-20,Dissolution,97.71,95.86,Passed,None,0
Q04592,B202504592,P008,2026-06-09,Purity,98.86,95.08,Passed,None,0
Q04593,B202604593,P007,2026-05-06,Assay,98.22,96.25,Passed,None,0
Q04594,B202504594,P014,2026-04-28,Purity,96.08,95.14,Passed,None,0
Q04595,B202604595,P002,2025-07-19,Purity,94.03,95.89,Failed,Low Potency,124
Q04596,B202504596,P007,2025-06-02,Assay,101.63,97.92,Passed,None,0
Q04597,B202604597,P004,2025-07-03,Assay,99.14,97.54,Passed,None,0
Q04598,B202504598,P010,2025-02-06,Assay,94.82,96.41,Failed,Contamination,831
Q04599,B202604599,P014,2025-12-26,Purity,100.57,98.21,Passed,None,0
Q04600,B202504600,P014,2025-07-07,Purity,97.15,97.98,Failed,High Impurity,292
Q04601,B202604601,P001,2025-09-01,Assay,103.65,98.69,Passed,None,0
Q04602,B202504602,P009,2026-06-29,Dissolution,101.26,98.13,Passed,None,0
Q04603,B202604603,P020,2025-05-25,Potency,96.75,96.28,Passed,None,0
Q04604,B202504604,P013,2025-09-09,Assay,99.11,97.35,Passed,None,0
Q04605,B202604605,P011,2025-03-29,Potency,101.93,97.07,Passed,None,0
Q04606,B202504606,P011,2025-07-03,Potency,101.06,97.9,Passed,None,0
Q04607,B202604607,P006,2025-05-15,Assay,101.62,96.77,Passed,None,0
Q04608,B202504608,P001,2025-07-22,Assay,99.38,98.07,Passed,None,0
Q04609,B202604609,P019,2026-07-11,Potency,96.01,95.43,Passed,None,0
Q04610,B202504610,P002,2025-05-08,Purity,99.16,96.07,Passed,None,0
Q04611,B202604611,P011,2025-06-12,Potency,97.4,97.09,Passed,None,0
Q04612,B202504612,P017,2025-11-15,Assay,97.19,95.11,Passed,None,0
Q04613,B202604613,P001,2025-05-10,Assay,96.83,95.38,Passed,None,0
Q04614,B202504614,P017,2025-05-31,Assay,101.13,97.48,Passed,None,0
Q04615,B202604615,P014,2025-09-22,Purity,96.32,95.19,Passed,None,0
Q04616,B202504616,P003,2026-07-27,Dissolution,97.61,96.32,Passed,None,0
Q04617,B202604617,P020,2025-08-13,Potency,96.76,96.6,Passed,None,0
Q04618,B202504618,P013,2026-02-28,Assay,92.09,95.09,Failed,Dissolution Failure,840
Q04619,B202604619,P003,2025-01-10,Dissolution,102.02,98.9,Passed,None,0
Q04620,B202504620,P006,2025-07-27,Assay,99.56,96.63,Passed,None,0
Q04621,B202604621,P004,2026-07-05,Assay,97.01,97.0,Passed,None,0
Q04622,B202504622,P008,2025-02-21,Purity,96.91,98.73,Failed,Contamination,114
Q04623,B202604623,P013,2026-07-17,Assay,99.41,97.11,Passed,None,0
Q04624,B202504624,P013,2025-01-17,Assay,93.96,95.3,Failed,Packaging Defect,346
Q04625,B202604625,P018,2026-05-31,Purity,98.91,96.5,Passed,None,0
Q04626,B202504626,P019,2025-01-23,Potency,101.83,98.53,Passed,None,0
Q04627,B202604627,P002,2025-05-09,Purity,100.29,97.71,Passed,None,0
Q04628,B202504628,P017,2025-01-13,Assay,98.91,97.37,Passed,None,0
Q04629,B202604629,P009,2025-09-15,Dissolution,98.38,95.12,Passed,None,0
Q04630,B202504630,P019,2025-08-31,Potency,98.23,95.24,Passed,None,0
Q04631,B202604631,P017,2026-07-13,Assay,96.71,95.32,Passed,None,0
Q04632,B202504632,P017,2026-03-29,Assay,96.23,96.61,Failed,Dissolution Failure,743
Q04633,B202604633,P010,2025-06-30,Assay,100.46,97.03,Passed,None,0
Q04634,B202504634,P010,2026-05-28,Assay,99.15,98.78,Passed,None,0
Q04635,B202604635,P010,2025-09-08,Assay,98.2,97.75,Passed,None,0
Q04636,B202504636,P017,2025-06-10,Assay,94.96,96.58,Failed,Packaging Defect,836
Q04637,B202604637,P015,2026-07-16,Dissolution,95.18,96.09,Failed,High Impurity,774
Q04638,B202504638,P003,2025-11-05,Dissolution,96.66,97.41,Failed,Packaging Defect,83
Q04639,B202604639,P010,2026-02-14,Assay,97.42,97.84,Failed,Contamination,283
Q04640,B202504640,P018,2026-01-22,Purity,99.21,98.15,Passed,None,0
Q04641,B202604641,P017,2025-06-23,Assay,99.57,95.83,Passed,None,0
Q04642,B202504642,P019,2025-12-26,Potency,98.47,95.78,Passed,None,0
Q04643,B202604643,P012,2026-01-20,Purity,99.1,98.93,Passed,None,0
Q04644,B202504644,P008,2025-04-01,Purity,100.03,98.7,Passed,None,0
Q04645,B202604645,P016,2026-02-04,Potency,96.34,95.49,Passed,None,0
Q04646,B202504646,P007,2026-03-28,Assay,96.07,96.02,Passed,None,0
Q04647,B202604647,P010,2025-11-02,Assay,98.03,95.7,Passed,None,0
Q04648,B202504648,P008,2026-05-09,Purity,100.37,97.15,Passed,None,0
Q04649,B202604649,P011,2026-01-28,Potency,95.24,95.61,Failed,Contamination,743
Q04650,B202504650,P002,2025-03-29,Purity,95.63,95.67,Failed,Dissolution Failure,441
Q04651,B202604651,P001,2025-08-29,Assay,99.85,97.64,Passed,None,0
Q04652,B202504652,P013,2025-06-13,Assay,96.1,95.52,Passed,None,0
Q04653,B202604653,P004,2025-02-20,Assay,97.43,96.06,Passed,None,0
Q04654,B202504654,P002,2025-04-12,Purity,98.0,96.81,Passed,None,0
Q04655,B202604655,P001,2025-05-24,Assay,96.66,98.6,Failed,Packaging Defect,574
Q04656,B202504656,P015,2026-08-12,Dissolution,98.42,96.85,Passed,None,0
Q04657,B202604657,P016,2025-03-17,Potency,100.33,97.28,Passed,None,0
Q04658,B202504658,P015,2025-04-05,Dissolution,99.63,97.88,Passed,None,0
Q04659,B202604659,P016,2026-02-21,Potency,95.42,95.94,Failed,Packaging Defect,571
Q04660,B202504660,P013,2025-08-19,Assay,96.38,95.16,Passed,None,0
Q04661,B202604661,P011,2025-09-04,Potency,93.65,96.63,Failed,Contamination,226
Q04662,B202504662,P001,2025-04-06,Assay,98.52,98.34,Passed,None,0
Q04663,B202604663,P018,2025-06-10,Purity,100.11,96.5,Passed,None,0
Q04664,B202504664,P016,2025-06-27,Potency,94.25,95.52,Failed,High Impurity,106
Q04665,B202604665,P001,2025-12-11,Assay,100.94,98.4,Passed,None,0
Q04666,B202504666,P002,2025-12-28,Purity,99.67,96.31,Passed,None,0
Q04667,B202604667,P008,2026-04-09,Purity,95.64,95.29,Passed,None,0
Q04668,B202504668,P009,2025-08-31,Dissolution,98.79,96.73,Passed,None,0
Q04669,B202604669,P013,2025-02-27,Assay,101.97,98.68,Passed,None,0
Q04670,B202504670,P007,2026-07-17,Assay,99.34,98.72,Passed,None,0
Q04671,B202604671,P006,2025-02-12,Assay,98.86,97.77,Passed,None,0
Q04672,B202504672,P003,2026-01-02,Dissolution,99.13,97.63,Passed,None,0
Q04673,B202604673,P005,2025-04-12,Purity,97.4,95.16,Passed,None,0
Q04674,B202504674,P001,2026-06-30,Assay,102.35,98.76,Passed,None,0
Q04675,B202604675,P013,2026-07-17,Assay,97.48,96.59,Passed,None,0
Q04676,B202504676,P009,2026-03-03,Dissolution,99.28,98.14,Passed,None,0
Q04677,B202604677,P007,2025-01-06,Assay,95.69,95.36,Passed,None,0
Q04678,B202504678,P017,2025-04-23,Assay,99.11,96.53,Passed,None,0
Q04679,B202604679,P015,2025-12-19,Dissolution,98.97,97.4,Passed,None,0
Q04680,B202504680,P009,2026-06-18,Dissolution,95.55,95.27,Passed,None,0
Q04681,B202604681,P018,2025-05-17,Purity,101.02,98.53,Passed,None,0
Q04682,B202504682,P001,2025-03-09,Assay,94.13,97.89,Failed,Dissolution Failure,847
Q04683,B202604683,P010,2026-05-01,Assay,96.64,96.52,Passed,None,0
Q04684,B202504684,P004,2026-03-09,Assay,99.84,98.1,Passed,None,0
Q04685,B202604685,P003,2025-12-31,Dissolution,98.74,96.17,Passed,None,0
Q04686,B202504686,P018,2025-07-29,Purity,98.82,95.94,Passed,None,0
Q04687,B202604687,P013,2026-04-15,Assay,98.78,97.46,Passed,None,0
Q04688,B202504688,P018,2025-12-26,Purity,102.57,97.75,Passed,None,0
Q04689,B202604689,P004,2025-08-03,Assay,95.08,98.0,Failed,Low Potency,591
Q04690,B202504690,P002,2025-06-22,Purity,98.19,97.41,Passed,None,0
Q04691,B202604691,P001,2025-10-28,Assay,92.89,96.44,Failed,Low Potency,661
Q04692,B202504692,P012,2025-01-26,Purity,97.91,95.5,Passed,None,0
Q04693,B202604693,P002,2025-06-17,Purity,98.73,96.44,Passed,None,0
Q04694,B202504694,P001,2025-02-17,Assay,96.78,95.67,Passed,None,0
Q04695,B202604695,P018,2026-01-20,Purity,98.85,95.51,Passed,None,0
Q04696,B202504696,P001,2025-02-23,Assay,96.18,95.67,Passed,None,0
Q04697,B202604697,P019,2025-02-19,Potency,95.58,95.46,Passed,None,0
Q04698,B202504698,P001,2026-08-11,Assay,98.99,98.0,Passed,None,0
Q04699,B202604699,P015,2025-10-10,Dissolution,104.33,98.17,Passed,None,0
Q04700,B202504700,P006,2025-05-29,Assay,101.76,98.25,Passed,None,0
Q04701,B202604701,P007,2025-11-30,Assay,97.22,96.03,Passed,None,0
Q04702,B202504702,P006,2025-10-15,Assay,92.22,96.91,Failed,Packaging Defect,942
Q04703,B202604703,P015,2025-05-17,Dissolution,97.98,98.35,Failed,Dissolution Failure,88
Q04704,B202504704,P010,2025-10-26,Assay,100.46,98.9,Passed,None,0
Q04705,B202604705,P011,2025-12-24,Potency,99.94,97.74,Passed,None,0
Q04706,B202504706,P004,2025-04-15,Assay,96.81,98.1,Failed,Low Potency,141
Q04707,B202604707,P008,2026-04-22,Purity,100.76,98.46,Passed,None,0
Q04708,B202504708,P002,2025-07-04,Purity,98.65,97.01,Passed,None,0
Q04709,B202604709,P009,2025-10-22,Dissolution,100.88,97.05,Passed,None,0
Q04710,B202504710,P003,2025-04-15,Dissolution,100.01,96.65,Passed,None,0
Q04711,B202604711,P010,2025-01-03,Assay,97.55,98.1,Failed,Packaging Defect,545
Q04712,B202504712,P007,2025-08-24,Assay,99.88,97.46,Passed,None,0
Q04713,B202604713,P016,2025-09-25,Potency,99.34,98.24,Passed,None,0
Q04714,B202504714,P019,2025-04-25,Potency,100.82,96.49,Passed,None,0
Q04715,B202604715,P006,2025-08-03,Assay,99.49,96.07,Passed,None,0
Q04716,B202504716,P019,2025-03-07,Potency,101.13,98.68,Passed,None,0
Q04717,B202604717,P007,2025-10-18,Assay,99.59,98.8,Passed,None,0
Q04718,B202504718,P005,2025-03-13,Purity,98.27,98.24,Passed,None,0
Q04719,B202604719,P001,2025-06-30,Assay,98.59,95.85,Passed,None,0
Q04720,B202504720,P005,2025-02-14,Purity,100.6,98.35,Passed,None,0
Q04721,B202604721,P010,2025-10-13,Assay,98.12,97.73,Passed,None,0
Q04722,B202504722,P011,2025-12-14,Potency,98.18,97.9,Passed,None,0
Q04723,B202604723,P020,2025-06-13,Potency,98.11,95.9,Passed,None,0
Q04724,B202504724,P012,2026-01-16,Purity,98.63,96.86,Passed,None,0
Q04725,B202604725,P017,2025-06-27,Assay,100.13,97.8,Passed,None,0
Q04726,B202504726,P001,2025-01-21,Assay,95.15,95.14,Passed,None,0
Q04727,B202604727,P012,2026-07-07,Purity,101.43,98.15,Passed,None,0
Q04728,B202504728,P006,2026-03-11,Assay,98.67,96.81,Passed,None,0
Q04729,B202604729,P005,2026-07-16,Purity,96.96,95.03,Passed,None,0
Q04730,B202504730,P002,2025-05-17,Purity,100.98,97.8,Passed,None,0
Q04731,B202604731,P001,2025-11-22,Assay,99.35,95.77,Passed,None,0
Q04732,B202504732,P017,2026-07-08,Assay,98.14,96.84,Passed,None,0
Q04733,B202604733,P006,2026-06-26,Assay,97.97,96.16,Passed,None,0
Q04734,B202504734,P019,2026-06-07,Potency,97.48,95.86,Passed,None,0
Q04735,B202604735,P015,2026-04-25,Dissolution,99.45,98.15,Passed,None,0
Q04736,B202504736,P017,2025-02-18,Assay,99.18,98.17,Passed,None,0
Q04737,B202604737,P017,2025-12-19,Assay,99.19,96.71,Passed,None,0
Q04738,B202504738,P009,2026-05-07,Dissolution,99.27,98.22,Passed,None,0
Q04739,B202604739,P007,2025-11-12,Assay,102.3,97.86,Passed,None,0
Q04740,B202504740,P002,2025-01-04,Purity,101.26,98.17,Passed,None,0
Q04741,B202604741,P001,2026-02-16,Assay,97.05,98.76,Failed,Low Potency,949
Q04742,B202504742,P003,2025-02-10,Dissolution,98.1,97.76,Passed,None,0
Q04743,B202604743,P001,2026-06-23,Assay,96.88,95.36,Passed,None,0
Q04744,B202504744,P006,2026-07-19,Assay,101.17,98.89,Passed,None,0
Q04745,B202604745,P015,2026-04-17,Dissolution,102.03,97.48,Passed,None,0
Q04746,B202504746,P020,2026-05-03,Potency,99.84,98.76,Passed,None,0
Q04747,B202604747,P005,2025-03-26,Purity,97.43,95.14,Passed,None,0
Q04748,B202504748,P016,2025-05-11,Potency,98.93,97.63,Passed,None,0
Q04749,B202604749,P001,2025-03-06,Assay,96.54,95.36,Passed,None,0
Q04750,B202504750,P001,2026-02-25,Assay,98.9,97.16,Passed,None,0
Q04751,B202604751,P007,2025-11-23,Assay,99.94,97.92,Passed,None,0
Q04752,B202504752,P010,2026-03-24,Assay,96.42,96.8,Failed,Packaging Defect,74
Q04753,B202604753,P005,2025-08-21,Purity,99.38,96.38,Passed,None,0
Q04754,B202504754,P015,2025-11-06,Dissolution,96.58,95.4,Passed,None,0
Q04755,B202604755,P009,2026-04-16,Dissolution,99.15,96.96,Passed,None,0
Q04756,B202504756,P016,2025-07-30,Potency,97.92,96.51,Passed,None,0
Q04757,B202604757,P007,2026-03-19,Assay,102.38,95.66,Passed,None,0
Q04758,B202504758,P012,2025-07-27,Purity,99.13,97.14,Passed,None,0
Q04759,B202604759,P020,2026-05-26,Potency,97.16,95.25,Passed,None,0
Q04760,B202504760,P002,2026-05-20,Purity,97.78,97.36,Passed,None,0
Q04761,B202604761,P002,2025-02-18,Purity,93.96,96.71,Failed,High Impurity,802
Q04762,B202504762,P016,2025-03-07,Potency,97.04,97.18,Failed,Contamination,407
Q04763,B202604763,P015,2026-02-13,Dissolution,93.92,95.01,Failed,Dissolution Failure,182
Q04764,B202504764,P019,2026-04-21,Potency,93.71,95.08,Failed,Packaging Defect,85
Q04765,B202604765,P015,2025-04-24,Dissolution,98.12,96.05,Passed,None,0
Q04766,B202504766,P013,2025-05-30,Assay,97.46,95.37,Passed,None,0
Q04767,B202604767,P002,2025-12-16,Purity,93.0,96.24,Failed,High Impurity,336
Q04768,B202504768,P016,2025-06-28,Potency,99.29,98.67,Passed,None,0
Q04769,B202604769,P003,2025-06-06,Dissolution,95.44,97.73,Failed,High Impurity,740
Q04770,B202504770,P003,2025-07-16,Dissolution,92.35,95.14,Failed,Packaging Defect,141
Q04771,B202604771,P019,2026-05-13,Potency,94.52,97.79,Failed,Packaging Defect,901
Q04772,B202504772,P011,2025-08-31,Potency,98.22,97.68,Passed,None,0
Q04773,B202604773,P008,2026-07-09,Purity,94.07,97.43,Failed,Contamination,550
Q04774,B202504774,P016,2025-01-21,Potency,102.28,97.92,Passed,None,0
Q04775,B202604775,P010,2025-07-25,Assay,99.84,97.35,Passed,None,0
Q04776,B202504776,P016,2026-01-01,Potency,99.73,98.67,Passed,None,0
Q04777,B202604777,P019,2026-04-01,Potency,98.74,98.64,Passed,None,0
Q04778,B202504778,P004,2026-05-28,Assay,97.15,97.14,Passed,None,0
Q04779,B202604779,P005,2025-03-07,Purity,98.35,96.3,Passed,None,0
Q04780,B202504780,P003,2025-11-30,Dissolution,97.16,95.57,Passed,None,0
Q04781,B202604781,P007,2025-09-08,Assay,101.21,96.8,Passed,None,0
Q04782,B202504782,P001,2025-06-08,Assay,94.33,95.37,Failed,Low Potency,678
Q04783,B202604783,P017,2025-07-26,Assay,100.25,98.55,Passed,None,0
Q04784,B202504784,P011,2025-09-20,Potency,95.84,96.11,Failed,Packaging Defect,802
Q04785,B202604785,P020,2025-09-05,Potency,96.98,96.6,Passed,None,0
Q04786,B202504786,P010,2025-03-02,Assay,97.77,97.95,Failed,High Impurity,234
Q04787,B202604787,P013,2026-08-13,Assay,98.23,97.62,Passed,None,0
Q04788,B202504788,P012,2026-01-08,Purity,100.19,96.04,Passed,None,0
Q04789,B202604789,P012,2025-01-12,Purity,100.09,98.01,Passed,None,0
Q04790,B202504790,P014,2025-10-21,Purity,100.19,98.28,Passed,None,0
Q04791,B202604791,P016,2025-10-24,Potency,101.48,98.72,Passed,None,0
Q04792,B202504792,P004,2026-08-03,Assay,100.66,98.83,Passed,None,0
Q04793,B202604793,P008,2026-02-01,Purity,98.28,96.84,Passed,None,0
Q04794,B202504794,P011,2026-06-17,Potency,99.71,98.31,Passed,None,0
Q04795,B202604795,P012,2026-05-14,Purity,98.47,97.73,Passed,None,0
Q04796,B202504796,P015,2025-07-24,Dissolution,101.1,98.97,Passed,None,0
Q04797,B202604797,P013,2025-06-01,Assay,96.69,97.11,Failed,Low Potency,372
Q04798,B202504798,P016,2026-05-27,Potency,96.77,96.67,Passed,None,0
Q04799,B202604799,P003,2025-09-26,Dissolution,98.56,97.61,Passed,None,0
Q04800,B202504800,P012,2025-01-23,Purity,103.3,98.63,Passed,None,0
Q04801,B202604801,P019,2025-09-11,Potency,99.48,98.34,Passed,None,0
Q04802,B202504802,P014,2025-10-15,Purity,95.47,98.06,Failed,High Impurity,60
Q04803,B202604803,P002,2025-07-19,Purity,98.52,97.28,Passed,None,0
Q04804,B202504804,P009,2025-01-12,Dissolution,100.02,95.87,Passed,None,0
Q04805,B202604805,P005,2025-08-14,Purity,95.32,96.4,Failed,Dissolution Failure,924
Q04806,B202504806,P016,2026-05-09,Potency,97.7,97.53,Passed,None,0
Q04807,B202604807,P015,2026-07-20,Dissolution,101.23,98.38,Passed,None,0
Q04808,B202504808,P004,2025-07-01,Assay,97.1,97.69,Failed,High Impurity,368
Q04809,B202604809,P017,2025-02-13,Assay,98.49,96.72,Passed,None,0
Q04810,B202504810,P005,2025-04-24,Purity,94.17,95.68,Failed,Contamination,993
Q04811,B202604811,P008,2025-07-28,Purity,97.92,96.76,Passed,None,0
Q04812,B202504812,P006,2026-06-02,Assay,98.0,97.65,Passed,None,0
Q04813,B202604813,P017,2025-02-03,Assay,94.78,97.58,Failed,Contamination,943
Q04814,B202504814,P010,2025-11-21,Assay,99.05,97.99,Passed,None,0
Q04815,B202604815,P016,2025-06-13,Potency,94.96,96.34,Failed,Packaging Defect,312
Q04816,B202504816,P013,2025-02-18,Assay,101.65,97.95,Passed,None,0
Q04817,B202604817,P009,2026-02-01,Dissolution,96.77,95.92,Passed,None,0
Q04818,B202504818,P005,2025-10-07,Purity,98.25,96.99,Passed,None,0
Q04819,B202604819,P011,2025-10-19,Potency,99.23,95.78,Passed,None,0
Q04820,B202504820,P014,2026-08-15,Purity,96.06,98.43,Failed,High Impurity,735
Q04821,B202604821,P017,2025-07-08,Assay,94.9,95.57,Failed,Packaging Defect,641
Q04822,B202504822,P001,2026-04-09,Assay,96.17,96.71,Failed,Low Potency,721
Q04823,B202604823,P020,2025-06-18,Potency,93.69,96.68,Failed,Dissolution Failure,160
Q04824,B202504824,P009,2026-01-05,Dissolution,95.57,95.73,Failed,High Impurity,790
Q04825,B202604825,P020,2025-05-30,Potency,97.45,95.06,Passed,None,0
Q04826,B202504826,P017,2026-01-22,Assay,95.59,95.47,Passed,None,0
Q04827,B202604827,P011,2026-07-20,Potency,93.63,95.29,Failed,Low Potency,447
Q04828,B202504828,P014,2025-08-10,Purity,99.99,98.79,Passed,None,0
Q04829,B202604829,P020,2025-08-04,Potency,100.01,98.64,Passed,None,0
Q04830,B202504830,P017,2026-01-25,Assay,98.05,97.92,Passed,None,0
Q04831,B202604831,P020,2026-06-22,Potency,97.94,95.5,Passed,None,0
Q04832,B202504832,P003,2025-03-23,Dissolution,99.62,98.09,Passed,None,0
Q04833,B202604833,P018,2025-06-19,Purity,95.45,98.83,Failed,Contamination,255
Q04834,B202504834,P010,2025-03-06,Assay,98.5,97.21,Passed,None,0
Q04835,B202604835,P012,2025-11-01,Purity,100.1,98.78,Passed,None,0
Q04836,B202504836,P006,2026-02-16,Assay,99.78,98.94,Passed,None,0
Q04837,B202604837,P002,2026-02-23,Purity,91.97,95.82,Failed,High Impurity,65
Q04838,B202504838,P005,2026-01-27,Purity,99.94,97.82,Passed,None,0
Q04839,B202604839,P008,2025-10-22,Purity,100.74,97.6,Passed,None,0
Q04840,B202504840,P020,2026-07-04,Potency,99.6,98.47,Passed,None,0
Q04841,B202604841,P001,2026-07-17,Assay,95.39,98.0,Failed,High Impurity,929
Q04842,B202504842,P017,2025-11-02,Assay,95.57,95.89,Failed,High Impurity,612
Q04843,B202604843,P020,2026-01-01,Potency,103.06,96.62,Passed,None,0
Q04844,B202504844,P015,2025-03-29,Dissolution,99.05,98.68,Passed,None,0
Q04845,B202604845,P016,2025-08-22,Potency,99.34,95.3,Passed,None,0
Q04846,B202504846,P017,2026-03-31,Assay,96.78,95.13,Passed,None,0
Q04847,B202604847,P002,2025-05-25,Purity,95.49,95.99,Failed,Dissolution Failure,190
Q04848,B202504848,P011,2025-02-01,Potency,93.89,95.34,Failed,Dissolution Failure,813
Q04849,B202604849,P015,2026-08-11,Dissolution,95.82,95.68,Passed,None,0
Q04850,B202504850,P001,2026-06-23,Assay,97.41,96.65,Passed,None,0
Q04851,B202604851,P010,2025-12-14,Assay,99.74,97.08,Passed,None,0
Q04852,B202504852,P015,2026-01-04,Dissolution,101.04,97.56,Passed,None,0
Q04853,B202604853,P018,2025-12-08,Purity,99.03,96.97,Passed,None,0
Q04854,B202504854,P001,2026-01-27,Assay,95.57,95.23,Passed,None,0
Q04855,B202604855,P015,2026-01-09,Dissolution,99.38,96.68,Passed,None,0
Q04856,B202504856,P015,2025-12-18,Dissolution,95.47,96.94,Failed,High Impurity,122
Q04857,B202604857,P012,2025-01-13,Purity,97.24,96.52,Passed,None,0
Q04858,B202504858,P003,2025-09-16,Dissolution,98.51,96.37,Passed,None,0
Q04859,B202604859,P014,2025-08-23,Purity,98.24,95.28,Passed,None,0
Q04860,B202504860,P007,2025-09-28,Assay,101.77,97.54,Passed,None,0
Q04861,B202604861,P011,2025-11-04,Potency,97.4,97.28,Passed,None,0
Q04862,B202504862,P007,2025-06-03,Assay,95.46,96.22,Failed,Low Potency,842
Q04863,B202604863,P018,2025-09-20,Purity,98.51,98.87,Failed,Packaging Defect,118
Q04864,B202504864,P001,2026-01-22,Assay,95.45,97.48,Failed,Contamination,478
Q04865,B202604865,P011,2025-04-21,Potency,101.66,97.39,Passed,None,0
Q04866,B202504866,P009,2025-05-15,Dissolution,100.34,96.54,Passed,None,0
Q04867,B202604867,P008,2025-10-03,Purity,99.69,96.69,Passed,None,0
Q04868,B202504868,P005,2026-04-13,Purity,101.47,97.07,Passed,None,0
Q04869,B202604869,P017,2025-06-15,Assay,97.55,96.95,Passed,None,0
Q04870,B202504870,P018,2025-09-10,Purity,98.12,96.31,Passed,None,0
Q04871,B202604871,P017,2025-06-17,Assay,99.13,98.52,Passed,None,0
Q04872,B202504872,P008,2025-06-25,Purity,99.77,97.87,Passed,None,0
Q04873,B202604873,P009,2026-06-02,Dissolution,102.24,98.35,Passed,None,0
Q04874,B202504874,P007,2025-04-05,Assay,99.46,97.68,Passed,None,0
Q04875,B202604875,P007,2026-02-13,Assay,98.61,96.11,Passed,None,0
Q04876,B202504876,P016,2025-11-01,Potency,93.83,96.33,Failed,Low Potency,996
Q04877,B202604877,P016,2025-10-31,Potency,98.8,96.63,Passed,None,0
Q04878,B202504878,P007,2026-02-19,Assay,96.1,97.06,Failed,Low Potency,657
Q04879,B202604879,P002,2025-08-09,Purity,98.4,96.59,Passed,None,0
Q04880,B202504880,P019,2025-04-05,Potency,96.92,96.01,Passed,None,0
Q04881,B202604881,P002,2026-03-13,Purity,97.91,97.06,Passed,None,0
Q04882,B202504882,P009,2025-05-31,Dissolution,97.93,96.0,Passed,None,0
Q04883,B202604883,P019,2026-07-18,Potency,101.86,97.91,Passed,None,0
Q04884,B202504884,P014,2025-06-04,Purity,98.97,97.65,Passed,None,0
Q04885,B202604885,P013,2026-01-24,Assay,96.45,98.75,Failed,Dissolution Failure,876
Q04886,B202504886,P002,2025-10-31,Purity,96.22,96.33,Failed,Low Potency,74
Q04887,B202604887,P014,2025-01-23,Purity,98.23,97.78,Passed,None,0
Q04888,B202504888,P020,2025-01-09,Potency,94.42,95.69,Failed,Dissolution Failure,672
Q04889,B202604889,P016,2026-04-15,Potency,102.64,96.42,Passed,None,0
Q04890,B202504890,P020,2025-03-11,Potency,96.12,95.77,Passed,None,0
Q04891,B202604891,P020,2026-06-04,Potency,100.31,96.95,Passed,None,0
Q04892,B202504892,P018,2026-05-12,Purity,96.68,98.04,Failed,Low Potency,728
Q04893,B202604893,P009,2026-03-30,Dissolution,99.78,98.55,Passed,None,0
Q04894,B202504894,P010,2025-02-05,Assay,95.03,95.59,Failed,Contamination,224
Q04895,B202604895,P006,2026-04-14,Assay,98.41,96.94,Passed,None,0
Q04896,B202504896,P009,2026-03-22,Dissolution,99.05,98.68,Passed,None,0
Q04897,B202604897,P015,2026-01-31,Dissolution,97.2,98.53,Failed,Contamination,760
Q04898,B202504898,P007,2025-06-26,Assay,101.49,98.85,Passed,None,0
Q04899,B202604899,P004,2025-09-30,Assay,92.35,96.43,Failed,Contamination,791
Q04900,B202504900,P009,2025-01-14,Dissolution,100.17,98.59,Passed,None,0
Q04901,B202604901,P014,2026-01-29,Purity,99.03,98.02,Passed,None,0
Q04902,B202504902,P011,2025-04-08,Potency,96.88,95.15,Passed,None,0
Q04903,B202604903,P017,2025-04-18,Assay,98.92,98.64,Passed,None,0
Q04904,B202504904,P017,2025-07-29,Assay,102.35,97.31,Passed,None,0
Q04905,B202604905,P009,2025-06-04,Dissolution,99.6,96.88,Passed,None,0
Q04906,B202504906,P006,2026-04-14,Assay,95.61,95.82,Failed,Packaging Defect,719
Q04907,B202604907,P014,2026-05-03,Purity,97.36,96.14,Passed,None,0
Q04908,B202504908,P010,2025-08-26,Assay,98.18,98.63,Failed,Dissolution Failure,983
Q04909,B202604909,P013,2025-08-17,Assay,93.95,95.35,Failed,High Impurity,810
Q04910,B202504910,P019,2025-11-15,Potency,98.57,95.41,Passed,None,0
Q04911,B202604911,P007,2026-04-03,Assay,96.37,96.82,Failed,Dissolution Failure,256
Q04912,B202504912,P005,2025-08-03,Purity,102.57,97.0,Passed,None,0
Q04913,B202604913,P018,2025-07-21,Purity,98.42,97.43,Passed,None,0
Q04914,B202504914,P012,2026-08-14,Purity,97.89,97.65,Passed,None,0
Q04915,B202604915,P004,2026-08-19,Assay,99.98,95.74,Passed,None,0
Q04916,B202504916,P015,2026-05-19,Dissolution,98.66,96.13,Passed,None,0
Q04917,B202604917,P009,2025-08-17,Dissolution,95.1,97.11,Failed,High Impurity,938
Q04918,B202504918,P007,2025-01-10,Assay,98.69,98.52,Passed,None,0
Q04919,B202604919,P006,2025-02-13,Assay,97.21,95.65,Passed,None,0
Q04920,B202504920,P005,2025-10-27,Purity,96.61,95.91,Passed,None,0
Q04921,B202604921,P009,2025-08-19,Dissolution,101.54,97.93,Passed,None,0
Q04922,B202504922,P002,2026-02-01,Purity,99.66,96.82,Passed,None,0
Q04923,B202604923,P006,2025-10-28,Assay,97.25,95.67,Passed,None,0
Q04924,B202504924,P016,2026-07-17,Potency,100.85,98.98,Passed,None,0
Q04925,B202604925,P012,2025-07-10,Purity,96.31,95.06,Passed,None,0
Q04926,B202504926,P014,2025-11-25,Purity,99.66,96.22,Passed,None,0
Q04927,B202604927,P007,2026-04-27,Assay,97.38,95.92,Passed,None,0
Q04928,B202504928,P020,2026-02-02,Potency,98.96,97.12,Passed,None,0
Q04929,B202604929,P014,2025-05-17,Purity,97.71,95.43,Passed,None,0
Q04930,B202504930,P002,2026-02-04,Purity,99.9,96.28,Passed,None,0
Q04931,B202604931,P002,2025-11-12,Purity,97.45,97.22,Passed,None,0
Q04932,B202504932,P005,2026-07-17,Purity,100.4,97.29,Passed,None,0
Q04933,B202604933,P019,2025-09-09,Potency,99.1,96.23,Passed,None,0
Q04934,B202504934,P006,2026-06-22,Assay,90.86,95.61,Failed,High Impurity,410
Q04935,B202604935,P014,2025-09-18,Purity,96.87,96.59,Passed,None,0
Q04936,B202504936,P001,2025-09-22,Assay,93.83,97.28,Failed,Dissolution Failure,969
Q04937,B202604937,P003,2025-04-24,Dissolution,96.68,96.71,Failed,Packaging Defect,441
Q04938,B202504938,P014,2025-09-15,Purity,100.9,96.92,Passed,None,0
Q04939,B202604939,P002,2026-03-12,Purity,98.3,95.83,Passed,None,0
Q04940,B202504940,P016,2025-03-22,Potency,96.74,97.61,Failed,Low Potency,910
Q04941,B202604941,P018,2025-01-21,Purity,97.06,95.54,Passed,None,0
Q04942,B202504942,P012,2025-03-16,Purity,99.1,98.34,Passed,None,0
Q04943,B202604943,P011,2025-11-05,Potency,97.29,95.59,Passed,None,0
Q04944,B202504944,P015,2025-04-30,Dissolution,100.39,96.41,Passed,None,0
Q04945,B202604945,P004,2025-05-05,Assay,99.61,96.22,Passed,None,0
Q04946,B202504946,P018,2025-07-23,Purity,100.93,98.05,Passed,None,0
Q04947,B202604947,P015,2026-04-15,Dissolution,98.8,97.33,Passed,None,0
Q04948,B202504948,P003,2025-07-02,Dissolution,93.6,96.26,Failed,Low Potency,446
Q04949,B202604949,P001,2026-07-29,Assay,99.45,95.12,Passed,None,0
Q04950,B202504950,P016,2026-05-26,Potency,97.0,95.59,Passed,None,0
Q04951,B202604951,P003,2025-03-08,Dissolution,98.85,97.42,Passed,None,0
Q04952,B202504952,P002,2026-04-08,Purity,99.15,97.59,Passed,None,0
Q04953,B202604953,P018,2025-04-30,Purity,97.24,95.91,Passed,None,0
Q04954,B202504954,P012,2025-12-20,Purity,99.24,98.56,Passed,None,0
Q04955,B202604955,P012,2025-09-27,Purity,101.04,96.89,Passed,None,0
Q04956,B202504956,P007,2025-11-16,Assay,95.8,95.1,Passed,None,0
Q04957,B202604957,P007,2025-10-02,Assay,96.02,96.46,Failed,Dissolution Failure,974
Q04958,B202504958,P010,2026-05-08,Assay,101.58,98.69,Passed,None,0
Q04959,B202604959,P009,2025-12-04,Dissolution,93.76,96.58,Failed,Low Potency,984
Q04960,B202504960,P020,2025-10-19,Potency,96.94,97.3,Failed,Dissolution Failure,762
Q04961,B202604961,P018,2025-04-02,Purity,99.63,95.5,Passed,None,0
Q04962,B202504962,P007,2026-02-08,Assay,101.14,97.53,Passed,None,0
Q04963,B202604963,P004,2025-09-03,Assay,95.32,98.48,Failed,Dissolution Failure,556
Q04964,B202504964,P013,2026-02-04,Assay,99.61,98.33,Passed,None,0
Q04965,B202604965,P010,2025-01-02,Assay,96.64,96.85,Failed,Contamination,245
Q04966,B202504966,P019,2025-06-23,Potency,95.99,97.5,Failed,High Impurity,80
Q04967,B202604967,P011,2026-08-10,Potency,93.78,97.09,Failed,Low Potency,179
Q04968,B202504968,P016,2025-07-11,Potency,94.21,96.76,Failed,Contamination,522
Q04969,B202604969,P005,2025-08-11,Purity,97.95,95.01,Passed,None,0
Q04970,B202504970,P009,2025-02-05,Dissolution,99.56,98.73,Passed,None,0
Q04971,B202604971,P014,2026-02-07,Purity,99.57,98.7,Passed,None,0
Q04972,B202504972,P009,2026-07-31,Dissolution,100.41,96.54,Passed,None,0
Q04973,B202604973,P015,2025-12-11,Dissolution,98.46,97.65,Passed,None,0
Q04974,B202504974,P014,2026-05-28,Purity,97.83,95.79,Passed,None,0
Q04975,B202604975,P008,2025-03-09,Purity,100.03,98.83,Passed,None,0
Q04976,B202504976,P010,2026-06-23,Assay,97.46,96.69,Passed,None,0
Q04977,B202604977,P010,2026-07-16,Assay,98.67,95.5,Passed,None,0
Q04978,B202504978,P001,2025-05-16,Assay,102.3,97.54,Passed,None,0
Q04979,B202604979,P020,2025-05-12,Potency,95.47,95.09,Passed,None,0
Q04980,B202504980,P013,2025-09-25,Assay,96.61,95.74,Passed,None,0
Q04981,B202604981,P010,2025-04-08,Assay,99.11,96.09,Passed,None,0
Q04982,B202504982,P005,2026-07-31,Purity,97.81,96.61,Passed,None,0
Q04983,B202604983,P016,2025-09-12,Potency,98.1,98.01,Passed,None,0
Q04984,B202504984,P013,2026-04-13,Assay,96.91,97.1,Failed,Packaging Defect,403
Q04985,B202604985,P010,2026-04-08,Assay,98.16,96.75,Passed,None,0
Q04986,B202504986,P001,2025-12-08,Assay,99.03,98.22,Passed,None,0
Q04987,B202604987,P016,2026-02-18,Potency,97.59,98.7,Failed,Contamination,593
Q04988,B202504988,P008,2025-03-04,Purity,99.04,95.26,Passed,None,0
Q04989,B202604989,P017,2025-07-18,Assay,97.08,97.46,Failed,Packaging Defect,222
Q04990,B202504990,P001,2025-04-11,Assay,96.55,95.61,Passed,None,0
Q04991,B202604991,P013,2025-06-05,Assay,99.27,98.52,Passed,None,0
Q04992,B202504992,P020,2025-07-13,Potency,94.36,95.29,Failed,Contamination,456
Q04993,B202604993,P009,2025-07-10,Dissolution,99.35,97.23,Passed,None,0
Q04994,B202504994,P012,2026-04-23,Purity,103.45,98.93,Passed,None,0
Q04995,B202604995,P006,2026-03-18,Assay,97.31,97.72,Failed,Packaging Defect,276
Q04996,B202504996,P007,2025-10-10,Assay,97.66,96.44,Passed,None,0
Q04997,B202604997,P020,2026-01-19,Potency,97.52,95.32,Passed,None,0
Q04998,B202504998,P006,2026-04-08,Assay,98.93,96.91,Passed,None,0
Q04999,B202604999,P015,2025-05-05,Dissolution,96.04,97.12,Failed,Low Potency,475
Q05000,B202505000,P013,2025-10-22,Assay,99.33,98.99,Passed,None,0
